doi_r,doi_clean,doi_repaired,replication_title,replication_year,field,discipline,cause,ours_already,oa_found,oa_id,canon_doi,oa_year,oa_type,has_abstract,abstract_len,gate_title,gate_abstract,gate_concept,gate_pass,sibling_in_pool,repaired_in_pool,in_pool_by_id,crossref_status
10.1001/archgenpsychiatry.2009.155,10.1001/archgenpsychiatry.2009.155,10.1001/archgenpsychiatry.2009.155,Association of the Glutamate Transporter Gene SLC1A1 With Atypical Antipsychotics–Induced Obsessive-compulsive Symptoms,2009,biological sciences,medical fields,G_gate_miss_with_abstract,False,True,https://openalex.org/W1969063946,10.1001/archgenpsychiatry.2009.155,2009.0,article,True,2253.0,False,False,False,False,False,False,False,
10.1001/archgenpsychiatry.2010.51,10.1001/archgenpsychiatry.2010.51,10.1001/archgenpsychiatry.2010.51,Genetic and Environmental Influences on Disordered Gambling in Men and Women,2010,biological sciences,biology,G_gate_miss_with_abstract,False,True,https://openalex.org/W2095679930,10.1001/archgenpsychiatry.2010.51,2010.0,article,True,1577.0,False,False,False,False,False,False,False,
10.1001/archgenpsychiatry.2010.94,10.1001/archgenpsychiatry.2010.94,10.1001/archgenpsychiatry.2010.94,Brain Function in Carriers of a Genome-wide Supported Bipolar Disorder Variant,2010,biological sciences,neuroscience,G_gate_miss_with_abstract,False,True,https://openalex.org/W2147763080,10.1001/archgenpsychiatry.2010.94,2010.0,article,True,1988.0,False,False,False,False,False,False,False,
10.1001/archinte.168.16.1791,10.1001/archinte.168.16.1791,10.1001/archinte.168.16.1791,Physical Activity and the Association of Common FTO Gene Variants With Body Mass Index and Obesity,2008,biological sciences,biology,G_gate_miss_with_abstract,False,True,https://openalex.org/W2010505352,10.1001/archinte.168.16.1791,2008.0,article,True,1846.0,False,False,False,False,False,False,False,
10.1001/archneur.63.9.1250,10.1001/archneur.63.9.1250,10.1001/archneur.63.9.1250,Clinical Features of Parkinson Disease Patients With Homozygous Leucine-Rich Repeat Kinase 2 G2019S Mutations,2006,biological sciences,medical fields,G_gate_miss_with_abstract,False,True,https://openalex.org/W2159300982,10.1001/archneur.63.9.1250,2006.0,article,True,945.0,False,False,False,False,False,False,False,
10.1001/archneurol.2009.101,10.1001/archneurol.2009.101,10.1001/archneurol.2009.101,Implication of Sex and SORL1 Variants in Italian Patients With Alzheimer Disease,2009,biological sciences,medical fields,G_gate_miss_with_abstract,False,True,https://openalex.org/W2028857633,10.1001/archneurol.2009.101,2009.0,article,True,1561.0,False,False,False,False,False,False,False,
10.1001/archneurol.2010.201,10.1001/archneurol.2010.201,10.1001/archneurol.2010.201,"Meta-analysis Confirms CR1, CLU, and PICALM as Alzheimer Disease Risk Loci and Reveals Interactions With APOE Genotypes",2010,biological sciences,medical fields,G_gate_miss_with_abstract,False,True,https://openalex.org/W2171610997,10.1001/archneurol.2010.201,2010.0,article,True,1687.0,False,False,False,False,False,False,False,
10.1001/archneurol.2010.350,10.1001/archneurol.2010.350,10.1001/archneurol.2010.350,Association of TMEM106B Gene Polymorphism With Age at Onset in Granulin Mutation Carriers and Plasma Granulin Protein Levels,2011,biological sciences,neuroscience,G_gate_miss_with_abstract,False,True,https://openalex.org/W1994089264,10.1001/archneurol.2010.350,2011.0,article,True,1775.0,False,False,False,False,False,False,False,
10.1001/archneurol.2011.646,10.1001/archneurol.2011.646,10.1001/archneurol.2011.646,A Comprehensive Genetic Association Study of Alzheimer Disease in African Americans,2011,biological sciences,medical fields,G_gate_miss_with_abstract,False,True,https://openalex.org/W2127072914,10.1001/archneurol.2011.646,2011.0,article,True,1758.0,False,False,False,False,False,False,False,
10.1001/archophthalmol.2009.355,10.1001/archophthalmol.2009.355,10.1001/archophthalmol.2009.355,Association Between Erythropoietin Gene Polymorphisms and Diabetic Retinopathy,2010,biological sciences,medical fields,G_gate_miss_with_abstract,False,True,https://openalex.org/W2032044457,10.1001/archophthalmol.2009.355,2010.0,article,True,1557.0,False,False,False,False,False,False,False,
10.1001/archophthalmol.2010.261,10.1001/archophthalmol.2010.261,10.1001/archophthalmol.2010.261,Prospective Study of Common Variants in the Retinoic Acid Receptor–Related Orphan Receptor α Gene and Risk of Neovascular Age-Related Macular Degeneration,2010,biological sciences,medical fields,G_gate_miss_with_abstract,False,True,https://openalex.org/W2053335805,10.1001/archophthalmol.2010.261,2010.0,article,True,2045.0,False,False,False,False,False,False,False,
10.1001/archophthalmol.2010.349,10.1001/archophthalmol.2010.349,10.1001/archophthalmol.2010.349,An Investigation Into LOXL1 Variants in Black South African Individuals With Exfoliation Syndrome,2011,biological sciences,medical fields,G_gate_miss_with_abstract,False,True,https://openalex.org/W1984621406,10.1001/archophthalmol.2010.349,2011.0,article,True,1732.0,False,False,False,False,False,False,False,
10.1001/archpsyc.1965.01730010011002,10.1001/archpsyc.1965.01730010011002,10.1001/archpsyc.1965.01730010011002,Thought Disturbance in Schizophrenia,1965,biological sciences,medical fields,G_gate_miss_with_abstract,False,True,https://openalex.org/W2153520924,10.1001/archpsyc.1965.01730010011002,1965.0,article,True,988.0,False,False,False,False,False,False,False,
10.1001/jamaneurol.2013.4835,10.1001/jamaneurol.2013.4835,10.1001/jamaneurol.2013.4835,Effect of<i>TMEM106B</i>Polymorphism on Functional Network Connectivity in Asymptomatic<i>GRN</i>Mutation Carriers,2014,biological sciences,neuroscience,G_gate_miss_with_abstract,False,True,https://openalex.org/W2027911483,10.1001/jamaneurol.2013.4835,2013.0,article,True,1905.0,False,False,False,False,False,False,False,
10.1002/ab.21544,10.1002/ab.21544,10.1002/ab.21544,Face of a fighter: Bizygomatic width as a cue of formidability,2015,social sciences,psychology,G_gate_miss_with_abstract,False,True,https://openalex.org/W1672323191,10.1002/ab.21544,2014.0,article,True,924.0,False,False,False,False,False,False,False,
10.1002/ana.69,10.1002/ana.69,10.1002/ana.69,Genome scan of idiopathic generalized epilepsy: Evidence for major susceptibility gene and modifying genes influencing the seizure type,2001,biological sciences,medical fields,G_gate_miss_with_abstract,False,True,https://openalex.org/W2115179346,10.1002/ana.69,2001.0,article,True,1368.0,False,False,False,False,False,False,False,
10.1002/art.30320,10.1002/art.30320,10.1002/art.30320,Fine-mapping and transethnic genotyping establish IL2/IL21 genetic association with lupus and localize this genetic effect to IL21,2011,biological sciences,medical fields,G_gate_miss_with_abstract,False,True,https://openalex.org/W2089895116,10.1002/art.30320,2011.0,article,True,1886.0,False,False,False,False,False,False,False,
10.1002/bdm.1837,10.1002/bdm.1837,10.1002/bdm.1837,Social Context and the Dynamics of Cooperative Choice,2015,social sciences,psychology,G_gate_miss_with_abstract,False,True,https://openalex.org/W2152617494,10.1002/bdm.1837,2014.0,article,True,1037.0,False,False,False,False,False,False,False,
10.1002/bdm.370,10.1002/bdm.370,10.1002/bdm.370,The mental accounting of sunk time costs: why time is not like money,2001,social sciences,psychology,G_gate_miss_with_abstract,False,True,https://openalex.org/W2087190509,10.1002/bdm.370,2001.0,article,True,943.0,False,False,False,False,False,False,False,
10.1002/dev.20062,10.1002/dev.20062,10.1002/dev.20062,Handedness and specific language impairment: A study of 6-year-old twins,2005,social sciences,psychology,G_gate_miss_with_abstract,False,True,https://openalex.org/W2115760681,10.1002/dev.20062,2005.0,article,True,967.0,False,False,False,False,False,False,False,
10.1002/ejsp.2748,10.1002/ejsp.2748,10.1002/ejsp.2748,Disentangling the intergroup sensitivity effect: Defending the ingroup or enforcing general norms?,2021,social sciences,psychology,G_gate_miss_with_abstract,True,True,https://openalex.org/W3128258076,10.1002/ejsp.2748,2021.0,article,True,1097.0,False,False,False,False,False,False,False,
10.1002/hep.28322,10.1002/hep.28322,10.1002/hep.28322,DEPDC5 variants increase fibrosis progression in Europeans with chronic hepatitis C virus infection,2016,biological sciences,medical fields,G_gate_miss_with_abstract,False,True,https://openalex.org/W2269344449,10.1002/hep.28322,2015.0,article,True,1806.0,False,False,False,False,False,False,False,
10.1002/hep.31314,10.1002/hep.31314,10.1002/hep.31314,Estrogen Signaling and Portopulmonary Hypertension: The Pulmonary Vascular Complications of Liver Disease Study (PVCLD2),2021,biological sciences,medical fields,G_gate_miss_with_abstract,False,True,https://openalex.org/W3016427071,10.1002/hep.31314,2020.0,article,True,1586.0,False,False,False,False,False,False,False,
10.1002/hipo.23099,10.1002/hipo.23099,10.1002/hipo.23099,Evidence for age‐related deficits in object‐location binding during place recognition,2019,social sciences,psychology,G_gate_miss_with_abstract,False,True,https://openalex.org/W2944366527,10.1002/hipo.23099,2019.0,article,True,1316.0,False,False,False,False,False,False,False,
10.1002/humu.20209,10.1002/humu.20209,10.1002/humu.20209,Scanning of genetic effects of alcohol metabolism gene (<i>ADH1B</i>and<i>ADH1C</i>) polymorphisms on the risk of alcoholism,2005,biological sciences,medical fields,G_gate_miss_with_abstract,False,True,https://openalex.org/W2064873833,10.1002/humu.20209,2005.0,article,True,1739.0,False,False,False,False,False,False,False,
10.1002/humu.20989,10.1002/humu.20989,10.1002/humu.20989,No association between<i>CALHM1</i>variation and risk of Alzheimer disease,2009,biological sciences,medical fields,G_gate_miss_with_abstract,False,True,https://openalex.org/W1989703753,10.1002/humu.20989,2009.0,article,True,539.0,False,False,False,False,False,False,False,
10.1002/ijc.23453,10.1002/ijc.23453,10.1002/ijc.23453,"β‐Ionone suppresses mammary carcinogenesis, proliferative activity and induces apoptosis in the mammary gland of the Sprague‐Dawley rat",2008,biological sciences,biology,G_gate_miss_with_abstract,False,True,https://openalex.org/W2036722007,10.1002/ijc.23453,2008.0,article,True,1446.0,False,False,False,False,False,False,False,
10.1002/ijc.23471,10.1002/ijc.23471,10.1002/ijc.23471,Chromosome 8q24 markers: Risk of early‐onset and familial prostate cancer,2008,biological sciences,medical fields,G_gate_miss_with_abstract,False,True,https://openalex.org/W1996135972,10.1002/ijc.23471,2008.0,article,True,1760.0,False,False,False,False,False,False,False,
10.1002/jaba.86,10.1002/jaba.86,10.1002/jaba.86,Tact training versus bidirectional intraverbal training in teaching a foreign language,2014,social sciences,linguistics,G_gate_miss_with_abstract,False,True,https://openalex.org/W2143699540,10.1002/jaba.86,2013.0,article,True,501.0,False,False,False,False,False,False,False,
10.1002/jae.1078,10.1002/jae.1078,10.1002/jae.1078,Aggregation is not the solution: the PPP puzzle strikes back,2009,social sciences,economics,G_gate_miss_with_abstract,False,True,https://openalex.org/W2170301873,10.1002/jae.1078,2009.0,article,True,1083.0,False,False,False,False,False,False,False,
10.1002/jae.2446,10.1002/jae.2446,10.1002/jae.2446,Estimating Bayesian Decision Problems with Heterogeneous Expertise,2015,social sciences,economics,G_gate_miss_with_abstract,False,True,https://openalex.org/W2100599788,10.1002/jae.2446,2015.0,article,True,807.0,False,False,False,False,False,False,False,
10.1002/jae.2682,10.1002/jae.2682,10.1002/jae.2682,Ethnic capital and intergenerational transmission of educational attainment,2019,social sciences,economics,G_gate_miss_with_abstract,False,True,https://openalex.org/W2736178008,10.1002/jae.2682,2019.0,article,True,689.0,False,False,False,False,False,False,False,
10.1002/jgm.3055,10.1002/jgm.3055,10.1002/jgm.3055,Association between PTCH1 and RAD54B single‐nucleotide polymorphisms and non‐syndromic orofacial clefts in a northern Chinese population,2018,biological sciences,medical fields,G_gate_miss_with_abstract,False,True,https://openalex.org/W2889231689,10.1002/jgm.3055,2018.0,article,True,1624.0,False,False,False,False,False,False,False,
10.1002/jrsm.1298,10.1002/jrsm.1298,10.1002/jrsm.1298,Meta‐analysis and publication bias: How well does the FAT‐PET‐PEESE procedure work?,2018,social sciences,economics,G_gate_miss_with_abstract,False,True,https://openalex.org/W3121217785,10.1002/jrsm.1298,2018.0,article,True,1279.0,False,False,False,False,False,False,False,
10.1002/mgg3.290,10.1002/mgg3.290,10.1002/mgg3.290,"Identification and characterization of variants and a novel 4 bp deletion in the regulatory region of <i><scp>SIX</scp>6</i>, a risk factor for primary open‐angle glaucoma",2017,biological sciences,medical fields,G_gate_miss_with_abstract,False,True,https://openalex.org/W2608642385,10.1002/mgg3.290,2017.0,article,True,2252.0,False,False,False,False,False,False,False,
10.1002/per.853,10.1002/per.853,10.1002/per.853,Right–Wing Authoritarianism: Protective Factor against Or Risk Factor for Depression?,2012,social sciences,psychology,G_gate_miss_with_abstract,False,True,https://openalex.org/W2168563606,10.1002/per.853,2011.0,article,True,1342.0,False,False,False,False,False,False,False,
10.1006/jeem.1998.1025,10.1006/jeem.1998.1025,10.1006/jeem.1998.1025,Estimation Using Contingent Valuation Data from a “Dichotomous Choice with Follow-Up” Questionnaire: A Comment,1998,social sciences,economics,F_gate_miss_no_abstract,False,True,https://openalex.org/W2027147699,10.1006/jeem.1998.1025,1998.0,article,False,0.0,False,False,False,False,False,False,False,
10.1006/jmla.2000.2750,10.1006/jmla.2000.2750,10.1006/jmla.2000.2750,On the evidence for maturational constraints in second-language acquisition,2001,social sciences,linguistics,F_gate_miss_no_abstract,False,True,https://openalex.org/W1998703787,10.1006/jmla.2000.2750,2001.0,article,False,0.0,False,False,False,False,False,False,False,
10.1006/obhd.2000.2903,10.1006/obhd.2000.2903,10.1006/obhd.2000.2903,Contingent Weighting in Self-Other Decision Making,2000,social sciences,psychology,F_gate_miss_no_abstract,False,True,https://openalex.org/W2048196926,10.1006/obhd.2000.2903,2000.0,article,False,0.0,False,False,False,False,False,False,False,
10.1007/bf01071183,10.1007/bf01071183,10.1007/bf01071183,"Interaction of visual information, verbal information, and linguistic competence in the preschool-aged child",1979,social sciences,psychology,F_gate_miss_no_abstract,False,True,https://openalex.org/W1970000514,10.1007/bf01071183,1979.0,article,False,0.0,False,False,False,False,False,False,False,
10.1007/bf01928682,10.1007/bf01928682,10.1007/bf01928682,Hirngrössenvariation imFelis silvestris-Kreis,1972,biological sciences,biology,F_gate_miss_no_abstract,False,True,https://openalex.org/W200494900,10.1007/bf01928682,1972.0,article,False,0.0,False,False,False,False,False,False,False,
10.1007/bf02964598,10.1007/bf02964598,10.1007/bf02964598,Sex differences and bilateral electrodermal activity,1989,social sciences,psychology,F_gate_miss_no_abstract,False,True,https://openalex.org/W2396566314,10.1007/bf02964598,1989.0,article,False,0.0,False,False,False,False,False,False,False,
10.1007/bf03354076,10.1007/bf03354076,10.1007/bf03354076,Analysis of immunosuppressive activity of serial dilutions of histamine on human basophil activation by flow cytometry,1996,biological sciences,medical fields,F_gate_miss_no_abstract,False,True,https://openalex.org/W2078273815,10.1007/bf03354076,1996.0,article,False,0.0,False,False,False,False,False,False,False,
10.1007/bf03405038,10.1007/bf03405038,10.1007/bf03405038,Saskatchewan Public Health Nursing Survey,2002,biological sciences,medical fields,F_gate_miss_no_abstract,False,True,https://openalex.org/W1563024941,10.1007/bf03405038,2002.0,article,False,0.0,False,False,False,False,False,False,False,
10.1007/s00105-002-0469-y,10.1007/s00105-002-0469-y,10.1007/s00105-002-0469-y,Alexithymie und Somatisierung bei infertilen Männern,2003,biological sciences,medical fields,F_gate_miss_no_abstract,False,True,https://openalex.org/W1580077330,10.1007/s00105-002-0469-y,2003.0,article,False,0.0,False,False,False,False,False,False,False,
10.1007/s00125-006-0430-1,10.1007/s00125-006-0430-1,10.1007/s00125-006-0430-1,Polymorphisms in the gene encoding sterol regulatory element-binding factor-1c are associated with type 2 diabetes,2006,biological sciences,medical fields,F_gate_miss_no_abstract,False,True,https://openalex.org/W2145288609,10.1007/s00125-006-0430-1,2006.0,article,False,0.0,False,False,False,False,False,False,False,
10.1007/s00125-009-1290-2,10.1007/s00125-009-1290-2,10.1007/s00125-009-1290-2,"Association of GCKR rs780094, alone or in combination with GCK rs1799884, with type 2 diabetes and related traits in a Han Chinese population",2009,biological sciences,medical fields,F_gate_miss_no_abstract,False,True,https://openalex.org/W2159394707,10.1007/s00125-009-1290-2,2009.0,article,False,0.0,False,False,False,False,False,False,False,
10.1007/s00125-009-1595-1,10.1007/s00125-009-1595-1,10.1007/s00125-009-1595-1,"Common variants at the GCK, GCKR, G6PC2–ABCB11 and MTNR1B loci are associated with fasting glucose in two Asian populations",2010,biological sciences,biology,F_gate_miss_no_abstract,False,True,https://openalex.org/W1981452461,10.1007/s00125-009-1595-1,2009.0,article,False,0.0,False,False,False,False,False,False,False,
10.1007/s00125-011-2086-8,10.1007/s00125-011-2086-8,10.1007/s00125-011-2086-8,Association of genetic variants for susceptibility to obesity with type 2 diabetes in Japanese individuals,2011,biological sciences,biology,F_gate_miss_no_abstract,False,True,https://openalex.org/W2149921190,10.1007/s00125-011-2086-8,2011.0,article,False,0.0,False,False,False,False,False,False,False,
10.1007/s00125-016-3973-9,10.1007/s00125-016-3973-9,10.1007/s00125-016-3973-9,Excess maternal transmission of variants in the THADA gene to offspring with type 2 diabetes,2016,biological sciences,medical fields,F_gate_miss_no_abstract,False,True,https://openalex.org/W2345641276,10.1007/s00125-016-3973-9,2016.0,article,False,0.0,False,False,False,False,False,False,False,
10.1007/s00127-007-0170-7,10.1007/s00127-007-0170-7,10.1007/s00127-007-0170-7,The relationship between cognitive dysfunction and stress sensitivity in schizophrenia,2007,biological sciences,medical fields,F_gate_miss_no_abstract,True,True,https://openalex.org/W2400497228,10.1007/s00127-007-0170-7,2007.0,article,False,0.0,False,False,False,False,False,False,False,
10.1007/s00148-015-0558-8,10.1007/s00148-015-0558-8,10.1007/s00148-015-0558-8,"How natural disasters can affect environmental concerns, risk aversion, and even politics: evidence from Fukushima and three European countries",2015,social sciences,economics,F_gate_miss_no_abstract,False,True,https://openalex.org/W850474885,10.1007/s00148-015-0558-8,2015.0,article,False,0.0,False,False,False,False,False,False,False,
10.1007/s001480200137,10.1007/s001480200137,10.1007/s001480200137,A Comment on Ali Tas??ran's `Wage and income effects on the timing and spacing of births in Sweden and in the United States',2002,social sciences,economics,F_gate_miss_no_abstract,False,True,https://openalex.org/W2042775985,10.1007/s001480200137,2002.0,article,False,0.0,False,False,False,False,False,False,False,
10.1007/s00181-005-0242-z,10.1007/s00181-005-0242-z,10.1007/s00181-005-0242-z,A test of Hotelling’s Valuation Principle for nonrenewable resources,2005,social sciences,economics,F_gate_miss_no_abstract,False,True,https://openalex.org/W2060374055,10.1007/s00181-005-0242-z,2005.0,article,False,0.0,False,False,False,False,False,False,False,
10.1007/s00181-010-0435-y,10.1007/s00181-010-0435-y,10.1007/s00181-010-0435-y,Does extracting inflation from stock returns solve the purchasing power parity puzzle?,2010,social sciences,economics,F_gate_miss_no_abstract,False,True,https://openalex.org/W1989084922,10.1007/s00181-010-0435-y,2010.0,article,False,0.0,False,False,False,False,False,False,False,
10.1007/s00181-012-0604-2,10.1007/s00181-012-0604-2,10.1007/s00181-012-0604-2,Interaction effects in econometrics,2012,social sciences,economics,B_sibling_record_in_pool,False,True,https://openalex.org/W2005903872,10.1007/s00181-012-0604-2,2012.0,article,False,0.0,False,False,False,False,True,False,False,
10.1007/s00181-012-0663-4,10.1007/s00181-012-0663-4,10.1007/s00181-012-0663-4,A note on the robustness of Card and Krueger (1994) and Neumark and Wascher (2000),2012,social sciences,economics,F_gate_miss_no_abstract,False,True,https://openalex.org/W2069201872,10.1007/s00181-012-0663-4,2012.0,article,False,0.0,False,False,False,False,False,False,False,
10.1007/s00213-003-1558-z,10.1007/s00213-003-1558-z,10.1007/s00213-003-1558-z,Anxiolytic-like effects of NMDA/glycine-B receptor ligands are abolished during the elevated plus-maze trial 2 in rats,2003,biological sciences,medical fields,F_gate_miss_no_abstract,False,True,https://openalex.org/W1991828772,10.1007/s00213-003-1558-z,2003.0,article,False,0.0,False,False,False,False,False,False,False,
10.1007/s00213-012-2944-1,10.1007/s00213-012-2944-1,10.1007/s00213-012-2944-1,"Assessment of the impact of pattern of cocaine dosing schedule during conditioning and reconditioning on magnitude of cocaine CPP, extinction, and reinstatement",2013,biological sciences,neuroscience,F_gate_miss_no_abstract,False,True,https://openalex.org/W1994728231,10.1007/s00213-012-2944-1,2012.0,article,False,0.0,False,False,False,False,False,False,False,
10.1007/s00213-019-05314-z,10.1007/s00213-019-05314-z,10.1007/s00213-019-05314-z,"Alcohol, empathy, and morality: acute effects of alcohol consumption on affective empathy and moral decision-making",2019,social sciences,psychology,G_gate_miss_with_abstract,False,True,https://openalex.org/W2959879143,10.1007/s00213-019-05314-z,2019.0,article,True,1781.0,False,False,False,False,False,False,False,
10.1007/s00221-023-06580-2,10.1007/s00221-023-06580-2,10.1007/s00221-023-06580-2,"Faces, English words and Chinese characters: a study of dual-task interference in mono-and bilingual speakers",2023,social sciences,psychology,F_gate_miss_no_abstract,False,True,https://openalex.org/W4322720049,10.1007/s00221-023-06580-2,2023.0,article,False,0.0,False,False,False,False,False,False,False,
10.1007/s00296-009-0917-4,10.1007/s00296-009-0917-4,10.1007/s00296-009-0917-4,"DNase1 exon2 analysis in Tunisian patients with rheumatoid arthritis, systemic lupus erythematosus and Sjögren syndrome and healthy subjects",2009,biological sciences,medical fields,F_gate_miss_no_abstract,False,True,https://openalex.org/W2065245275,10.1007/s00296-009-0917-4,2009.0,article,False,0.0,False,False,False,False,False,False,False,
10.1007/s00296-009-1085-2,10.1007/s00296-009-1085-2,10.1007/s00296-009-1085-2,Single-nucleotide polymorphisms and expression of IL23R in Chinese ankylosing spondylitis patients,2010,biological sciences,medical fields,F_gate_miss_no_abstract,False,True,https://openalex.org/W2006619536,10.1007/s00296-009-1085-2,2009.0,article,False,0.0,False,False,False,False,False,False,False,
10.1007/s00296-010-1519-x,10.1007/s00296-010-1519-x,10.1007/s00296-010-1519-x,The PADI4 gene does not contribute to genetic susceptibility to rheumatoid arthritis in Chinese Han population,2011,biological sciences,medical fields,F_gate_miss_no_abstract,False,True,https://openalex.org/W1965910014,10.1007/s00296-010-1519-x,2010.0,article,False,0.0,False,False,False,False,False,False,False,
10.1007/s00296-010-1566-3,10.1007/s00296-010-1566-3,10.1007/s00296-010-1566-3,ANTXR2 and IL-1R2 polymorphisms are not associated with ankylosing spondylitis in Chinese Han population,2012,biological sciences,medical fields,F_gate_miss_no_abstract,True,True,https://openalex.org/W2064970184,10.1007/s00296-010-1566-3,2010.0,article,False,0.0,False,False,False,False,False,False,False,
10.1007/s00296-010-1589-9,10.1007/s00296-010-1589-9,10.1007/s00296-010-1589-9,Lack of association between Poly(ADP-ribose) polymerase (PARP) polymorphisms and rheumatoid arthritis in a Korean population,2012,biological sciences,medical fields,F_gate_miss_no_abstract,False,True,https://openalex.org/W2072873467,10.1007/s00296-010-1589-9,2010.0,article,False,0.0,False,False,False,False,False,False,False,
10.1007/s00296-010-1789-3,10.1007/s00296-010-1789-3,10.1007/s00296-010-1789-3,Different genetic effect of PXK on systemic lupus erythematosus in the Korean population,2012,biological sciences,medical fields,F_gate_miss_no_abstract,True,True,https://openalex.org/W2052160394,10.1007/s00296-010-1789-3,2011.0,article,False,0.0,False,False,False,False,False,False,False,
10.1007/s00406-002-0386-1,10.1007/s00406-002-0386-1,10.1007/s00406-002-0386-1,No association between the G308A polymorphism of the tumor necrosis factor-alpha gene and schizophrenia,2002,biological sciences,medical fields,F_gate_miss_no_abstract,False,True,https://openalex.org/W1967143685,10.1007/s00406-002-0386-1,2002.0,article,False,0.0,False,False,False,False,False,False,False,
10.1007/s00406-004-0545-7,10.1007/s00406-004-0545-7,10.1007/s00406-004-0545-7,Polymorphisms in the NMDA subunit 2B are not associated with alcohol dependence and alcohol withdrawal?induced seizures and delirium tremens,2005,biological sciences,medical fields,F_gate_miss_no_abstract,False,True,https://openalex.org/W1975236473,10.1007/s00406-004-0545-7,2004.0,article,False,0.0,False,False,False,False,False,False,False,
10.1007/s00406-005-0620-8,10.1007/s00406-005-0620-8,10.1007/s00406-005-0620-8,Dissociation and symptom dimensions of obsessive–compulsive disorder,2006,biological sciences,medical fields,F_gate_miss_no_abstract,False,True,https://openalex.org/W1484434935,10.1007/s00406-005-0620-8,2005.0,article,False,0.0,False,False,False,False,False,False,False,
10.1007/s00406-007-0729-z,10.1007/s00406-007-0729-z,10.1007/s00406-007-0729-z,Exploration of irony appreciation in schizophrenia,2007,biological sciences,medical fields,F_gate_miss_no_abstract,False,True,https://openalex.org/W1546007264,10.1007/s00406-007-0729-z,2007.0,article,False,0.0,False,False,False,False,False,False,False,
10.1007/s00406-019-01040-x,10.1007/s00406-019-01040-x,10.1007/s00406-019-01040-x,Divergence of an association between depressive symptoms and a dopamine polygenic score in Caucasians and Asians,2020,biological sciences,neuroscience,F_gate_miss_no_abstract,False,True,https://openalex.org/W2958906196,10.1007/s00406-019-01040-x,2019.0,article,False,0.0,False,False,False,False,False,False,False,
10.1007/s00415-020-10312-9,10.1007/s00415-020-10312-9,10.1007/s00415-020-10312-9,"Serum vitamin D, vitamin D receptor and binding protein genes polymorphisms in restless legs syndrome",2021,biological sciences,medical fields,F_gate_miss_no_abstract,False,True,https://openalex.org/W3104311101,10.1007/s00415-020-10312-9,2020.0,article,False,0.0,False,False,False,False,False,False,False,
10.1007/s00426-018-1109-1,10.1007/s00426-018-1109-1,10.1007/s00426-018-1109-1,No evaluative conditioning effects with briefly presented stimuli,2020,social sciences,psychology,B_sibling_record_in_pool,False,True,https://openalex.org/W2803133096,10.1007/s00426-018-1109-1,2018.0,article,True,1339.0,False,True,False,True,True,False,False,
10.1007/s00426-022-01766-9,10.1007/s00426-022-01766-9,10.1007/s00426-022-01766-9,Differential relationships between thought dimensions and momentary affect in daily life,2023,social sciences,psychology,F_gate_miss_no_abstract,False,True,https://openalex.org/W4309080538,10.1007/s00426-022-01766-9,2022.0,article,False,0.0,False,False,False,False,False,False,False,
10.1007/s00429-013-0552-4,10.1007/s00429-013-0552-4,10.1007/s00429-013-0552-4,Sex-specific gray matter volume differences in females with developmental dyslexia,2014,biological sciences,neuroscience,F_gate_miss_no_abstract,False,True,https://openalex.org/W2089242090,10.1007/s00429-013-0552-4,2013.0,article,False,0.0,False,False,False,False,False,False,False,
10.1007/s00439-009-0754-2,10.1007/s00439-009-0754-2,10.1007/s00439-009-0754-2,Genetic variants in the RELN gene are associated with otosclerosis in multiple European populations,2010,biological sciences,biology,F_gate_miss_no_abstract,False,True,https://openalex.org/W1990345803,10.1007/s00439-009-0754-2,2009.0,article,False,0.0,False,False,False,False,False,False,False,
10.1007/s00439-010-0878-4,10.1007/s00439-010-0878-4,10.1007/s00439-010-0878-4,A large-scale candidate gene association study of age at menarche and age at natural menopause,2010,biological sciences,biology,F_gate_miss_no_abstract,False,True,https://openalex.org/W1988427374,10.1007/s00439-010-0878-4,2010.0,article,False,0.0,False,False,False,False,False,False,False,
10.1007/s00439-014-1502-9,10.1007/s00439-014-1502-9,10.1007/s00439-014-1502-9,NOD2 and CCDC122-LACC1 genes are associated with leprosy susceptibility in Brazilians,2014,biological sciences,biology,F_gate_miss_no_abstract,True,True,https://openalex.org/W2053201106,10.1007/s00439-014-1502-9,2014.0,article,False,0.0,False,False,False,False,False,False,False,
10.1007/s00455-002-0054-7,10.1007/s00455-002-0054-7,10.1007/s00455-002-0054-7,Aspiration Risk After Acute Stroke: Comparison of Clinical Examination and Fiberoptic Endoscopic Evaluation of Swallowing,2002,biological sciences,medical fields,F_gate_miss_no_abstract,False,True,https://openalex.org/W2071443172,10.1007/s00455-002-0054-7,2002.0,article,False,0.0,False,False,False,False,False,False,False,
10.1007/s00455-013-9488-3,10.1007/s00455-013-9488-3,10.1007/s00455-013-9488-3,Validation of the Yale Swallow Protocol: A Prospective Double-Blinded Videofluoroscopic Study,2014,biological sciences,medical fields,F_gate_miss_no_abstract,True,True,https://openalex.org/W2020105398,10.1007/s00455-013-9488-3,2013.0,article,False,0.0,False,False,False,False,False,False,False,
10.1007/s00455-013-9501-x,10.1007/s00455-013-9501-x,10.1007/s00455-013-9501-x,Event Sequence Variability in Healthy Swallowing: Building on Previous Findings,2014,biological sciences,medical fields,F_gate_miss_no_abstract,False,True,https://openalex.org/W2059055232,10.1007/s00455-013-9501-x,2014.0,article,False,0.0,False,False,False,False,False,False,False,
10.1007/s00702-011-0641-6,10.1007/s00702-011-0641-6,10.1007/s00702-011-0641-6,Striatal β-amyloid in dementia with Lewy bodies but not Parkinson’s disease,2011,biological sciences,neuroscience,F_gate_miss_no_abstract,False,True,https://openalex.org/W1971001612,10.1007/s00702-011-0641-6,2011.0,article,False,0.0,False,False,False,False,False,False,False,
10.1007/s00787-005-0434-2,10.1007/s00787-005-0434-2,10.1007/s00787-005-0434-2,The Strange Stories test,2005,biological sciences,medical fields,F_gate_miss_no_abstract,False,True,https://openalex.org/W1974799089,10.1007/s00787-005-0434-2,2005.0,article,False,0.0,False,False,False,False,False,False,False,
10.1007/s00787-008-0702-z,10.1007/s00787-008-0702-z,10.1007/s00787-008-0702-z,Treatment of oppositional defiant and conduct problems in young Norwegian children,2008,social sciences,psychology,F_gate_miss_no_abstract,False,True,https://openalex.org/W1571002090,10.1007/s00787-008-0702-z,2008.0,article,False,0.0,False,False,False,False,False,False,False,
10.1007/s10067-020-04995-8,10.1007/s10067-020-04995-8,10.1007/s10067-020-04995-8,A novel variant near LSP1P3 is associated with knee osteoarthritis in the Chinese population,2020,biological sciences,medical fields,F_gate_miss_no_abstract,True,True,https://openalex.org/W3007113477,10.1007/s10067-020-04995-8,2020.0,article,False,0.0,False,False,False,False,False,False,False,
10.1007/s10071-014-0730-7,10.1007/s10071-014-0730-7,10.1007/s10071-014-0730-7,"Gambling primates: reactions to a modified Iowa Gambling Task in humans, chimpanzees and capuchin monkeys",2014,social sciences,psychology,F_gate_miss_no_abstract,False,True,https://openalex.org/W2164040325,10.1007/s10071-014-0730-7,2014.0,article,False,0.0,False,False,False,False,False,False,False,
10.1007/s10339-021-01061-2,10.1007/s10339-021-01061-2,10.1007/s10339-021-01061-2,Implicit evidence on the dissociation of identity and emotion recognition,2022,social sciences,psychology,F_gate_miss_no_abstract,False,True,https://openalex.org/W3204534193,10.1007/s10339-021-01061-2,2021.0,article,False,0.0,False,False,False,False,False,False,False,
10.1007/s10368-011-0193-0,10.1007/s10368-011-0193-0,10.1007/s10368-011-0193-0,The resource drag,2011,social sciences,economics,F_gate_miss_no_abstract,False,True,https://openalex.org/W2020389509,10.1007/s10368-011-0193-0,2011.0,article,False,0.0,False,False,False,False,False,False,False,
10.1007/s10461-014-0708-0,10.1007/s10461-014-0708-0,10.1007/s10461-014-0708-0,Optimism and Education Buffer the Effects of Syndemic Conditions on HIV Status Among African American Men Who Have Sex with Men,2014,biological sciences,medical fields,F_gate_miss_no_abstract,False,True,https://openalex.org/W1970392904,10.1007/s10461-014-0708-0,2014.0,article,False,0.0,False,False,False,False,False,False,False,
10.1007/s10490-009-9161-4,10.1007/s10490-009-9161-4,10.1007/s10490-009-9161-4,"CEO duality, organizational slack, and firm performance in China",2010,social sciences,business & management,F_gate_miss_no_abstract,False,True,https://openalex.org/W2068792864,10.1007/s10490-009-9161-4,2009.0,article,False,0.0,False,False,False,False,False,False,False,
10.1007/s10508-017-0993-6,10.1007/s10508-017-0993-6,10.1007/s10508-017-0993-6,Have Mischievous Responders Misidentified Sexual Minority Youth Disparities in the National Longitudinal Study of Adolescent to Adult Health?,2018,social sciences,psychology,F_gate_miss_no_abstract,False,True,https://openalex.org/W2611220416,10.1007/s10508-017-0993-6,2017.0,article,False,0.0,False,False,False,False,False,False,False,
10.1007/s10508-021-01992-z,10.1007/s10508-021-01992-z,10.1007/s10508-021-01992-z,Mate Retention Behavior and Ejaculate Quality in Humans,2021,social sciences,psychology,F_gate_miss_no_abstract,False,True,https://openalex.org/W3208152786,10.1007/s10508-021-01992-z,2021.0,article,False,0.0,False,False,False,False,False,False,False,
10.1007/s10508-024-03030-0,10.1007/s10508-024-03030-0,10.1007/s10508-024-03030-0,Ejaculate Adjustment in Response to Sperm Competition Risk in Humans,2025,social sciences,psychology,F_gate_miss_no_abstract,False,True,https://openalex.org/W4404058042,10.1007/s10508-024-03030-0,2024.0,article,False,0.0,False,False,False,False,False,False,False,
10.1007/s10519-014-9653-y,10.1007/s10519-014-9653-y,10.1007/s10519-014-9653-y,Examination of Genetic Variation in GABRA2 with Conduct Disorder and Alcohol Abuse and Dependence in a Longitudinal Study,2014,biological sciences,medical fields,F_gate_miss_no_abstract,False,True,https://openalex.org/W1965505068,10.1007/s10519-014-9653-y,2014.0,article,False,0.0,False,False,False,False,False,False,False,
10.1007/s10528-025-11081-8,10.1007/s10528-025-11081-8,10.1007/s10528-025-11081-8,Both Fetal and Maternal Genotypes Affect Preeclampsia Pathogenesis in Iranian Patients,2026,biological sciences,medical fields,F_gate_miss_no_abstract,False,True,https://openalex.org/W4408413765,10.1007/s10528-025-11081-8,2025.0,article,False,0.0,False,False,False,False,False,False,False,
10.1007/s10565-007-9004-3,10.1007/s10565-007-9004-3,10.1007/s10565-007-9004-3,Modulation of multidrug resistance protein (MRP1/ABCC1) expression: a novel physiological role for ouabain,2007,biological sciences,medical fields,F_gate_miss_no_abstract,False,True,https://openalex.org/W2056601433,10.1007/s10565-007-9004-3,2007.0,article,False,0.0,False,False,False,False,False,False,False,
10.1007/s10648-015-9332-4,10.1007/s10648-015-9332-4,10.1007/s10648-015-9332-4,Student Instruction Should Be Distributed Over Long Time Periods,2015,social sciences,psychology,F_gate_miss_no_abstract,False,True,https://openalex.org/W2186644849,10.1007/s10648-015-9332-4,2015.0,article,False,0.0,False,False,False,False,False,False,False,
10.1007/s10649-007-9083-3,10.1007/s10649-007-9083-3,10.1007/s10649-007-9083-3,Impact of authenticity on sense making in word problem solving,2008,social sciences,education,F_gate_miss_no_abstract,False,True,https://openalex.org/W1991295121,10.1007/s10649-007-9083-3,2007.0,article,False,0.0,False,False,False,False,False,False,False,
10.1007/s10803-006-0280-1,10.1007/s10803-006-0280-1,10.1007/s10803-006-0280-1,The Autism Diagnostic Observation Schedule: Revised Algorithms for Improved Diagnostic Validity,2006,social sciences,psychology,F_gate_miss_no_abstract,False,True,https://openalex.org/W1964011803,10.1007/s10803-006-0280-1,2006.0,article,False,0.0,False,False,False,False,False,False,False,
10.1007/s10803-020-04478-4,10.1007/s10803-020-04478-4,10.1007/s10803-020-04478-4,"Mentalising Moderates the Link between Autism Traits and Current Gender Dysphoric Features in Primarily Non-autistic, Cisgender Individuals",2020,social sciences,psychology,G_gate_miss_with_abstract,False,True,https://openalex.org/W3014940477,10.1007/s10803-020-04478-4,2020.0,article,True,837.0,False,False,False,False,False,False,False,
10.1007/s10857-019-09443-2,10.1007/s10857-019-09443-2,10.1007/s10857-019-09443-2,Mathematical content knowledge and knowledge for teaching: exploring their distinguishability and contribution to student learning,2019,social sciences,education,F_gate_miss_no_abstract,True,True,https://openalex.org/W2968618461,10.1007/s10857-019-09443-2,2019.0,article,False,0.0,False,False,False,False,False,False,False,
10.1007/s10864-016-9252-5,10.1007/s10864-016-9252-5,10.1007/s10864-016-9252-5,The Effects of Class-Wide Function-Related Intervention Teams (CW-FIT) on Students’ Prosocial Classroom Behaviors,2016,social sciences,education,F_gate_miss_no_abstract,True,True,https://openalex.org/W2154539019,10.1007/s10864-016-9252-5,2016.0,article,False,0.0,False,False,False,False,False,False,False,
10.1007/s10864-020-09389-z,10.1007/s10864-020-09389-z,10.1007/s10864-020-09389-z,Using Behavioral Skills Training to Teach Interview Skills to Young Adults with Autism,2020,social sciences,education,F_gate_miss_no_abstract,True,True,https://openalex.org/W3019860151,10.1007/s10864-020-09389-z,2020.0,article,False,0.0,False,False,False,False,False,False,False,
10.1007/s10882-010-9212-2,10.1007/s10882-010-9212-2,10.1007/s10882-010-9212-2,Enabling Persons with Acquired Brain Injury and Multiple Disabilities to Choose among Environmental Stimuli and Request their Repetition via a Technology-assisted Program,2010,social sciences,education,F_gate_miss_no_abstract,True,True,https://openalex.org/W2022747511,10.1007/s10882-010-9212-2,2010.0,article,False,0.0,False,False,False,False,False,False,False,
10.1007/s10882-014-9400-6,10.1007/s10882-014-9400-6,10.1007/s10882-014-9400-6,"Requesting and Verbal Imitation Intervention for Infants with Down syndrome: Generalization, Intelligibility, and Problem Solving",2014,social sciences,education,F_gate_miss_no_abstract,True,True,https://openalex.org/W2092581750,10.1007/s10882-014-9400-6,2014.0,article,False,0.0,False,False,False,False,False,False,False,
10.1007/s10899-009-9150-z,10.1007/s10899-009-9150-z,10.1007/s10899-009-9150-z,Impact of Mode of Display and Message Content of Responsible Gambling Signs for Electronic Gaming Machines on Regular Gamblers,2010,social sciences,psychology,F_gate_miss_no_abstract,False,True,https://openalex.org/W2101466347,10.1007/s10899-009-9150-z,2009.0,article,False,0.0,False,False,False,False,False,False,False,
10.1007/s10964-010-9530-9,10.1007/s10964-010-9530-9,10.1007/s10964-010-9530-9,The Five Cs Model of Positive Youth Development: A Longitudinal Analysis of Confirmatory Factor Structure and Measurement Invariance,2010,social sciences,psychology,F_gate_miss_no_abstract,False,True,https://openalex.org/W2071117154,10.1007/s10964-010-9530-9,2010.0,article,False,0.0,False,False,False,False,False,False,False,
10.1007/s11033-013-2830-x,10.1007/s11033-013-2830-x,10.1007/s11033-013-2830-x,Age-dependent association of KIBRA gene polymorphism with Alzheimer’s disease in Han Chinese,2013,biological sciences,medical fields,F_gate_miss_no_abstract,False,True,https://openalex.org/W2061414803,10.1007/s11033-013-2830-x,2013.0,article,False,0.0,False,False,False,False,False,False,False,
10.1007/s11033-023-09004-0,10.1007/s11033-023-09004-0,10.1007/s11033-023-09004-0,Susceptibility loci identified in Han Chinese influence genetic predisposition of PCOS in Indian women,2024,biological sciences,biology,F_gate_miss_no_abstract,False,True,https://openalex.org/W4391105895,10.1007/s11033-023-09004-0,2024.0,article,False,0.0,False,False,False,False,False,False,False,
10.1007/s11109-010-9141-x,10.1007/s11109-010-9141-x,10.1007/s11109-010-9141-x,Framing Labels and Immigration Policy Attitudes in the Iowa Caucuses: “Trying to Out-Tancredo Tancredo”,2011,social sciences,political science,F_gate_miss_no_abstract,False,True,https://openalex.org/W2033821243,10.1007/s11109-010-9141-x,2010.0,article,False,0.0,False,False,False,False,False,False,False,
10.1007/s11127-005-7524-z,10.1007/s11127-005-7524-z,10.1007/s11127-005-7524-z,The Political Determinants of Federal Expenditure at the State Level,2005,social sciences,economics,F_gate_miss_no_abstract,False,True,https://openalex.org/W2171767490,10.1007/s11127-005-7524-z,2005.0,article,False,0.0,False,False,False,False,False,False,False,
10.1007/s11127-007-9235-0,10.1007/s11127-007-9235-0,10.1007/s11127-007-9235-0,Optimal taxation and economic growth: a comment,2007,social sciences,economics,F_gate_miss_no_abstract,False,True,https://openalex.org/W2051019902,10.1007/s11127-007-9235-0,2007.0,article,False,0.0,False,False,False,False,False,False,False,
10.1007/s11127-012-0023-0,10.1007/s11127-012-0023-0,10.1007/s11127-012-0023-0,District magnitude and representation of the majority’s preferences: a comment and reinterpretation,2012,social sciences,political science,F_gate_miss_no_abstract,True,True,https://openalex.org/W2153294662,10.1007/s11127-012-0023-0,2012.0,article,False,0.0,False,False,False,False,False,False,False,
10.1007/s11136-013-0387-8,10.1007/s11136-013-0387-8,10.1007/s11136-013-0387-8,Using the EORTC-QLQ-C30 in clinical practice for patient management: identifying scores requiring a clinician’s attention,2013,biological sciences,medical fields,F_gate_miss_no_abstract,False,True,https://openalex.org/W2021789094,10.1007/s11136-013-0387-8,2013.0,article,False,0.0,False,False,False,False,False,False,False,
10.1007/s11136-014-0629-4,10.1007/s11136-014-0629-4,10.1007/s11136-014-0629-4,"Cancer patients’ function, symptoms and supportive care needs: a latent class analysis across cultures",2015,biological sciences,medical fields,F_gate_miss_no_abstract,False,True,https://openalex.org/W2068475950,10.1007/s11136-014-0629-4,2014.0,article,False,0.0,False,False,False,False,False,False,False,
10.1007/s11136-021-03013-x,10.1007/s11136-021-03013-x,10.1007/s11136-021-03013-x,"Quality of life in adults with autism spectrum disorder: influence of age, sex, and a controlled, randomized mindfulness-based stress reduction pilot intervention",2022,social sciences,psychology,F_gate_miss_no_abstract,False,True,https://openalex.org/W3207036323,10.1007/s11136-021-03013-x,2021.0,book-chapter,False,0.0,False,False,False,False,False,False,False,
10.1007/s11145-018-9838-5,10.1007/s11145-018-9838-5,10.1007/s11145-018-9838-5,Dynamics of mirror writing compared to conventional writing in typical preliterate children,2018,social sciences,psychology,F_gate_miss_no_abstract,True,True,https://openalex.org/W2791570584,10.1007/s11145-018-9838-5,2018.0,article,False,0.0,False,False,False,False,False,False,False,
10.1007/s11145-018-9858-1,10.1007/s11145-018-9858-1,10.1007/s11145-018-9858-1,Morphological effects in word identification: tracking the developmental trajectory of derivational suffixes in Spanish,2018,social sciences,linguistics,F_gate_miss_no_abstract,True,True,https://openalex.org/W2801271387,10.1007/s11145-018-9858-1,2018.0,article,False,0.0,False,False,False,False,False,False,False,
10.1007/s11145-020-10060-2,10.1007/s11145-020-10060-2,10.1007/s11145-020-10060-2,"Effects of a read aloud intervention on first grade student vocabulary, listening comprehension, and language proficiency",2020,social sciences,education,F_gate_miss_no_abstract,True,True,https://openalex.org/W3033822288,10.1007/s11145-020-10060-2,2020.0,article,False,0.0,False,False,False,False,False,False,False,
10.1007/s11162-016-9433-z,10.1007/s11162-016-9433-z,10.1007/s11162-016-9433-z,The Relationship Between Students’ Perceptions of “Good Practices for Undergraduate Education” and the Paradigmatic Development of Disciplines in Course-Taking Behavior,2016,social sciences,education,F_gate_miss_no_abstract,True,True,https://openalex.org/W2496954320,10.1007/s11162-016-9433-z,2016.0,book-chapter,False,0.0,False,False,False,False,False,False,False,
10.1007/s11165-012-9320-3,10.1007/s11165-012-9320-3,10.1007/s11165-012-9320-3,Children’s Drawings About “Radiation”—Before and After Fukushima,2012,social sciences,education,F_gate_miss_no_abstract,True,True,https://openalex.org/W2037047166,10.1007/s11165-012-9320-3,2012.0,article,False,0.0,False,False,False,False,False,False,False,
10.1007/s11166-022-09387-8,10.1007/s11166-022-09387-8,10.1007/s11166-022-09387-8,Choice uncertainty and the endowment effect,2022,social sciences,economics,F_gate_miss_no_abstract,False,True,https://openalex.org/W4282982628,10.1007/s11166-022-09387-8,2022.0,article,False,0.0,False,False,False,False,False,False,False,
10.1007/s11205-004-6170-z,10.1007/s11205-004-6170-z,10.1007/s11205-004-6170-z,Feeding the Illusion of Growth and Happiness: A Reply to Hagerty and Veenhoven,2005,social sciences,economics,F_gate_miss_no_abstract,False,True,https://openalex.org/W2127804006,10.1007/s11205-004-6170-z,2005.0,article,False,0.0,False,False,False,False,False,False,False,
10.1007/s11205-005-5074-x,10.1007/s11205-005-5074-x,10.1007/s11205-005-5074-x,Rising Happiness in Nations 1946–2004: A Reply to Easterlin,2006,social sciences,economics,F_gate_miss_no_abstract,True,True,https://openalex.org/W2109966835,10.1007/s11205-005-5074-x,2006.0,article,False,0.0,False,False,False,False,False,False,False,
10.1007/s11211-023-00407-9,10.1007/s11211-023-00407-9,10.1007/s11211-023-00407-9,"Taking Back Control: Findings on the Cognitive, Behavioral, and Motivational Consequences of Victim Sensitivity",2023,social sciences,psychology,G_gate_miss_with_abstract,False,True,https://openalex.org/W4321240737,10.1007/s11211-023-00407-9,2023.0,article,True,1192.0,False,False,False,False,False,False,False,
10.1007/s11218-012-9188-0,10.1007/s11218-012-9188-0,10.1007/s11218-012-9188-0,Social representations of educability in Finland: 20 years of continuity and change,2012,social sciences,education,F_gate_miss_no_abstract,True,True,https://openalex.org/W2033106405,10.1007/s11218-012-9188-0,2012.0,article,False,0.0,False,False,False,False,False,False,False,
10.1007/s11251-010-9144-3,10.1007/s11251-010-9144-3,10.1007/s11251-010-9144-3,A further study of productive failure in mathematical problem solving: unpacking the design components,2010,social sciences,education,F_gate_miss_no_abstract,True,True,https://openalex.org/W2004976651,10.1007/s11251-010-9144-3,2010.0,article,False,0.0,False,False,False,False,False,False,False,
10.1007/s11251-018-9451-7,10.1007/s11251-018-9451-7,10.1007/s11251-018-9451-7,"Varying effects of subgoal labeled expository text in programming, chemistry, and statistics",2018,social sciences,psychology,F_gate_miss_no_abstract,True,True,https://openalex.org/W2788773130,10.1007/s11251-018-9451-7,2018.0,article,False,0.0,False,False,False,False,False,False,False,
10.1007/s11409-015-9151-5,10.1007/s11409-015-9151-5,10.1007/s11409-015-9151-5,Fortune is fickle: null-effects of disfluency on learning outcomes,2015,social sciences,education,F_gate_miss_no_abstract,True,True,https://openalex.org/W2285367052,10.1007/s11409-015-9151-5,2015.0,article,False,0.0,False,False,False,False,False,False,False,
10.1007/s11896-019-09351-4,10.1007/s11896-019-09351-4,10.1007/s11896-019-09351-4,Mindfulness Training Reduces PTSD Symptoms and Improves Stress-Related Health Outcomes in Police Officers,2021,social sciences,psychology,F_gate_miss_no_abstract,False,True,https://openalex.org/W2990786546,10.1007/s11896-019-09351-4,2019.0,article,False,0.0,False,False,False,False,False,False,False,
10.1007/s12016-025-09102-w,10.1007/s12016-025-09102-w,10.1007/s12016-025-09102-w,The Genomics/Genetics of Primary Biliary Cholangitis: The Case for a Functional SNP rs10893900 in ETS1/FLI1 and Review of the Literature,2025,biological sciences,medical fields,F_gate_miss_no_abstract,False,True,https://openalex.org/W4415588377,10.1007/s12016-025-09102-w,2025.0,article,False,0.0,False,False,False,False,False,False,False,
10.1007/s12017-009-8068-z,10.1007/s12017-009-8068-z,10.1007/s12017-009-8068-z,No Association Between Polymorphisms of Neuronal Oxide Synthase 1 Gene (NOS1) and Schizophrenia in a Japanese Population,2009,biological sciences,neuroscience,F_gate_miss_no_abstract,False,True,https://openalex.org/W1977596378,10.1007/s12017-009-8068-z,2009.0,article,False,0.0,False,False,False,False,False,False,False,
10.1007/s12110-002-1022-5,10.1007/s12110-002-1022-5,10.1007/s12110-002-1022-5,Matrilateral biases in the investment of aunts and uncles,2002,social sciences,psychology,F_gate_miss_no_abstract,False,True,https://openalex.org/W2085057544,10.1007/s12110-002-1022-5,2002.0,article,False,0.0,False,False,False,False,False,False,False,
10.1007/s12144-022-03555-4,10.1007/s12144-022-03555-4,10.1007/s12144-022-03555-4,I’ve been thinkin’ bout you: socially distant relationship pursuit during COVID-19,2023,social sciences,psychology,B_sibling_record_in_pool,False,True,https://openalex.org/W4292677010,10.1007/s12144-022-03555-4,2022.0,article,False,0.0,False,False,False,False,True,False,False,
10.1007/s12144-023-04410-w,10.1007/s12144-023-04410-w,10.1007/s12144-023-04410-w,A randomised trial of Mindfulness-based Social Work and Self-Care with social workers,2023,social sciences,psychology,G_gate_miss_with_abstract,False,True,https://openalex.org/W4322009441,10.1007/s12144-023-04410-w,2023.0,article,True,1843.0,False,False,False,False,False,False,False,
10.1007/s12671-017-0771-5,10.1007/s12671-017-0771-5,10.1007/s12671-017-0771-5,Mindfulness and Psychological Health Outcomes: a Latent Profile Analysis Among Military Personnel and College Students,2018,social sciences,psychology,F_gate_miss_no_abstract,False,True,https://openalex.org/W2739295511,10.1007/s12671-017-0771-5,2017.0,article,False,0.0,False,False,False,False,False,False,False,
10.1007/s13365-018-0625-5,10.1007/s13365-018-0625-5,10.1007/s13365-018-0625-5,No reliable gene expression biomarkers of current or impending neurocognitive impairment in peripheral blood monocytes of persons living with HIV,2018,biological sciences,neuroscience,F_gate_miss_no_abstract,False,True,https://openalex.org/W2796392866,10.1007/s13365-018-0625-5,2018.0,article,False,0.0,False,False,False,False,False,False,False,
10.1007/s13524-018-0725-0,10.1007/s13524-018-0725-0,10.1007/s13524-018-0725-0,Subjective Well-being and Partnership Dynamics: Are Same-Sex Relationships Different?,2018,social sciences,psychology,G_gate_miss_with_abstract,False,True,https://openalex.org/W2766470527,10.1007/s13524-018-0725-0,2018.0,article,True,812.0,False,False,False,False,False,False,False,
10.1007/s40264-018-00784-0,10.1007/s40264-018-00784-0,10.1007/s40264-018-00784-0,An Implementation and Visualization of the Tree-Based Scan Statistic for Safety Event Monitoring in Longitudinal Electronic Health Data,2019,biological sciences,medical fields,F_gate_miss_no_abstract,False,True,https://openalex.org/W2910674153,10.1007/s40264-018-00784-0,2019.0,article,False,0.0,False,False,False,False,False,False,False,
10.1007/s40616-018-0101-6,10.1007/s40616-018-0101-6,10.1007/s40616-018-0101-6,Further Evaluation of the Stimulus Pairing Observation Procedure with Children with Autism Spectrum Disorder,2019,social sciences,psychology,F_gate_miss_no_abstract,False,True,https://openalex.org/W2900591985,10.1007/s40616-018-0101-6,2018.0,article,False,0.0,False,False,False,False,False,False,False,
10.1007/s40616-023-00186-z,10.1007/s40616-023-00186-z,10.1007/s40616-023-00186-z,Do NOT Read this Article: the Effects of Autoclitics and Nudge on Choosing,2023,social sciences,economics,F_gate_miss_no_abstract,False,True,https://openalex.org/W4381739843,10.1007/s40616-023-00186-z,2023.0,article,False,0.0,False,False,False,False,False,False,False,
10.1007/s40617-018-0247-7,10.1007/s40617-018-0247-7,10.1007/s40617-018-0247-7,Incorporating Interview-Informed Functional Analyses into Practice,2018,social sciences,psychology,F_gate_miss_no_abstract,False,True,https://openalex.org/W2799341502,10.1007/s40617-018-0247-7,2018.0,article,False,0.0,False,False,False,False,False,False,False,
10.1007/s40617-018-0265-5,10.1007/s40617-018-0265-5,10.1007/s40617-018-0265-5,"Individualizing Intervention to Teach Joint Attention, Requesting, and Social Referencing to Children with Autism",2019,social sciences,psychology,F_gate_miss_no_abstract,False,True,https://openalex.org/W2806898989,10.1007/s40617-018-0265-5,2018.0,article,False,0.0,False,False,False,False,False,False,False,
10.1007/s40617-021-00665-6,10.1007/s40617-021-00665-6,10.1007/s40617-021-00665-6,On the Reliability and Treatment Utility of the Practical Functional Assessment Process,2022,social sciences,psychology,F_gate_miss_no_abstract,False,True,https://openalex.org/W4210834661,10.1007/s40617-021-00665-6,2022.0,article,False,0.0,False,False,False,False,False,False,False,
10.1007/s42761-021-00038-w,10.1007/s42761-021-00038-w,10.1007/s42761-021-00038-w,Categorization of Vocal Emotion Cues Depends on Distributions of Input,2021,social sciences,psychology,F_gate_miss_no_abstract,False,True,https://openalex.org/W3155332185,10.1007/s42761-021-00038-w,2021.0,article,False,0.0,False,False,False,False,False,False,False,
10.1007/s42761-021-00084-4,10.1007/s42761-021-00084-4,10.1007/s42761-021-00084-4,Assessing the Power of Words to Facilitate Emotion Category Learning,2022,social sciences,psychology,B_sibling_record_in_pool,False,True,https://openalex.org/W4206258535,10.1007/s42761-021-00084-4,2022.0,article,False,0.0,False,False,False,False,True,False,False,
10.1016/0002-9149(86)90952-5,10.1016/0002-9149(86)90952-5,10.1016/0002-9149(86)90952-5,Validation of a computerized QRS criterion for estimating myocardial infarction size and correlation with quantitative morphologic measurements,1986,biological sciences,medical fields,F_gate_miss_no_abstract,False,True,https://openalex.org/W1999719564,10.1016/0002-9149(86)90952-5,1986.0,article,False,0.0,False,False,False,False,False,False,False,
10.1016/0005-7967(93)90038-v,10.1016/0005-7967(93)90038-v,10.1016/0005-7967(93)90038-v,Attentional bias and spider phobia: Conceptual and clinical issues,1993,social sciences,psychology,F_gate_miss_no_abstract,False,True,https://openalex.org/W2083809062,10.1016/0005-7967(93)90038-v,1993.0,article,False,0.0,False,False,False,False,False,False,False,
10.1016/0006-3223(93)90272-f,10.1016/0006-3223(93)90272-f,10.1016/0006-3223(93)90272-f,A comparison of the behavioral effects of oral versus intravenous mCPP administration in OCD patients and the effect of metergoline prior to IV mCPP,1993,biological sciences,medical fields,F_gate_miss_no_abstract,False,True,https://openalex.org/W2000928189,10.1016/0006-3223(93)90272-f,1993.0,article,False,0.0,False,False,False,False,False,False,False,
10.1016/0010-0277(85)90026-5,10.1016/0010-0277(85)90026-5,10.1016/0010-0277(85)90026-5,"Reasoning counterfactually in Chinese: Are there any obstacles? Cognition, 21(3), 239-270",1985,social sciences,linguistics,F_gate_miss_no_abstract,False,True,https://openalex.org/W2167392856,10.1016/0010-0277(85)90026-5,1985.0,article,False,0.0,False,False,False,False,False,False,False,
10.1016/0010-0285(87)90002-8,10.1016/0010-0285(87)90002-8,10.1016/0010-0285(87)90002-8,Attentional requirements of learning: Evidence from performance measures,1987,social sciences,psychology,F_gate_miss_no_abstract,False,True,https://openalex.org/W1985454926,10.1016/0010-0285(87)90002-8,1987.0,article,False,0.0,False,False,False,False,False,False,False,
10.1016/0028-3932(89)90102-4,10.1016/0028-3932(89)90102-4,10.1016/0028-3932(89)90102-4,Hand preferences of rhesus monkeys on differing tasks,1989,social sciences,psychology,F_gate_miss_no_abstract,False,True,https://openalex.org/W1990526847,10.1016/0028-3932(89)90102-4,1989.0,article,False,0.0,False,False,False,False,False,False,False,
10.1016/0165-0327(79)90004-1,10.1016/0165-0327(79)90004-1,10.1016/0165-0327(79)90004-1,Factor patterns in depression,1979,biological sciences,medical fields,F_gate_miss_no_abstract,False,True,https://openalex.org/W1527864330,10.1016/0165-0327(79)90004-1,1979.0,article,False,0.0,False,False,False,False,False,False,False,
10.1016/0165-0327(81)90040-9,10.1016/0165-0327(81)90040-9,10.1016/0165-0327(81)90040-9,Life events and depression,1981,biological sciences,medical fields,F_gate_miss_no_abstract,False,True,https://openalex.org/W1562446716,10.1016/0165-0327(81)90040-9,1981.0,article,False,0.0,False,False,False,False,False,False,False,
10.1016/0301-5629(89)90069-0,10.1016/0301-5629(89)90069-0,10.1016/0301-5629(89)90069-0,Sister chromatid exchanges in Chinese hamster ovary cells exposed to high intensity pulsed ultrasound: Inability to confirm previous positive results,1989,biological sciences,biology,F_gate_miss_no_abstract,False,True,https://openalex.org/W2144560328,10.1016/0301-5629(89)90069-0,1989.0,article,False,0.0,False,False,False,False,False,False,False,
10.1016/0306-4530(96)00005-4,10.1016/0306-4530(96)00005-4,10.1016/0306-4530(96)00005-4,Neuroendocrine responses to laboratory panic: Cognitive intervention in the doxapram model,1996,biological sciences,medical fields,F_gate_miss_no_abstract,False,True,https://openalex.org/W2043072286,10.1016/0306-4530(96)00005-4,1996.0,article,False,0.0,False,False,False,False,False,False,False,
10.1016/0306-4603(93)90041-7,10.1016/0306-4603(93)90041-7,10.1016/0306-4603(93)90041-7,Alcohol and social anxiety in women and men: Pharmacological and expectancy effects,1993,social sciences,psychology,F_gate_miss_no_abstract,False,True,https://openalex.org/W1991102674,10.1016/0306-4603(93)90041-7,1993.0,article,False,0.0,False,False,False,False,False,False,False,
10.1016/0346-251x(78)90029-5,10.1016/0346-251x(78)90029-5,10.1016/0346-251x(78)90029-5,A comparison of achievement in four intermediate courses in Spanish,1978,social sciences,education,F_gate_miss_no_abstract,False,True,https://openalex.org/W1989383442,10.1016/0346-251x(78)90029-5,1978.0,article,False,0.0,False,False,False,False,False,False,False,
10.1016/0376-8716(84)90046-2,10.1016/0376-8716(84)90046-2,10.1016/0376-8716(84)90046-2,Brief Minnesota Multiphasic Personality Inventory scales to screen for substance abuse,1984,biological sciences,medical fields,F_gate_miss_no_abstract,False,True,https://openalex.org/W2072745707,10.1016/0376-8716(84)90046-2,1984.0,article,False,0.0,False,False,False,False,False,False,False,
10.1016/1054-139x(94)90537-1,10.1016/1054-139x(94)90537-1,10.1016/1054-139x(94)90537-1,Stability of the relationships between anabolic steroid use and multiple substance use among adolescents,1994,biological sciences,medical fields,F_gate_miss_no_abstract,False,True,https://openalex.org/W2040158975,10.1016/1054-139x(94)90537-1,1994.0,article,False,0.0,False,False,False,False,False,False,False,
10.1016/j.actpsy.2020.103138,10.1016/j.actpsy.2020.103138,10.1016/j.actpsy.2020.103138,The hunt for the age of acquisition effect: It's in the links!,2020,social sciences,psychology,G_gate_miss_with_abstract,False,True,https://openalex.org/W3049011282,10.1016/j.actpsy.2020.103138,2020.0,article,True,1677.0,False,False,False,False,False,False,False,
10.1016/j.ajhg.2009.04.006,10.1016/j.ajhg.2009.04.006,10.1016/j.ajhg.2009.04.006,Genome-wide Association Analysis Identifies PDE4D as an Asthma-Susceptibility Gene,2009,biological sciences,biology,F_gate_miss_no_abstract,False,True,https://openalex.org/W2058792575,10.1016/j.ajhg.2009.04.006,2009.0,article,False,0.0,False,False,False,False,False,False,False,
10.1016/j.ajhg.2016.09.002,10.1016/j.ajhg.2016.09.002,10.1016/j.ajhg.2016.09.002,An Ancient Fecundability-Associated Polymorphism Switches a Repressor into an Enhancer of Endometrial TAP2 Expression,2016,biological sciences,biology,F_gate_miss_no_abstract,False,True,https://openalex.org/W2531326390,10.1016/j.ajhg.2016.09.002,2016.0,article,False,0.0,False,False,False,False,False,False,False,
10.1016/j.amjcard.2019.03.017,10.1016/j.amjcard.2019.03.017,10.1016/j.amjcard.2019.03.017,Serum Metabolomics and Incidence of Atrial Fibrillation (from the Atherosclerosis Risk in Communities Study),2019,biological sciences,medical fields,F_gate_miss_no_abstract,False,True,https://openalex.org/W2949402948,10.1016/j.amjcard.2019.03.017,2019.0,article,False,0.0,False,False,False,False,False,False,False,
10.1016/j.anai.2012.12.019,10.1016/j.anai.2012.12.019,10.1016/j.anai.2012.12.019,Influence of β2-adrenergic receptor polymorphism on methacholine hyperresponsiveness in asthmatic patients,2013,biological sciences,medical fields,F_gate_miss_no_abstract,False,True,https://openalex.org/W1914883258,10.1016/j.anai.2012.12.019,2013.0,article,False,0.0,False,False,False,False,False,False,False,
10.1016/j.anbehav.2010.02.019,10.1016/j.anbehav.2010.02.019,10.1016/j.anbehav.2010.02.019,"Mechanisms underlying responses to inequitable outcomes in chimpanzees, Pan troglodytes",2010,social sciences,psychology,F_gate_miss_no_abstract,False,True,https://openalex.org/W2028075711,10.1016/j.anbehav.2010.02.019,2010.0,article,False,0.0,False,False,False,False,False,False,False,
10.1016/j.appet.2013.10.005,10.1016/j.appet.2013.10.005,10.1016/j.appet.2013.10.005,"Effects of restriction on children’s intake differ by child temperament, food reinforcement, and parent’s chronic use of restriction",2013,social sciences,psychology,F_gate_miss_no_abstract,False,True,https://openalex.org/W2064028015,10.1016/j.appet.2013.10.005,2013.0,article,False,0.0,False,False,False,False,False,False,False,
10.1016/j.appet.2013.12.020,10.1016/j.appet.2013.12.020,10.1016/j.appet.2013.12.020,Sweet delusion. Glucose drinks fail to counteract ego depletion,2014,social sciences,psychology,F_gate_miss_no_abstract,True,True,https://openalex.org/W1964342261,10.1016/j.appet.2013.12.020,2014.0,article,False,0.0,False,False,False,False,False,False,False,
10.1016/j.bbadis.2012.11.010,10.1016/j.bbadis.2012.11.010,10.1016/j.bbadis.2012.11.010,ARHGAP21 is a RhoGAP for RhoA and RhoC with a role in proliferation and migration of prostate adenocarcinoma cells,2013,biological sciences,biology,F_gate_miss_no_abstract,False,True,https://openalex.org/W2072487656,10.1016/j.bbadis.2012.11.010,2012.0,article,False,0.0,False,False,False,False,False,False,False,
10.1016/j.bbmt.2016.02.017,10.1016/j.bbmt.2016.02.017,10.1016/j.bbmt.2016.02.017,Clinical and Genetic Determinants of Cardiomyopathy Risk among Hematopoietic Cell Transplantation Survivors,2016,biological sciences,medical fields,E_gate_pass_record_changed_since_snapshot,False,True,https://openalex.org/W2296046182,10.1016/j.bbmt.2016.02.017,2016.0,article,True,1966.0,False,True,False,True,False,False,False,
10.1016/j.bbrc.2015.02.151,10.1016/j.bbrc.2015.02.151,10.1016/j.bbrc.2015.02.151,Tumor promotion by exposure to radiofrequency electromagnetic fields below exposure limits for humans,2015,biological sciences,biology,F_gate_miss_no_abstract,False,True,https://openalex.org/W2011223879,10.1016/j.bbrc.2015.02.151,2015.0,article,False,0.0,False,False,False,False,False,False,False,
10.1016/j.bcmd.2009.10.001,10.1016/j.bcmd.2009.10.001,10.1016/j.bcmd.2009.10.001,A common SNP near BMP2 is associated with severity of the iron burden in HFE p.C282Y homozygous patients: A follow-up study,2010,biological sciences,medical fields,F_gate_miss_no_abstract,False,True,https://openalex.org/W2064450096,10.1016/j.bcmd.2009.10.001,2009.0,article,False,0.0,False,False,False,False,False,False,False,
10.1016/j.beproc.2006.09.010,10.1016/j.beproc.2006.09.010,10.1016/j.beproc.2006.09.010,Is extinction the hallmark of operant discrimination?: Reinforcement and SΔ effects,2007,social sciences,psychology,F_gate_miss_no_abstract,False,True,https://openalex.org/W1981228566,10.1016/j.beproc.2006.09.010,2006.0,article,False,0.0,False,False,False,False,False,False,False,
10.1016/j.beproc.2015.11.010,10.1016/j.beproc.2015.11.010,10.1016/j.beproc.2015.11.010,"Can old-world and new-world monkeys judge spatial above/below relations to be the same or different? Some of them, but not all of them",2015,social sciences,psychology,F_gate_miss_no_abstract,False,True,https://openalex.org/W2208859374,10.1016/j.beproc.2015.11.010,2015.0,article,False,0.0,False,False,False,False,False,False,False,
10.1016/j.beproc.2017.03.017,10.1016/j.beproc.2017.03.017,10.1016/j.beproc.2017.03.017,Unique prediction of cannabis use severity and behaviors by delay discounting and behavioral economic demand,2017,social sciences,psychology,F_gate_miss_no_abstract,True,True,https://openalex.org/W2601087423,10.1016/j.beproc.2017.03.017,2017.0,article,False,0.0,False,False,False,False,False,False,False,
10.1016/j.beproc.2020.104124,10.1016/j.beproc.2020.104124,10.1016/j.beproc.2020.104124,Contribution of alcohol- and cigarette-related cues to concurrent reinforcer choice in humans,2020,social sciences,psychology,F_gate_miss_no_abstract,False,True,https://openalex.org/W3017222859,10.1016/j.beproc.2020.104124,2020.0,article,False,0.0,False,False,False,False,False,False,False,
10.1016/j.beth.2013.04.008,10.1016/j.beth.2013.04.008,10.1016/j.beth.2013.04.008,Emotion Differentiation as a Protective Factor Against Nonsuicidal Self-Injury in Borderline Personality Disorder,2013,social sciences,psychology,F_gate_miss_no_abstract,False,True,https://openalex.org/W1996758779,10.1016/j.beth.2013.04.008,2013.0,article,False,0.0,False,False,False,False,False,False,False,
10.1016/j.biopsych.2003.10.008,10.1016/j.biopsych.2003.10.008,10.1016/j.biopsych.2003.10.008,Infection with herpes simplex virus type 1 is associated with cognitive deficits in bipolar disorder,2004,biological sciences,medical fields,F_gate_miss_no_abstract,False,True,https://openalex.org/W2109581630,10.1016/j.biopsych.2003.10.008,2004.0,article,False,0.0,False,False,False,False,False,False,False,
10.1016/j.biopsych.2004.11.026,10.1016/j.biopsych.2004.11.026,10.1016/j.biopsych.2004.11.026,Toward an objective characterization of an anhedonic phenotype: A signal-detection approach,2005,social sciences,psychology,F_gate_miss_no_abstract,False,True,https://openalex.org/W1977576437,10.1016/j.biopsych.2004.11.026,2005.0,article,False,0.0,False,False,False,False,False,False,False,
10.1016/j.biopsych.2005.07.040,10.1016/j.biopsych.2005.07.040,10.1016/j.biopsych.2005.07.040,Detecting Deception Using Functional Magnetic Resonance Imaging,2005,biological sciences,neuroscience,F_gate_miss_no_abstract,False,True,https://openalex.org/W1987478192,10.1016/j.biopsych.2005.07.040,2005.0,article,False,0.0,False,False,False,False,False,False,False,
10.1016/j.biopsycho.2012.06.010,10.1016/j.biopsycho.2012.06.010,10.1016/j.biopsycho.2012.06.010,Should it matter when we record? Time of year and time of day as factors influencing frontal EEG asymmetry,2012,social sciences,psychology,F_gate_miss_no_abstract,False,True,https://openalex.org/W2047857634,10.1016/j.biopsycho.2012.06.010,2012.0,article,False,0.0,False,False,False,False,False,False,False,
10.1016/j.biopsycho.2014.09.004,10.1016/j.biopsycho.2014.09.004,10.1016/j.biopsycho.2014.09.004,Less precise representation of numerical magnitude in high math-anxious individuals: An ERP study of the size and distance effects,2014,social sciences,psychology,F_gate_miss_no_abstract,False,True,https://openalex.org/W2030585024,10.1016/j.biopsycho.2014.09.004,2014.0,article,False,0.0,False,False,False,False,False,False,False,
10.1016/j.bodyim.2018.12.008,10.1016/j.bodyim.2018.12.008,10.1016/j.bodyim.2018.12.008,Anti-doping rule violations in sport: The attractive leniency effect and attributions of guilt and punishment,2018,social sciences,psychology,F_gate_miss_no_abstract,False,True,https://openalex.org/W2906660498,10.1016/j.bodyim.2018.12.008,2018.0,article,False,0.0,False,False,False,False,False,False,False,
10.1016/j.bone.2012.06.028,10.1016/j.bone.2012.06.028,10.1016/j.bone.2012.06.028,Genetic association study of UCMA/GRP and OPTN genes (PDB6 locus) with Paget's disease of bone,2012,biological sciences,medical fields,F_gate_miss_no_abstract,False,True,https://openalex.org/W2112744412,10.1016/j.bone.2012.06.028,2012.0,article,False,0.0,False,False,False,False,False,False,False,
10.1016/j.bpsc.2024.06.004,10.1016/j.bpsc.2024.06.004,10.1016/j.bpsc.2024.06.004,"Peak Alpha Frequency in Schizophrenia, Bipolar Disorder, and Healthy Volunteers: Associations With Visual Information Processing and Cognition",2024,biological sciences,neuroscience,F_gate_miss_no_abstract,False,True,https://openalex.org/W4399883039,10.1016/j.bpsc.2024.06.004,2024.0,article,False,0.0,False,False,False,False,False,False,False,
10.1016/j.brainres.2008.09.084,10.1016/j.brainres.2008.09.084,10.1016/j.brainres.2008.09.084,Corticolimbic mechanisms in the control of trial and error learning,2009,biological sciences,neuroscience,F_gate_miss_no_abstract,False,True,https://openalex.org/W1975018945,10.1016/j.brainres.2008.09.084,2008.0,article,False,0.0,False,False,False,False,False,False,False,
10.1016/j.brainres.2009.07.042,10.1016/j.brainres.2009.07.042,10.1016/j.brainres.2009.07.042,Does working memory capacity affect the ability to predict upcoming words in discourse?,2009,social sciences,linguistics,F_gate_miss_no_abstract,False,True,https://openalex.org/W2034906681,10.1016/j.brainres.2009.07.042,2009.0,article,False,0.0,False,False,False,False,False,False,False,
10.1016/j.brainres.2014.02.002,10.1016/j.brainres.2014.02.002,10.1016/j.brainres.2014.02.002,EEG changes caused by spontaneous facial self-touch may represent emotion regulating processes and working memory maintenance,2014,biological sciences,neuroscience,F_gate_miss_no_abstract,False,True,https://openalex.org/W2100103149,10.1016/j.brainres.2014.02.002,2014.0,article,False,0.0,False,False,False,False,False,False,False,
10.1016/j.brainres.2018.06.031,10.1016/j.brainres.2018.06.031,10.1016/j.brainres.2018.06.031,Failure to reactivate salient episodic information during indirect and direct tests of memory retrieval,2018,biological sciences,neuroscience,B_sibling_record_in_pool,False,True,https://openalex.org/W2951393551,10.1016/j.brainres.2018.06.031,2018.0,article,False,0.0,False,False,False,False,True,False,False,
10.1016/j.brat.2007.11.001,10.1016/j.brat.2007.11.001,10.1016/j.brat.2007.11.001,"Cognitive confidence in obsessive-compulsive disorder: Distrusting perception, attention and memory",2008,social sciences,psychology,F_gate_miss_no_abstract,False,True,https://openalex.org/W1970471533,10.1016/j.brat.2007.11.001,2007.0,article,False,0.0,False,False,False,False,False,False,False,
10.1016/j.brat.2010.03.009,10.1016/j.brat.2010.03.009,10.1016/j.brat.2010.03.009,Repeated checking causes distrust in memory but not in attention and perception,2010,social sciences,psychology,F_gate_miss_no_abstract,False,True,https://openalex.org/W2040742971,10.1016/j.brat.2010.03.009,2010.0,article,False,0.0,False,False,False,False,False,False,False,
10.1016/j.brat.2012.11.004,10.1016/j.brat.2012.11.004,10.1016/j.brat.2012.11.004,Pre-trauma individual differences in extinction learning predict posttraumatic stress,2013,social sciences,psychology,F_gate_miss_no_abstract,False,True,https://openalex.org/W2054183075,10.1016/j.brat.2012.11.004,2012.0,article,False,0.0,False,False,False,False,False,False,False,
10.1016/j.cedpsych.2014.03.004,10.1016/j.cedpsych.2014.03.004,10.1016/j.cedpsych.2014.03.004,Comparing students’ self-discipline and self-regulation measures and their prediction of academic achievement,2014,social sciences,psychology,F_gate_miss_no_abstract,False,True,https://openalex.org/W2083295240,10.1016/j.cedpsych.2014.03.004,2014.0,article,False,0.0,False,False,False,False,False,False,False,
10.1016/j.cell.2012.08.026,10.1016/j.cell.2012.08.026,10.1016/j.cell.2012.08.026,Transcriptional Amplification in Tumor Cells with Elevated c-Myc,2012,biological sciences,biology,F_gate_miss_no_abstract,False,True,https://openalex.org/W2161577298,10.1016/j.cell.2012.08.026,2012.0,article,False,0.0,False,False,False,False,False,False,False,
10.1016/j.chiabu.2022.105925,10.1016/j.chiabu.2022.105925,10.1016/j.chiabu.2022.105925,Resilience during times of enduring challenge: Brazilian Child Protection Professionals' resilience and psychological distress one year into the COVID-19 pandemic,2022,social sciences,psychology,F_gate_miss_no_abstract,False,True,https://openalex.org/W4307111444,10.1016/j.chiabu.2022.105925,2022.0,article,False,0.0,False,False,False,False,False,False,False,
10.1016/j.cogbrainres.2005.02.005,10.1016/j.cogbrainres.2005.02.005,10.1016/j.cogbrainres.2005.02.005,The role of multisensory memories in unisensory object discrimination,2005,biological sciences,neuroscience,F_gate_miss_no_abstract,False,True,https://openalex.org/W2143803644,10.1016/j.cogbrainres.2005.02.005,2005.0,article,False,0.0,False,False,False,False,False,False,False,
10.1016/j.cogdev.2010.02.001,10.1016/j.cogdev.2010.02.001,10.1016/j.cogdev.2010.02.001,Human-centeredness is not a universal feature of young children's reasoning: Culture and experience matter when reasoning about biological entities,2010,social sciences,psychology,F_gate_miss_no_abstract,False,True,https://openalex.org/W2156330671,10.1016/j.cogdev.2010.02.001,2010.0,article,False,0.0,False,False,False,False,False,False,False,
10.1016/j.cognition.2009.08.005,10.1016/j.cognition.2009.08.005,10.1016/j.cognition.2009.08.005,Numbers are associated with different types of spatial information depending on the task,2009,social sciences,psychology,F_gate_miss_no_abstract,False,True,https://openalex.org/W2073734664,10.1016/j.cognition.2009.08.005,2009.0,article,False,0.0,False,False,False,False,False,False,False,
10.1016/j.cognition.2010.07.001,10.1016/j.cognition.2010.07.001,10.1016/j.cognition.2010.07.001,A bilateral advantage for storage in visual working memory,2010,social sciences,psychology,F_gate_miss_no_abstract,False,True,https://openalex.org/W2100860553,10.1016/j.cognition.2010.07.001,2010.0,article,False,0.0,False,False,False,False,False,False,False,
10.1016/j.cognition.2010.11.006,10.1016/j.cognition.2010.11.006,10.1016/j.cognition.2010.11.006,When deaf signers read English: Do written words activate their sign translations?,2011,social sciences,linguistics,F_gate_miss_no_abstract,False,True,https://openalex.org/W2148773149,10.1016/j.cognition.2010.11.006,2010.0,article,False,0.0,False,False,False,False,False,False,False,
10.1016/j.cognition.2010.11.011,10.1016/j.cognition.2010.11.011,10.1016/j.cognition.2010.11.011,The impact of adjacent-dependencies and staged-input on the learnability of center-embedded hierarchical structures,2011,social sciences,linguistics,F_gate_miss_no_abstract,False,True,https://openalex.org/W2004739134,10.1016/j.cognition.2010.11.011,2010.0,article,False,0.0,False,False,False,False,False,False,False,
10.1016/j.cognition.2012.05.011,10.1016/j.cognition.2012.05.011,10.1016/j.cognition.2012.05.011,Mortality salience and morality: Thinking about death makes people less utilitarian,2012,social sciences,psychology,F_gate_miss_no_abstract,False,True,https://openalex.org/W2033238486,10.1016/j.cognition.2012.05.011,2012.0,article,False,0.0,False,False,False,False,False,False,False,
10.1016/j.cognition.2013.11.010,10.1016/j.cognition.2013.11.010,10.1016/j.cognition.2013.11.010,"""Piensa"" twice: On the foreign language effect in decision making",2014,social sciences,linguistics,F_gate_miss_no_abstract,False,True,https://openalex.org/W2171144861,10.1016/j.cognition.2013.11.010,2013.0,article,False,0.0,False,False,False,False,False,False,False,
10.1016/j.cognition.2014.09.003,10.1016/j.cognition.2014.09.003,10.1016/j.cognition.2014.09.003,The sexualized-body-inversion hypothesis revisited: Valid indicator of sexual objectification or methodological artifact?,2015,social sciences,psychology,F_gate_miss_no_abstract,True,True,https://openalex.org/W1968756931,10.1016/j.cognition.2014.09.003,2014.0,article,False,0.0,False,False,False,False,False,False,False,
10.1016/j.cognition.2014.09.006,10.1016/j.cognition.2014.09.006,10.1016/j.cognition.2014.09.006,The drunk utilitarian: Blood alcohol concentration predicts utilitarian responses in moral dilemmas,2015,social sciences,psychology,F_gate_miss_no_abstract,False,True,https://openalex.org/W2075291019,10.1016/j.cognition.2014.09.006,2014.0,article,False,0.0,False,False,False,False,False,False,False,
10.1016/j.cognition.2015.01.002,10.1016/j.cognition.2015.01.002,10.1016/j.cognition.2015.01.002,"The role of similarity, sound and awareness in the appreciation of visual artwork via motor simulation",2015,social sciences,psychology,F_gate_miss_no_abstract,False,True,https://openalex.org/W1983457802,10.1016/j.cognition.2015.01.002,2015.0,article,False,0.0,False,False,False,False,False,False,False,
10.1016/j.cognition.2017.03.008,10.1016/j.cognition.2017.03.008,10.1016/j.cognition.2017.03.008,‘To the victor go the spoils’: Infants expect resources to align with dominance structures,2017,social sciences,psychology,F_gate_miss_no_abstract,False,True,https://openalex.org/W2598621313,10.1016/j.cognition.2017.03.008,2017.0,article,False,0.0,False,False,False,False,False,False,False,
10.1016/j.cognition.2017.09.005,10.1016/j.cognition.2017.09.005,10.1016/j.cognition.2017.09.005,Competing perspectives on frames of reference in language and thought,2018,social sciences,psychology,F_gate_miss_no_abstract,True,True,https://openalex.org/W2756302510,10.1016/j.cognition.2017.09.005,2017.0,article,False,0.0,False,False,False,False,False,False,False,
10.1016/j.cognition.2019.02.009,10.1016/j.cognition.2019.02.009,10.1016/j.cognition.2019.02.009,A colorful advantage in iconic memory,2019,social sciences,psychology,F_gate_miss_no_abstract,False,True,https://openalex.org/W2916271115,10.1016/j.cognition.2019.02.009,2019.0,article,False,0.0,False,False,False,False,False,False,False,
10.1016/j.cognition.2019.04.010,10.1016/j.cognition.2019.04.010,10.1016/j.cognition.2019.04.010,"Multitasking behavior and its related constructs: Executive functions, working memory capacity, relational integration, and divided attention",2019,social sciences,psychology,F_gate_miss_no_abstract,False,True,https://openalex.org/W2946699345,10.1016/j.cognition.2019.04.010,2019.0,article,False,0.0,False,False,False,False,False,False,False,
10.1016/j.cognition.2020.104339,10.1016/j.cognition.2020.104339,10.1016/j.cognition.2020.104339,Retinotopic adaptation reveals distinct categories of causal perception,2020,social sciences,psychology,F_gate_miss_no_abstract,False,True,https://openalex.org/W3044291184,10.1016/j.cognition.2020.104339,2020.0,article,False,0.0,False,False,False,False,False,False,False,
10.1016/j.compedu.2017.05.013,10.1016/j.compedu.2017.05.013,10.1016/j.compedu.2017.05.013,Seeing the instructor's face and gaze in demonstration video examples affects attention allocation but not learning,2017,social sciences,psychology,F_gate_miss_no_abstract,True,True,https://openalex.org/W2620160396,10.1016/j.compedu.2017.05.013,2017.0,article,False,0.0,False,False,False,False,False,False,False,
10.1016/j.comptc.2010.12.003,10.1016/j.comptc.2010.12.003,10.1016/j.comptc.2010.12.003,The effect of desolvation on nucleophilic halogenase activity,2011,social sciences,psychology,F_gate_miss_no_abstract,False,True,https://openalex.org/W2011343953,10.1016/j.comptc.2010.12.003,2010.0,article,False,0.0,False,False,False,False,False,False,False,
10.1016/j.concog.2014.10.010,10.1016/j.concog.2014.10.010,10.1016/j.concog.2014.10.010,Beyond visual imagery: How modality-specific is enhanced mental imagery in synesthesia?,2015,social sciences,psychology,F_gate_miss_no_abstract,False,True,https://openalex.org/W1983508570,10.1016/j.concog.2014.10.010,2014.0,article,False,0.0,False,False,False,False,False,False,False,
10.1016/j.cortex.2018.01.001,10.1016/j.cortex.2018.01.001,10.1016/j.cortex.2018.01.001,"Belief, delusion, hypnosis, and the right dorsolateral prefrontal cortex: A transcranial magnetic stimulation study",2018,biological sciences,neuroscience,F_gate_miss_no_abstract,False,True,https://openalex.org/W2792203939,10.1016/j.cortex.2018.01.001,2018.0,article,False,0.0,False,False,False,False,False,False,False,
10.1016/j.cortex.2019.02.025,10.1016/j.cortex.2019.02.025,10.1016/j.cortex.2019.02.025,Double-blind study of visual imagery in grapheme-color synesthesia,2019,social sciences,psychology,F_gate_miss_no_abstract,False,True,https://openalex.org/W2920963166,10.1016/j.cortex.2019.02.025,2019.0,article,False,0.0,False,False,False,False,False,False,False,
10.1016/j.cortex.2020.03.031,10.1016/j.cortex.2020.03.031,10.1016/j.cortex.2020.03.031,Preventing the return of fear in humans using reconsolidation update mechanisms: A verification report of Schiller et al. (2010),2020,social sciences,psychology,F_gate_miss_no_abstract,False,True,https://openalex.org/W3036786033,10.1016/j.cortex.2020.03.031,2020.0,article,False,0.0,False,False,False,False,False,False,False,
10.1016/j.cortex.2022.02.006,10.1016/j.cortex.2022.02.006,10.1016/j.cortex.2022.02.006,No evidence for embodiment: The motor system is not needed to keep action verbs in working memory,2022,social sciences,psychology,F_gate_miss_no_abstract,False,True,https://openalex.org/W4221035193,10.1016/j.cortex.2022.02.006,2022.0,article,False,0.0,False,False,False,False,False,False,False,
10.1016/j.cub.2008.10.030,10.1016/j.cub.2008.10.030,10.1016/j.cub.2008.10.030,Complete Transfer of Perceptual Learning across Retinal Locations Enabled by Double Training,2008,social sciences,psychology,F_gate_miss_no_abstract,False,True,https://openalex.org/W2131338584,10.1016/j.cub.2008.10.030,2008.0,article,False,0.0,False,False,False,False,False,False,False,
10.1016/j.cub.2010.03.027,10.1016/j.cub.2010.03.027,10.1016/j.cub.2010.03.027,Dreaming of a Learning Task Is Associated with Enhanced Sleep-Dependent Memory Consolidation,2010,biological sciences,neuroscience,F_gate_miss_no_abstract,False,True,https://openalex.org/W2017588681,10.1016/j.cub.2010.03.027,2010.0,article,False,0.0,False,False,False,False,False,False,False,
10.1016/j.cub.2014.11.034,10.1016/j.cub.2014.11.034,10.1016/j.cub.2014.11.034,Individual Differences in Alpha Frequency Drive Crossmodal Illusory Perception,2015,biological sciences,neuroscience,G_gate_miss_with_abstract,False,True,https://openalex.org/W2140858956,10.1016/j.cub.2014.11.034,2014.0,article,True,1825.0,False,False,False,False,False,False,False,
10.1016/j.drugalcdep.2009.08.015,10.1016/j.drugalcdep.2009.08.015,10.1016/j.drugalcdep.2009.08.015,"Test of association between GABRA2 (SNP rs279871) and adolescent conduct/alcohol use disorders utilizing a sample of clinic referred youth with serious substance and conduct problems, controls and available first degree relatives",2010,biological sciences,medical fields,F_gate_miss_no_abstract,False,True,https://openalex.org/W1977918805,10.1016/j.drugalcdep.2009.08.015,2009.0,article,False,0.0,False,False,False,False,False,False,False,
10.1016/j.drugalcdep.2009.10.017,10.1016/j.drugalcdep.2009.10.017,10.1016/j.drugalcdep.2009.10.017,Naltrexone and combined behavioral intervention effects on trajectories of drinking in the COMBINE study,2010,biological sciences,medical fields,F_gate_miss_no_abstract,False,True,https://openalex.org/W2065145667,10.1016/j.drugalcdep.2009.10.017,2009.0,article,False,0.0,False,False,False,False,False,False,False,
10.1016/j.drugalcdep.2012.08.010,10.1016/j.drugalcdep.2012.08.010,10.1016/j.drugalcdep.2012.08.010,The natural history of efforts to stop smoking: A prospective cohort study,2013,biological sciences,medical fields,F_gate_miss_no_abstract,False,True,https://openalex.org/W2079700466,10.1016/j.drugalcdep.2012.08.010,2012.0,article,False,0.0,False,False,False,False,False,False,False,
10.1016/j.drugalcdep.2018.03.013,10.1016/j.drugalcdep.2018.03.013,10.1016/j.drugalcdep.2018.03.013,Evaluation of previous substance dependence genome-wide significant findings in a Spanish sample,2018,biological sciences,medical fields,F_gate_miss_no_abstract,False,True,https://openalex.org/W2801777258,10.1016/j.drugalcdep.2018.03.013,2018.0,article,False,0.0,False,False,False,False,False,False,False,
10.1016/j.econedurev.2020.102009,10.1016/j.econedurev.2020.102009,10.1016/j.econedurev.2020.102009,The impact of banning mobile phones in Swedish secondary schools,2020,social sciences,economics,F_gate_miss_no_abstract,True,True,https://openalex.org/W2954313566,10.1016/j.econedurev.2020.102009,2020.0,article,False,0.0,False,False,False,False,False,False,False,
10.1016/j.econlet.2010.01.007,10.1016/j.econlet.2010.01.007,10.1016/j.econlet.2010.01.007,Hepatitis B does not explain male-biased sex ratios in China,2010,social sciences,economics,F_gate_miss_no_abstract,False,True,https://openalex.org/W2042478072,10.1016/j.econlet.2010.01.007,2010.0,article,False,0.0,False,False,False,False,False,False,False,
10.1016/j.ecresq.2015.09.001,10.1016/j.ecresq.2015.09.001,10.1016/j.ecresq.2015.09.001,Text matters: Exploring the lexical reservoirs of books in preschool rooms,2016,social sciences,linguistics,F_gate_miss_no_abstract,True,True,https://openalex.org/W1888754060,10.1016/j.ecresq.2015.09.001,2015.0,article,False,0.0,False,False,False,False,False,False,False,
10.1016/j.eneco.2018.01.015,10.1016/j.eneco.2018.01.015,10.1016/j.eneco.2018.01.015,Oil and women: A re-examination,2018,social sciences,economics,F_gate_miss_no_abstract,False,True,https://openalex.org/W2783482968,10.1016/j.eneco.2018.01.015,2018.0,article,False,0.0,False,False,False,False,False,False,False,
10.1016/j.eplepsyres.2005.01.002,10.1016/j.eplepsyres.2005.01.002,10.1016/j.eplepsyres.2005.01.002,Supportive evidence for an allelic association of the human KCNJ10 potassium channel gene with idiopathic generalized epilepsy,2005,biological sciences,medical fields,F_gate_miss_no_abstract,False,True,https://openalex.org/W2010793343,10.1016/j.eplepsyres.2005.01.002,2005.0,article,False,0.0,False,False,False,False,False,False,False,
10.1016/j.eplepsyres.2006.06.021,10.1016/j.eplepsyres.2006.06.021,10.1016/j.eplepsyres.2006.06.021,Confirmatory evidence for an association of the connexin-36 gene with juvenile myoclonic epilepsy,2006,biological sciences,medical fields,F_gate_miss_no_abstract,False,True,https://openalex.org/W1966243588,10.1016/j.eplepsyres.2006.06.021,2006.0,article,False,0.0,False,False,False,False,False,False,False,
10.1016/j.euroecorev.2004.11.006,10.1016/j.euroecorev.2004.11.006,10.1016/j.euroecorev.2004.11.006,Growth effects of government expenditure and taxation in rich countries: A comment,2005,social sciences,economics,F_gate_miss_no_abstract,False,True,https://openalex.org/W2235329685,10.1016/j.euroecorev.2004.11.006,2005.0,article,False,0.0,False,False,False,False,False,False,False,
10.1016/j.euroecorev.2019.103307,10.1016/j.euroecorev.2019.103307,10.1016/j.euroecorev.2019.103307,The effect of language on economic behavior: Examining the causal link between future tense and time preference in the lab,2019,social sciences,economics,F_gate_miss_no_abstract,False,True,https://openalex.org/W2972168062,10.1016/j.euroecorev.2019.103307,2019.0,article,False,0.0,False,False,False,False,False,False,False,
10.1016/j.eururo.2018.02.016,10.1016/j.eururo.2018.02.016,10.1016/j.eururo.2018.02.016,Twenty-year Risk of Prostate Cancer Death by Midlife Prostate-specific Antigen and a Panel of Four Kallikrein Markers in a Large Population-based Cohort of Healthy Men,2018,biological sciences,medical fields,F_gate_miss_no_abstract,False,True,https://openalex.org/W2792808854,10.1016/j.eururo.2018.02.016,2018.0,article,False,0.0,False,False,False,False,False,False,False,
10.1016/j.eururo.2023.04.028,10.1016/j.eururo.2023.04.028,10.1016/j.eururo.2023.04.028,Baseline Serum Prostate-specific Antigen Value Predicts the Risk of Subsequent Prostate Cancer Death—Results from the Norwegian Prostate Cancer Consortium,2024,biological sciences,medical fields,F_gate_miss_no_abstract,False,True,https://openalex.org/W4375949277,10.1016/j.eururo.2023.04.028,2023.0,article,False,0.0,False,False,False,False,False,False,False,
10.1016/j.exger.2010.10.003,10.1016/j.exger.2010.10.003,10.1016/j.exger.2010.10.003,Association of a common LAMA5 variant with anthropometric and metabolic traits in an Italian cohort of healthy elderly subjects,2011,biological sciences,biology,F_gate_miss_no_abstract,False,True,https://openalex.org/W2020361179,10.1016/j.exger.2010.10.003,2010.0,article,False,0.0,False,False,False,False,False,False,False,
10.1016/j.expneurol.2010.11.016,10.1016/j.expneurol.2010.11.016,10.1016/j.expneurol.2010.11.016,Independent evaluation of the effects of glibenclamide on reducing progressive hemorrhagic necrosis after cervical spinal cord injury,2012,biological sciences,medical fields,F_gate_miss_no_abstract,False,True,https://openalex.org/W2030416387,10.1016/j.expneurol.2010.11.016,2010.0,article,False,0.0,False,False,False,False,False,False,False,
10.1016/j.expneurol.2011.09.019,10.1016/j.expneurol.2011.09.019,10.1016/j.expneurol.2011.09.019,A re-assessment of the effects of intracortical delivery of inosine on transmidline growth of corticospinal tract axons after unilateral lesions of the medullary pyramid,2011,biological sciences,neuroscience,F_gate_miss_no_abstract,False,True,https://openalex.org/W2144411915,10.1016/j.expneurol.2011.09.019,2011.0,article,False,0.0,False,False,False,False,False,False,False,
10.1016/j.gene.2013.05.055,10.1016/j.gene.2013.05.055,10.1016/j.gene.2013.05.055,Lack of association of EGR2 variants with bipolar disorder in Japanese population,2013,biological sciences,biology,F_gate_miss_no_abstract,False,True,https://openalex.org/W2051598677,10.1016/j.gene.2013.05.055,2013.0,article,False,0.0,False,False,False,False,False,False,False,
10.1016/j.gene.2018.06.024,10.1016/j.gene.2018.06.024,10.1016/j.gene.2018.06.024,The role of CDKN2B in cardiovascular risk in ethnic Saudi Arabs: A validation study,2018,biological sciences,medical fields,F_gate_miss_no_abstract,False,True,https://openalex.org/W2806783355,10.1016/j.gene.2018.06.024,2018.0,article,False,0.0,False,False,False,False,False,False,False,
10.1016/j.hrtlng.2004.03.004,10.1016/j.hrtlng.2004.03.004,10.1016/j.hrtlng.2004.03.004,Predictors of successful heart failure self-care maintenance in the first three months after hospitalization,2004,biological sciences,medical fields,F_gate_miss_no_abstract,False,True,https://openalex.org/W1996302230,10.1016/j.hrtlng.2004.03.004,2004.0,article,False,0.0,False,False,False,False,False,False,False,
10.1016/j.humimm.2014.09.023,10.1016/j.humimm.2014.09.023,10.1016/j.humimm.2014.09.023,SNP/haplotype associations of CCR2 and CCR5 genes with severity of chagasic cardiomyopathy,2014,biological sciences,medical fields,F_gate_miss_no_abstract,False,True,https://openalex.org/W1966224572,10.1016/j.humimm.2014.09.023,2014.0,article,False,0.0,False,False,False,False,False,False,False,
10.1016/j.ienj.2021.101044,10.1016/j.ienj.2021.101044,10.1016/j.ienj.2021.101044,The lived experience of workplace reciprocity of emergency nurses in the mid-Atlantic region of the U.S.: A descriptive phenomenological study,2021,biological sciences,medical fields,F_gate_miss_no_abstract,False,True,https://openalex.org/W3184083015,10.1016/j.ienj.2021.101044,2021.0,article,False,0.0,False,False,False,False,False,False,False,
10.1016/j.ijnurstu.2010.02.014,10.1016/j.ijnurstu.2010.02.014,10.1016/j.ijnurstu.2010.02.014,Relationship of job satisfaction with perceived organizational support and quality of care among South Korean nurses: A questionnaire survey,2010,biological sciences,medical fields,F_gate_miss_no_abstract,False,True,https://openalex.org/W2026054802,10.1016/j.ijnurstu.2010.02.014,2010.0,article,False,0.0,False,False,False,False,False,False,False,
10.1016/j.ijpsycho.2013.07.003,10.1016/j.ijpsycho.2013.07.003,10.1016/j.ijpsycho.2013.07.003,Olfaction in the psychosis prodrome: Electrophysiological and behavioral measures of odor detection,2013,biological sciences,neuroscience,F_gate_miss_no_abstract,False,True,https://openalex.org/W2127842223,10.1016/j.ijpsycho.2013.07.003,2013.0,article,False,0.0,False,False,False,False,False,False,False,
10.1016/j.ijpsycho.2015.12.004,10.1016/j.ijpsycho.2015.12.004,10.1016/j.ijpsycho.2015.12.004,Somatosensory pain is not reliably modulated by weak acoustic stimuli,2016,social sciences,psychology,F_gate_miss_no_abstract,True,True,https://openalex.org/W2197546105,10.1016/j.ijpsycho.2015.12.004,2015.0,article,False,0.0,False,False,False,False,False,False,False,
10.1016/j.ijpsycho.2022.03.010,10.1016/j.ijpsycho.2022.03.010,10.1016/j.ijpsycho.2022.03.010,No effect of focused attention and open monitoring meditation on EEG auditory mismatch negativity in expert and novice practitioners,2022,biological sciences,neuroscience,B_sibling_record_in_pool,False,True,https://openalex.org/W4221098503,10.1016/j.ijpsycho.2022.03.010,2022.0,article,False,0.0,False,False,False,False,True,False,False,
10.1016/j.infbeh.2014.06.004,10.1016/j.infbeh.2014.06.004,10.1016/j.infbeh.2014.06.004,"Social looking, social referencing and humor perception in 6- and-12-month-old infants",2014,social sciences,psychology,F_gate_miss_no_abstract,False,True,https://openalex.org/W2012886719,10.1016/j.infbeh.2014.06.004,2014.0,article,False,0.0,False,False,False,False,False,False,False,
10.1016/j.jacc.2007.09.044,10.1016/j.jacc.2007.09.044,10.1016/j.jacc.2007.09.044,A Kinesin Family Member 6 Variant Is Associated With Coronary Heart Disease in the Women’s Health Study,2008,biological sciences,medical fields,F_gate_miss_no_abstract,False,True,https://openalex.org/W1986510099,10.1016/j.jacc.2007.09.044,2008.0,article,False,0.0,False,False,False,False,False,False,False,
10.1016/j.jacc.2010.06.022,10.1016/j.jacc.2010.06.022,10.1016/j.jacc.2010.06.022,Lack of Association Between the Trp719Arg Polymorphism in Kinesin-Like Protein-6 and Coronary Artery Disease in 19 Case-Control Studies,2010,biological sciences,medical fields,B_sibling_record_in_pool,False,True,https://openalex.org/W2035513334,10.1016/j.jacc.2010.06.022,2010.0,article,False,0.0,False,False,False,False,True,False,False,
10.1016/j.jaci.2011.08.030,10.1016/j.jaci.2011.08.030,10.1016/j.jaci.2011.08.030,A genome-wide meta-analysis of genetic variants associated with allergic rhinitis and grass sensitization and their interaction with birth order,2011,biological sciences,medical fields,F_gate_miss_no_abstract,False,True,https://openalex.org/W2161416069,10.1016/j.jaci.2011.08.030,2011.0,review,False,0.0,False,False,False,False,False,False,False,
10.1016/j.jad.2011.11.030,10.1016/j.jad.2011.11.030,10.1016/j.jad.2011.11.030,Family religion and psychopathology in children of depressed mothers: Ten-year follow-up,2012,biological sciences,medical fields,B_sibling_record_in_pool,False,True,https://openalex.org/W2040332723,10.1016/j.jad.2011.11.030,2011.0,article,False,0.0,False,False,False,False,True,False,False,
10.1016/j.jad.2016.01.007,10.1016/j.jad.2016.01.007,10.1016/j.jad.2016.01.007,Social anxiety is related to increased dwell time on socially threatening faces,2016,social sciences,psychology,F_gate_miss_no_abstract,False,True,https://openalex.org/W2237054022,10.1016/j.jad.2016.01.007,2016.0,article,False,0.0,False,False,False,False,False,False,False,
10.1016/j.jad.2018.08.058,10.1016/j.jad.2018.08.058,10.1016/j.jad.2018.08.058,Differentiating responders and non-responders to rTMS treatment for depression after one week using resting EEG connectivity measures,2018,biological sciences,medical fields,F_gate_miss_no_abstract,False,True,https://openalex.org/W2885696377,10.1016/j.jad.2018.08.058,2018.0,article,False,0.0,False,False,False,False,False,False,False,
10.1016/j.jad.2019.05.055,10.1016/j.jad.2019.05.055,10.1016/j.jad.2019.05.055,Examining raphe-amygdala structural connectivity as a biological predictor of SSRI response,2019,biological sciences,medical fields,F_gate_miss_no_abstract,False,True,https://openalex.org/W2947225538,10.1016/j.jad.2019.05.055,2019.0,article,False,0.0,False,False,False,False,False,False,False,
10.1016/j.jagp.2014.10.004,10.1016/j.jagp.2014.10.004,10.1016/j.jagp.2014.10.004,Impulsive Traits and Unplanned Suicide Attempts Predict Exaggerated Prefrontal Response to Angry Faces in the Elderly,2015,biological sciences,neuroscience,F_gate_miss_no_abstract,False,True,https://openalex.org/W2127281540,10.1016/j.jagp.2014.10.004,2014.0,article,False,0.0,False,False,False,False,False,False,False,
10.1016/j.jbtep.2004.11.005,10.1016/j.jbtep.2004.11.005,10.1016/j.jbtep.2004.11.005,Dissociation related to subjective memory fragmentation and intrusions but not to objective memory disturbances,2005,social sciences,psychology,F_gate_miss_no_abstract,False,True,https://openalex.org/W2133946033,10.1016/j.jbtep.2004.11.005,2005.0,article,False,0.0,False,False,False,False,False,False,False,
10.1016/j.jbtep.2020.101573,10.1016/j.jbtep.2020.101573,10.1016/j.jbtep.2020.101573,Not all checking decreases memory confidence: Implications for obsessive-compulsive disorder,2020,social sciences,psychology,F_gate_miss_no_abstract,True,True,https://openalex.org/W3021499501,10.1016/j.jbtep.2020.101573,2020.0,article,False,0.0,False,False,False,False,False,False,False,
10.1016/j.jdermsci.2012.07.002,10.1016/j.jdermsci.2012.07.002,10.1016/j.jdermsci.2012.07.002,Analysis of genetic variants of class II cytokine and their receptor genes in psoriasis patients of two ethnic groups from the Volga-Ural region of Russia,2012,biological sciences,medical fields,F_gate_miss_no_abstract,False,True,https://openalex.org/W1989668651,10.1016/j.jdermsci.2012.07.002,2012.0,article,False,0.0,False,False,False,False,False,False,False,
10.1016/j.jecp.2012.10.011,10.1016/j.jecp.2012.10.011,10.1016/j.jecp.2012.10.011,The role of linguistic labels in inductive generalization,2013,social sciences,psychology,F_gate_miss_no_abstract,False,True,https://openalex.org/W2112329952,10.1016/j.jecp.2012.10.011,2012.0,article,False,0.0,False,False,False,False,False,False,False,
10.1016/j.jecp.2015.12.009,10.1016/j.jecp.2015.12.009,10.1016/j.jecp.2015.12.009,Inhibition of the mirror generalization process in reading in school-aged children,2016,social sciences,psychology,F_gate_miss_no_abstract,True,True,https://openalex.org/W2250357708,10.1016/j.jecp.2015.12.009,2016.0,article,False,0.0,False,False,False,False,False,False,False,
10.1016/j.jenvp.2013.07.006,10.1016/j.jenvp.2013.07.006,10.1016/j.jenvp.2013.07.006,Smelling the books: The effect of chocolate scent on purchase-related behavior in a bookstore,2013,social sciences,psychology,F_gate_miss_no_abstract,False,True,https://openalex.org/W1967601879,10.1016/j.jenvp.2013.07.006,2013.0,article,False,0.0,False,False,False,False,False,False,False,
10.1016/j.jesp.2007.06.005,10.1016/j.jesp.2007.06.005,10.1016/j.jesp.2007.06.005,Blonde like me: When self-construals moderate stereotype priming effects on intellectual performance,2007,social sciences,psychology,F_gate_miss_no_abstract,False,True,https://openalex.org/W2070608975,10.1016/j.jesp.2007.06.005,2007.0,article,False,0.0,False,False,False,False,False,False,False,
10.1016/j.jesp.2013.05.011,10.1016/j.jesp.2013.05.011,10.1016/j.jesp.2013.05.011,Can the goal of honesty be primed?,2013,social sciences,psychology,F_gate_miss_no_abstract,True,True,https://openalex.org/W2136620180,10.1016/j.jesp.2013.05.011,2013.0,article,False,0.0,False,False,False,False,False,False,False,
10.1016/j.jesp.2015.08.005,10.1016/j.jesp.2015.08.005,10.1016/j.jesp.2015.08.005,"Time, money, and happiness: Does putting a price on time affect our ability to smell the roses?",2016,social sciences,psychology,B_sibling_record_in_pool,True,True,https://openalex.org/W2235563052,10.1016/j.jesp.2015.08.005,2016.0,article,False,0.0,False,False,False,False,True,False,False,
10.1016/j.jhealeco.2006.07.003,10.1016/j.jhealeco.2006.07.003,10.1016/j.jhealeco.2006.07.003,Inequality and mortality: Long-run evidence from a panel of countries,2007,biological sciences,medical fields,F_gate_miss_no_abstract,False,True,https://openalex.org/W2155168859,10.1016/j.jhealeco.2006.07.003,2006.0,article,False,0.0,False,False,False,False,False,False,False,
10.1016/j.jhealeco.2007.10.010,10.1016/j.jhealeco.2007.10.010,10.1016/j.jhealeco.2007.10.010,Child Mental Health and Human Capital Accumulation: The Case of ADHD Revisited,2007,social sciences,economics,F_gate_miss_no_abstract,False,True,https://openalex.org/W2163215295,10.1016/j.jhealeco.2007.10.010,2007.0,article,False,0.0,False,False,False,False,False,False,False,
10.1016/j.jml.2008.09.001,10.1016/j.jml.2008.09.001,10.1016/j.jml.2008.09.001,Shared features dominate semantic richness effects for concrete concepts,2009,social sciences,psychology,F_gate_miss_no_abstract,False,True,https://openalex.org/W2172055183,10.1016/j.jml.2008.09.001,2008.0,article,False,0.0,False,False,False,False,False,False,False,
10.1016/j.jml.2008.10.001,10.1016/j.jml.2008.10.001,10.1016/j.jml.2008.10.001,Semantic convergence in the bilingual lexicon,2009,social sciences,linguistics,F_gate_miss_no_abstract,False,True,https://openalex.org/W2118630697,10.1016/j.jml.2008.10.001,2008.0,article,False,0.0,False,False,False,False,False,False,False,
10.1016/j.jml.2013.09.002,10.1016/j.jml.2013.09.002,10.1016/j.jml.2013.09.002,Synonyms provide semantic preview benefit in English,2013,social sciences,linguistics,F_gate_miss_no_abstract,False,True,https://openalex.org/W2102486384,10.1016/j.jml.2013.09.002,2013.0,article,False,0.0,False,False,False,False,False,False,False,
10.1016/j.jml.2015.04.005,10.1016/j.jml.2015.04.005,10.1016/j.jml.2015.04.005,The effect of contextual constraint on parafoveal processing in reading,2015,social sciences,psychology,F_gate_miss_no_abstract,False,True,https://openalex.org/W305913263,10.1016/j.jml.2015.04.005,2015.0,article,False,0.0,False,False,False,False,False,False,False,
10.1016/j.jml.2018.05.006,10.1016/j.jml.2018.05.006,10.1016/j.jml.2018.05.006,Individual differences in syntactic processing: Is there evidence for reader-text interactions?,2018,social sciences,linguistics,F_gate_miss_no_abstract,False,True,https://openalex.org/W2810174693,10.1016/j.jml.2018.05.006,2018.0,article,False,0.0,False,False,False,False,False,False,False,
10.1016/j.jns.2015.06.056,10.1016/j.jns.2015.06.056,10.1016/j.jns.2015.06.056,Association of the Charcot–Marie–Tooth disease gene ARHGEF10 with paclitaxel induced peripheral neuropathy in NCCTG N08CA (Alliance),2015,biological sciences,medical fields,F_gate_miss_no_abstract,False,True,https://openalex.org/W1638529352,10.1016/j.jns.2015.06.056,2015.0,article,False,0.0,False,False,False,False,False,False,False,
10.1016/j.jocrd.2016.07.004,10.1016/j.jocrd.2016.07.004,10.1016/j.jocrd.2016.07.004,Concentrated exposure and response prevention for adolescents with obsessive-compulsive disorder: An effectiveness study,2016,social sciences,psychology,F_gate_miss_no_abstract,False,True,https://openalex.org/W2516009509,10.1016/j.jocrd.2016.07.004,2016.0,article,False,0.0,False,False,False,False,False,False,False,
10.1016/j.joep.2018.11.004,10.1016/j.joep.2018.11.004,10.1016/j.joep.2018.11.004,The effects of facial attractiveness and trustworthiness in online peer-to-peer markets,2019,social sciences,psychology,B_sibling_record_in_pool,True,True,https://openalex.org/W2901182490,10.1016/j.joep.2018.11.004,2018.0,article,False,0.0,False,False,False,False,True,False,False,
10.1016/j.joep.2019.02.001,10.1016/j.joep.2019.02.001,10.1016/j.joep.2019.02.001,Are consumption taxes really disliked more than equivalent costs? Inconclusive results in the USA and no effect in the UK,2019,social sciences,psychology,F_gate_miss_no_abstract,False,True,https://openalex.org/W2914956165,10.1016/j.joep.2019.02.001,2019.0,article,False,0.0,False,False,False,False,False,False,False,
10.1016/j.joep.2024.102730,10.1016/j.joep.2024.102730,10.1016/j.joep.2024.102730,Positive autobiographical memory recall does not influence temporal discounting: An internal meta-analysis of experimental studies,2024,social sciences,psychology,B_sibling_record_in_pool,False,True,https://openalex.org/W4396521008,10.1016/j.joep.2024.102730,2024.0,review,False,0.0,False,False,False,False,True,False,False,
10.1016/j.jrp.2010.11.010,10.1016/j.jrp.2010.11.010,10.1016/j.jrp.2010.11.010,Altruism at the ballots: Predicting political attitudes and behavior,2011,social sciences,psychology,F_gate_miss_no_abstract,True,True,https://openalex.org/W2044173076,10.1016/j.jrp.2010.11.010,2010.0,article,False,0.0,False,False,False,False,False,False,False,
10.1016/j.jrp.2013.04.006,10.1016/j.jrp.2013.04.006,10.1016/j.jrp.2013.04.006,Optimism and pessimism in social context: An interpersonal perspective on resilience and risk,2013,social sciences,psychology,F_gate_miss_no_abstract,False,True,https://openalex.org/W2044039522,10.1016/j.jrp.2013.04.006,2013.0,article,False,0.0,False,False,False,False,False,False,False,
10.1016/j.jsat.2013.07.013,10.1016/j.jsat.2013.07.013,10.1016/j.jsat.2013.07.013,Computer-delivered screening and brief intervention (e-SBI) for postpartum drug use: A randomized trial,2014,biological sciences,medical fields,F_gate_miss_no_abstract,False,True,https://openalex.org/W2156850322,10.1016/j.jsat.2013.07.013,2013.0,article,False,0.0,False,False,False,False,False,False,False,
10.1016/j.jsat.2017.09.011,10.1016/j.jsat.2017.09.011,10.1016/j.jsat.2017.09.011,Effect of computerized cognitive behavioral therapy on acquisition of coping skills among cocaine-dependent individuals enrolled in methadone maintenance,2017,biological sciences,medical fields,F_gate_miss_no_abstract,False,True,https://openalex.org/W2755370331,10.1016/j.jsat.2017.09.011,2017.0,article,False,0.0,False,False,False,False,False,False,False,
10.1016/j.jsp.2008.09.003,10.1016/j.jsp.2008.09.003,10.1016/j.jsp.2008.09.003,Reducing disruptive behavior in an urban school cafeteria: An extension of the Good Behavior Game,2009,social sciences,psychology,F_gate_miss_no_abstract,False,True,https://openalex.org/W1967371000,10.1016/j.jsp.2008.09.003,2008.0,article,False,0.0,False,False,False,False,False,False,False,
10.1016/j.kint.2022.01.014,10.1016/j.kint.2022.01.014,10.1016/j.kint.2022.01.014,Trans-ethnic genome-wide association study of blood metabolites in the Chronic Renal Insufficiency Cohort (CRIC) study,2022,biological sciences,biology,F_gate_miss_no_abstract,False,True,https://openalex.org/W4210422824,10.1016/j.kint.2022.01.014,2022.0,article,False,0.0,False,False,False,False,False,False,False,
10.1016/j.learninstruc.2015.08.002,10.1016/j.learninstruc.2015.08.002,10.1016/j.learninstruc.2015.08.002,Further evidence that concept mapping is not better than repeated retrieval as a tool for learning from texts,2015,social sciences,psychology,F_gate_miss_no_abstract,True,True,https://openalex.org/W1679885143,10.1016/j.learninstruc.2015.08.002,2015.0,article,False,0.0,False,False,False,False,False,False,False,
10.1016/j.learninstruc.2018.10.002,10.1016/j.learninstruc.2018.10.002,10.1016/j.learninstruc.2018.10.002,"Response sentences, examples, and authenticity do not help children solve real wor(l)d problems",2019,social sciences,education,F_gate_miss_no_abstract,True,True,https://openalex.org/W2898858791,10.1016/j.learninstruc.2018.10.002,2018.0,article,False,0.0,False,False,False,False,False,False,False,
10.1016/j.lfs.2004.10.040,10.1016/j.lfs.2004.10.040,10.1016/j.lfs.2004.10.040,Role of learning of open arm avoidance in the phenomenon of one-trial tolerance to the anxiolytic effect of chlordiazepoxide in mice,2005,social sciences,psychology,F_gate_miss_no_abstract,False,True,https://openalex.org/W1975591438,10.1016/j.lfs.2004.10.040,2005.0,article,False,0.0,False,False,False,False,False,False,False,
10.1016/j.lindif.2012.01.004,10.1016/j.lindif.2012.01.004,10.1016/j.lindif.2012.01.004,Gender-specific effects of artificially induced gender beliefs in mental rotation,2012,social sciences,psychology,F_gate_miss_no_abstract,True,True,https://openalex.org/W1981154768,10.1016/j.lindif.2012.01.004,2012.0,article,False,0.0,False,False,False,False,False,False,False,
10.1016/j.lindif.2012.03.010,10.1016/j.lindif.2012.03.010,10.1016/j.lindif.2012.03.010,Test-Taking Strategy as a Mediator between Race and Academic Performance,2012,social sciences,psychology,B_sibling_record_in_pool,True,True,https://openalex.org/W1982276925,10.1016/j.lindif.2012.03.010,2012.0,article,False,0.0,False,False,False,False,True,False,False,
10.1016/j.lindif.2015.12.026,10.1016/j.lindif.2015.12.026,10.1016/j.lindif.2015.12.026,Another look at the Spearman's hypothesis and relationship between Digit Span and General Mental Ability,2016,social sciences,psychology,F_gate_miss_no_abstract,True,True,https://openalex.org/W2226226656,10.1016/j.lindif.2015.12.026,2016.0,article,False,0.0,False,False,False,False,False,False,False,
10.1016/j.lindif.2016.03.001,10.1016/j.lindif.2016.03.001,10.1016/j.lindif.2016.03.001,A relational frame skills training intervention to increase general intelligence and scholastic aptitude,2016,social sciences,psychology,F_gate_miss_no_abstract,True,True,https://openalex.org/W2301889832,10.1016/j.lindif.2016.03.001,2016.0,article,False,0.0,False,False,False,False,False,False,False,
10.1016/j.lindif.2019.05.001,10.1016/j.lindif.2019.05.001,10.1016/j.lindif.2019.05.001,Exploring the dark side of exposure to peer excellence among traditional and nontraditional college students,2019,social sciences,psychology,F_gate_miss_no_abstract,True,True,https://openalex.org/W2945411542,10.1016/j.lindif.2019.05.001,2019.0,article,False,0.0,False,False,False,False,False,False,False,
10.1016/j.mce.2016.05.020,10.1016/j.mce.2016.05.020,10.1016/j.mce.2016.05.020,The ENPP1 K121Q polymorphism is associated with type 2 diabetes and related metabolic phenotypes in a Taiwanese population,2016,biological sciences,medical fields,F_gate_miss_no_abstract,False,True,https://openalex.org/W2401197068,10.1016/j.mce.2016.05.020,2016.0,article,False,0.0,False,False,False,False,False,False,False,
10.1016/j.neulet.2004.04.021,10.1016/j.neulet.2004.04.021,10.1016/j.neulet.2004.04.021,No association between the genetic polymorphisms within RTN4 and schizophrenia in the Chinese population,2004,biological sciences,neuroscience,F_gate_miss_no_abstract,False,True,https://openalex.org/W2036240544,10.1016/j.neulet.2004.04.021,2004.0,article,False,0.0,False,False,False,False,False,False,False,
10.1016/j.neulet.2004.10.015,10.1016/j.neulet.2004.10.015,10.1016/j.neulet.2004.10.015,No association was found between a functional SNP in ZDHHC8 and schizophrenia in a Japanese case–control population,2005,biological sciences,neuroscience,F_gate_miss_no_abstract,False,True,https://openalex.org/W2081933919,10.1016/j.neulet.2004.10.015,2004.0,article,False,0.0,False,False,False,False,False,False,False,
10.1016/j.neulet.2011.06.038,10.1016/j.neulet.2011.06.038,10.1016/j.neulet.2011.06.038,Genetic studies of the protein kinase AKT1 in Parkinson's disease,2011,biological sciences,neuroscience,F_gate_miss_no_abstract,False,True,https://openalex.org/W2091618821,10.1016/j.neulet.2011.06.038,2011.0,article,False,0.0,False,False,False,False,False,False,False,
10.1016/j.neurad.2013.11.006,10.1016/j.neurad.2013.11.006,10.1016/j.neurad.2013.11.006,Defining acute ischemic stroke tissue pathophysiology with whole brain CT perfusion,2014,biological sciences,medical fields,F_gate_miss_no_abstract,False,True,https://openalex.org/W2141924453,10.1016/j.neurad.2013.11.006,2014.0,article,False,0.0,False,False,False,False,False,False,False,
10.1016/j.neures.2010.06.014,10.1016/j.neures.2010.06.014,10.1016/j.neures.2010.06.014,Further evidence for the role of MET in autism susceptibility,2010,biological sciences,medical fields,F_gate_miss_no_abstract,False,True,https://openalex.org/W2014693832,10.1016/j.neures.2010.06.014,2010.0,article,False,0.0,False,False,False,False,False,False,False,
10.1016/j.neurobiolaging.2007.12.016,10.1016/j.neurobiolaging.2007.12.016,10.1016/j.neurobiolaging.2007.12.016,Further delineation of the association signal on chromosome 5 from the first whole genome association study in Parkinson's disease,2009,biological sciences,medical fields,F_gate_miss_no_abstract,False,True,https://openalex.org/W2073560383,10.1016/j.neurobiolaging.2007.12.016,2008.0,article,False,0.0,False,False,False,False,False,False,False,
10.1016/j.neurobiolaging.2012.12.018,10.1016/j.neurobiolaging.2012.12.018,10.1016/j.neurobiolaging.2012.12.018,TREM2 is associated with the risk of Alzheimer's disease in Spanish population,2013,biological sciences,biology,F_gate_miss_no_abstract,False,True,https://openalex.org/W2099345343,10.1016/j.neurobiolaging.2012.12.018,2013.0,article,False,0.0,False,False,False,False,False,False,False,
10.1016/j.neurobiolaging.2014.12.012,10.1016/j.neurobiolaging.2014.12.012,10.1016/j.neurobiolaging.2014.12.012,Assessment of RIT2 rs12456492 association with Parkinson's disease in Mainland China,2015,biological sciences,neuroscience,F_gate_miss_no_abstract,False,True,https://openalex.org/W2064899612,10.1016/j.neurobiolaging.2014.12.012,2014.0,article,False,0.0,False,False,False,False,False,False,False,
10.1016/j.neurobiolaging.2018.03.027,10.1016/j.neurobiolaging.2018.03.027,10.1016/j.neurobiolaging.2018.03.027,No association between 5 new GWAS-linked loci in Parkinson's disease and multiple system atrophy in a Chinese population,2018,biological sciences,medical fields,F_gate_miss_no_abstract,False,True,https://openalex.org/W2796151580,10.1016/j.neurobiolaging.2018.03.027,2018.0,article,False,0.0,False,False,False,False,False,False,False,
10.1016/j.neurobiolaging.2018.09.012,10.1016/j.neurobiolaging.2018.09.012,10.1016/j.neurobiolaging.2018.09.012,Association of NIPA1 repeat expansions with amyotrophic lateral sclerosis in a large international cohort,2019,biological sciences,biology,F_gate_miss_no_abstract,False,True,https://openalex.org/W2893907256,10.1016/j.neurobiolaging.2018.09.012,2018.0,article,False,0.0,False,False,False,False,False,False,False,
10.1016/j.neuroimage.2005.09.004,10.1016/j.neuroimage.2005.09.004,10.1016/j.neuroimage.2005.09.004,Brain electrical tomography (BET) analysis of induced gamma band responses during a simple object recognition task,2006,biological sciences,neuroscience,F_gate_miss_no_abstract,False,True,https://openalex.org/W2054556813,10.1016/j.neuroimage.2005.09.004,2005.0,article,False,0.0,False,False,False,False,False,False,False,
10.1016/j.neuroimage.2008.04.023,10.1016/j.neuroimage.2008.04.023,10.1016/j.neuroimage.2008.04.023,Subcortical processes of motor response inhibition during a stop signal task,2008,biological sciences,neuroscience,F_gate_miss_no_abstract,False,True,https://openalex.org/W2030600687,10.1016/j.neuroimage.2008.04.023,2008.0,article,False,0.0,False,False,False,False,False,False,False,
10.1016/j.neuroimage.2009.07.031,10.1016/j.neuroimage.2009.07.031,10.1016/j.neuroimage.2009.07.031,Imagine that! ERPs provide evidence for distinct hemispheric contributions to the processing of concrete and abstract concepts,2010,biological sciences,neuroscience,F_gate_miss_no_abstract,False,True,https://openalex.org/W2069063704,10.1016/j.neuroimage.2009.07.031,2009.0,article,False,0.0,False,False,False,False,False,False,False,
10.1016/j.neuroimage.2011.09.075,10.1016/j.neuroimage.2011.09.075,10.1016/j.neuroimage.2011.09.075,Reduced phase locking to slow amplitude modulation in adults with dyslexia: An MEG study,2012,biological sciences,neuroscience,F_gate_miss_no_abstract,False,True,https://openalex.org/W2062855150,10.1016/j.neuroimage.2011.09.075,2011.0,article,False,0.0,False,False,False,False,False,False,False,
10.1016/j.neuroimage.2019.116115,10.1016/j.neuroimage.2019.116115,10.1016/j.neuroimage.2019.116115,Rapid sensory gain with emotional distracters precedes attentional deployment from a foreground task,2019,biological sciences,neuroscience,F_gate_miss_no_abstract,False,True,https://openalex.org/W2969373342,10.1016/j.neuroimage.2019.116115,2019.0,article,False,0.0,False,False,False,False,False,False,False,
10.1016/j.neuron.2018.07.032,10.1016/j.neuron.2018.07.032,10.1016/j.neuron.2018.07.032,Neural Mechanisms of Sustained Attention Are Rhythmic,2018,biological sciences,neuroscience,F_gate_miss_no_abstract,False,True,https://openalex.org/W2888238712,10.1016/j.neuron.2018.07.032,2018.0,article,False,0.0,False,False,False,False,False,False,False,
10.1016/j.neuropharm.2021.108530,10.1016/j.neuropharm.2021.108530,10.1016/j.neuropharm.2021.108530,Factors of sex and age dictate the regulation of GABAergic activity by corticotropin-releasing factor receptor 1 in the medial sub-nucleus of the central amygdala,2021,biological sciences,neuroscience,B_sibling_record_in_pool,False,True,https://openalex.org/W3137323555,10.1016/j.neuropharm.2021.108530,2021.0,article,False,0.0,False,False,False,False,True,False,False,
10.1016/j.neuropsychologia.2012.07.036,10.1016/j.neuropsychologia.2012.07.036,10.1016/j.neuropsychologia.2012.07.036,Many roads lead to recognition: Electrophysiological correlates of familiarity derived from short-term masked repetition priming,2012,biological sciences,neuroscience,F_gate_miss_no_abstract,False,True,https://openalex.org/W2134112877,10.1016/j.neuropsychologia.2012.07.036,2012.0,article,False,0.0,False,False,False,False,False,False,False,
10.1016/j.neuropsychologia.2013.10.008,10.1016/j.neuropsychologia.2013.10.008,10.1016/j.neuropsychologia.2013.10.008,Increased response variability as a marker of executive dysfunction in veterans with post-traumatic stress disorder,2013,social sciences,psychology,F_gate_miss_no_abstract,False,True,https://openalex.org/W2051154942,10.1016/j.neuropsychologia.2013.10.008,2013.0,article,False,0.0,False,False,False,False,False,False,False,
10.1016/j.neuropsychologia.2014.11.020,10.1016/j.neuropsychologia.2014.11.020,10.1016/j.neuropsychologia.2014.11.020,Age related differences in reaction time components and diffusion properties of normal-appearing white matter in healthy adults,2015,biological sciences,neuroscience,F_gate_miss_no_abstract,False,True,https://openalex.org/W2002688872,10.1016/j.neuropsychologia.2014.11.020,2014.0,article,False,0.0,False,False,False,False,False,False,False,
10.1016/j.neuropsychologia.2017.02.016,10.1016/j.neuropsychologia.2017.02.016,10.1016/j.neuropsychologia.2017.02.016,Focused stimulation of dorsal subthalamic nucleus improves reactive inhibitory control of action impulses,2017,biological sciences,neuroscience,F_gate_miss_no_abstract,False,True,https://openalex.org/W2591558431,10.1016/j.neuropsychologia.2017.02.016,2017.0,article,False,0.0,False,False,False,False,False,False,False,
10.1016/j.neuroscience.2012.09.031,10.1016/j.neuroscience.2012.09.031,10.1016/j.neuroscience.2012.09.031,Gender-specific perturbations in modulatory inputs to motoneurons in a mouse model of amyotrophic lateral sclerosis,2012,biological sciences,neuroscience,F_gate_miss_no_abstract,False,True,https://openalex.org/W1981852811,10.1016/j.neuroscience.2012.09.031,2012.0,article,False,0.0,False,False,False,False,False,False,False,
10.1016/j.nicl.2019.101701,10.1016/j.nicl.2019.101701,10.1016/j.nicl.2019.101701,Increased heartbeat-evoked potential during REM sleep in nightmare disorder,2019,social sciences,psychology,G_gate_miss_with_abstract,False,True,https://openalex.org/W2912944787,10.1016/j.nicl.2019.101701,2019.0,article,True,1629.0,False,False,False,False,False,False,False,
10.1016/j.nlm.2012.11.001,10.1016/j.nlm.2012.11.001,10.1016/j.nlm.2012.11.001,Changing memories after reactivation: A one-time opportunity?,2013,social sciences,psychology,F_gate_miss_no_abstract,False,True,https://openalex.org/W2128684607,10.1016/j.nlm.2012.11.001,2012.0,article,False,0.0,False,False,False,False,False,False,False,
10.1016/j.nlm.2013.10.014,10.1016/j.nlm.2013.10.014,10.1016/j.nlm.2013.10.014,Human fear extinction and return of fear using reconsolidation update mechanisms: The contribution of on-line expectancy ratings,2014,social sciences,psychology,F_gate_miss_no_abstract,False,True,https://openalex.org/W1966045854,10.1016/j.nlm.2013.10.014,2013.0,article,False,0.0,False,False,False,False,False,False,False,
10.1016/j.obhdp.2009.06.003,10.1016/j.obhdp.2009.06.003,10.1016/j.obhdp.2009.06.003,Is it even worth it? The effect of loss prospects in the outcome distribution of a public goods dilemma,2010,social sciences,psychology,F_gate_miss_no_abstract,False,True,https://openalex.org/W2170679060,10.1016/j.obhdp.2009.06.003,2009.0,article,False,0.0,False,False,False,False,False,False,False,
10.1016/j.obhdp.2013.10.003,10.1016/j.obhdp.2013.10.003,10.1016/j.obhdp.2013.10.003,The vision heuristic: Judging music ensembles by sight alone,2014,social sciences,psychology,G_gate_miss_with_abstract,False,True,https://openalex.org/W2072224093,10.1016/j.obhdp.2013.10.003,2013.0,article,True,815.0,False,False,False,False,False,False,False,
10.1016/j.ophtha.2012.07.078,10.1016/j.ophtha.2012.07.078,10.1016/j.ophtha.2012.07.078,Matrix Metalloproteinases and Educational Attainment in Refractive Error,2013,biological sciences,biology,F_gate_miss_no_abstract,False,True,https://openalex.org/W109092171,10.1016/j.ophtha.2012.07.078,2012.0,article,False,0.0,False,False,False,False,False,False,False,
10.1016/j.paid.2015.04.020,10.1016/j.paid.2015.04.020,10.1016/j.paid.2015.04.020,"Mental toughness, reinforcement sensitivity theory, and the five-factor model: Personality and directed forgetting",2015,social sciences,psychology,F_gate_miss_no_abstract,True,True,https://openalex.org/W2052907042,10.1016/j.paid.2015.04.020,2015.0,article,False,0.0,False,False,False,False,False,False,False,
10.1016/j.paid.2015.08.031,10.1016/j.paid.2015.08.031,10.1016/j.paid.2015.08.031,"Moral perfectionism and moral values, virtues, and judgments: Further investigations",2016,social sciences,psychology,F_gate_miss_no_abstract,True,True,https://openalex.org/W1184939568,10.1016/j.paid.2015.08.031,2015.0,article,False,0.0,False,False,False,False,False,False,False,
10.1016/j.parkreldis.2007.11.002,10.1016/j.parkreldis.2007.11.002,10.1016/j.parkreldis.2007.11.002,Reappraisal of the role of the DRD3 gene in essential tremor,2008,biological sciences,medical fields,F_gate_miss_no_abstract,False,True,https://openalex.org/W2046302327,10.1016/j.parkreldis.2007.11.002,2008.0,article,False,0.0,False,False,False,False,False,False,False,
10.1016/j.physbeh.2010.12.015,10.1016/j.physbeh.2010.12.015,10.1016/j.physbeh.2010.12.015,Influence of diurnal phase on startle response in adult rats exposed to dexamethasone in utero,2011,social sciences,psychology,F_gate_miss_no_abstract,True,True,https://openalex.org/W2007193662,10.1016/j.physbeh.2010.12.015,2010.0,article,False,0.0,False,False,False,False,False,False,False,
10.1016/j.physbeh.2025.114949,10.1016/j.physbeh.2025.114949,10.1016/j.physbeh.2025.114949,Associations of CO2 reactivity and orexin activity with extinction memory to fear and reward cues: results from a large sample of male rats across multiple studies,2025,biological sciences,neuroscience,E_gate_pass_record_changed_since_snapshot,False,True,https://openalex.org/W4410237632,10.1016/j.physbeh.2025.114949,2025.0,article,True,1733.0,False,True,False,True,False,False,False,
10.1016/j.pnpbp.2006.02.008,10.1016/j.pnpbp.2006.02.008,10.1016/j.pnpbp.2006.02.008,Brain-derived neurotrophic factor gene (BDNF) variants and schizophrenia: An association study,2006,biological sciences,medical fields,F_gate_miss_no_abstract,False,True,https://openalex.org/W2024900156,10.1016/j.pnpbp.2006.02.008,2006.0,article,False,0.0,False,False,False,False,False,False,False,
10.1016/j.pnpbp.2011.09.003,10.1016/j.pnpbp.2011.09.003,10.1016/j.pnpbp.2011.09.003,Impaired functioning in euthymic patients with bipolar disorder — HSV-1 as a predictor,2012,biological sciences,medical fields,F_gate_miss_no_abstract,False,True,https://openalex.org/W2016260633,10.1016/j.pnpbp.2011.09.003,2011.0,article,False,0.0,False,False,False,False,False,False,False,
10.1016/j.pscychresns.2005.05.008,10.1016/j.pscychresns.2005.05.008,10.1016/j.pscychresns.2005.05.008,Reduced hippocampal volume among adolescents with alcohol use disorders without psychiatric comorbidity,2005,biological sciences,neuroscience,F_gate_miss_no_abstract,False,True,https://openalex.org/W1968114242,10.1016/j.pscychresns.2005.05.008,2005.0,article,False,0.0,False,False,False,False,False,False,False,
10.1016/j.psychres.2011.01.012,10.1016/j.psychres.2011.01.012,10.1016/j.psychres.2011.01.012,Anticipatory vs. consummatory pleasure: What is the nature of hedonic deficits in schizophrenia?,2011,social sciences,psychology,F_gate_miss_no_abstract,False,True,https://openalex.org/W2056111948,10.1016/j.psychres.2011.01.012,2011.0,article,False,0.0,False,False,False,False,False,False,False,
10.1016/j.psyneuen.2016.08.017,10.1016/j.psyneuen.2016.08.017,10.1016/j.psyneuen.2016.08.017,"Behavioral, pharmacological and neuroanatomical analysis of serotonin 2C receptor agonism on maternal behavior in rats",2016,biological sciences,neuroscience,F_gate_miss_no_abstract,False,True,https://openalex.org/W2515583174,10.1016/j.psyneuen.2016.08.017,2016.0,article,False,0.0,False,False,False,False,False,False,False,
10.1016/j.psyneuen.2017.03.005,10.1016/j.psyneuen.2017.03.005,10.1016/j.psyneuen.2017.03.005,Revisiting the impact of OXTR rs53576 on empathy: A population-based study and a meta-analysis,2017,social sciences,psychology,F_gate_miss_no_abstract,False,True,https://openalex.org/W2592165734,10.1016/j.psyneuen.2017.03.005,2017.0,review,False,0.0,False,False,False,False,False,False,False,
10.1016/j.psyneuen.2020.104787,10.1016/j.psyneuen.2020.104787,10.1016/j.psyneuen.2020.104787,Automatic Imitation in Comorbid PTSD &amp; Alcohol Use Disorder and Controls: an RCT of Intranasal Oxytocin,2020,biological sciences,neuroscience,F_gate_miss_no_abstract,False,True,https://openalex.org/W3039456772,10.1016/j.psyneuen.2020.104787,2020.0,article,False,0.0,False,False,False,False,False,False,False,
10.1016/j.rasd.2013.02.007,10.1016/j.rasd.2013.02.007,10.1016/j.rasd.2013.02.007,A rapid assessment of instructional strategies to teach auditory-visual conditional discriminations to children with autism,2013,social sciences,psychology,F_gate_miss_no_abstract,True,True,https://openalex.org/W1965087560,10.1016/j.rasd.2013.02.007,2013.0,article,False,0.0,False,False,False,False,False,False,False,
10.1016/j.rasd.2013.02.015,10.1016/j.rasd.2013.02.015,10.1016/j.rasd.2013.02.015,The use of instructive feedback for teaching language skills to children with autism,2013,social sciences,psychology,F_gate_miss_no_abstract,True,True,https://openalex.org/W1964172961,10.1016/j.rasd.2013.02.015,2013.0,article,False,0.0,False,False,False,False,False,False,False,
10.1016/j.rasd.2014.01.006,10.1016/j.rasd.2014.01.006,10.1016/j.rasd.2014.01.006,Visual search strategies of children with and without autism spectrum disorders during an embedded figures task,2014,social sciences,psychology,F_gate_miss_no_abstract,True,True,https://openalex.org/W2003741307,10.1016/j.rasd.2014.01.006,2014.0,article,False,0.0,False,False,False,False,False,False,False,
10.1016/j.ridd.2010.02.001,10.1016/j.ridd.2010.02.001,10.1016/j.ridd.2010.02.001,Post-coma persons with motor and communication/consciousness impairments choose among environmental stimuli and request stimulus repetitions via assistive technology,2010,biological sciences,medical fields,F_gate_miss_no_abstract,False,True,https://openalex.org/W2030087648,10.1016/j.ridd.2010.02.001,2010.0,article,False,0.0,False,False,False,False,False,False,False,
10.1016/j.rmed.2014.05.017,10.1016/j.rmed.2014.05.017,10.1016/j.rmed.2014.05.017,Lack of association between KIR and HLA-C type and susceptibility to idiopathic bronchiectasis,2014,biological sciences,medical fields,F_gate_miss_no_abstract,False,True,https://openalex.org/W2129549398,10.1016/j.rmed.2014.05.017,2014.0,article,False,0.0,False,False,False,False,False,False,False,
10.1016/j.schres.2004.07.002,10.1016/j.schres.2004.07.002,10.1016/j.schres.2004.07.002,A case-control study of the relationship between the metabotropic glutamate receptor 3 gene and schizophrenia in the Chinese population,2005,biological sciences,medical fields,F_gate_miss_no_abstract,False,True,https://openalex.org/W2076116201,10.1016/j.schres.2004.07.002,2004.0,article,False,0.0,False,False,False,False,False,False,False,
10.1016/j.schres.2005.05.002,10.1016/j.schres.2005.05.002,10.1016/j.schres.2005.05.002,No association of haplotype-tagging SNPs in TRAR4 with schizophrenia in Japanese patients,2005,biological sciences,medical fields,F_gate_miss_no_abstract,False,True,https://openalex.org/W2002221427,10.1016/j.schres.2005.05.002,2005.0,article,False,0.0,False,False,False,False,False,False,False,
10.1016/j.schres.2005.10.018,10.1016/j.schres.2005.10.018,10.1016/j.schres.2005.10.018,Putative association of the carboxy-terminal PDZ ligand of neuronal nitric oxide synthase gene (CAPON) with schizophrenia in a Colombian population,2006,biological sciences,medical fields,F_gate_miss_no_abstract,False,True,https://openalex.org/W2041069235,10.1016/j.schres.2005.10.018,2005.0,article,False,0.0,False,False,False,False,False,False,False,
10.1016/j.schres.2006.12.020,10.1016/j.schres.2006.12.020,10.1016/j.schres.2006.12.020,No association between the glutamate decarboxylase 67 gene (GAD1) and schizophrenia in the Japanese population,2007,biological sciences,medical fields,F_gate_miss_no_abstract,False,True,https://openalex.org/W2109867876,10.1016/j.schres.2006.12.020,2007.0,article,False,0.0,False,False,False,False,False,False,False,
10.1016/j.schres.2008.06.004,10.1016/j.schres.2008.06.004,10.1016/j.schres.2008.06.004,The association between schizophrenia and smoking: Unexplained by either the illness or the prodromal period,2008,biological sciences,medical fields,F_gate_miss_no_abstract,False,True,https://openalex.org/W2078736215,10.1016/j.schres.2008.06.004,2008.0,article,False,0.0,False,False,False,False,False,False,False,
10.1016/j.schres.2012.06.039,10.1016/j.schres.2012.06.039,10.1016/j.schres.2012.06.039,Multimodal analysis of the hippocampus in schizophrenia using proton magnetic resonance spectroscopy and functional magnetic resonance imaging,2012,biological sciences,neuroscience,F_gate_miss_no_abstract,False,True,https://openalex.org/W2106500828,10.1016/j.schres.2012.06.039,2012.0,article,False,0.0,False,False,False,False,False,False,False,
10.1016/j.schres.2017.06.018,10.1016/j.schres.2017.06.018,10.1016/j.schres.2017.06.018,Psychometrics of social cognitive measures for psychosis treatment research,2018,biological sciences,medical fields,F_gate_miss_no_abstract,False,True,https://openalex.org/W2714395247,10.1016/j.schres.2017.06.018,2017.0,article,False,0.0,False,False,False,False,False,False,False,
10.1016/j.schres.2018.11.002,10.1016/j.schres.2018.11.002,10.1016/j.schres.2018.11.002,Herpes simplex virus 1 infection and valacyclovir treatment in schizophrenia: Results from the VISTA study,2019,biological sciences,medical fields,F_gate_miss_no_abstract,False,True,https://openalex.org/W2901833018,10.1016/j.schres.2018.11.002,2018.0,article,False,0.0,False,False,False,False,False,False,False,
10.1016/j.schres.2020.08.018,10.1016/j.schres.2020.08.018,10.1016/j.schres.2020.08.018,Apathy is not associated with reduced ventral striatal volume in patients with schizophrenia,2020,biological sciences,neuroscience,B_sibling_record_in_pool,False,True,https://openalex.org/W3086646106,10.1016/j.schres.2020.08.018,2020.0,article,False,0.0,False,False,False,False,True,False,False,
10.1016/j.strueco.2018.01.002,10.1016/j.strueco.2018.01.002,10.1016/j.strueco.2018.01.002,Can inflation expectations be measured using commodity futures prices?,2018,social sciences,economics,F_gate_miss_no_abstract,False,True,https://openalex.org/W412875239,10.1016/j.strueco.2018.01.002,2018.0,article,False,0.0,False,False,False,False,False,False,False,
10.1016/j.tjnut.2023.12.016,10.1016/j.tjnut.2023.12.016,10.1016/j.tjnut.2023.12.016,Chronic Mild Sleep Restriction Does Not Lead to Marked Neuronal Alterations Compared With Maintained Adequate Sleep in Adults,2024,biological sciences,neuroscience,F_gate_miss_no_abstract,False,True,https://openalex.org/W4389805408,10.1016/j.tjnut.2023.12.016,2023.0,article,False,0.0,False,False,False,False,False,False,False,
10.1016/j.transci.2016.11.001,10.1016/j.transci.2016.11.001,10.1016/j.transci.2016.11.001,The watching-eyes phenomenon and blood donation: Does exposure to pictures of eyes increase blood donation by young adults?,2016,social sciences,psychology,F_gate_miss_no_abstract,False,True,https://openalex.org/W2555324418,10.1016/j.transci.2016.11.001,2016.0,article,False,0.0,False,False,False,False,False,False,False,
10.1016/j.trd.2018.08.009,10.1016/j.trd.2018.08.009,10.1016/j.trd.2018.08.009,Re-searching for hidden costs: Evidence from the adoption of fuel-saving technologies in light-duty vehicles,2018,social sciences,economics,F_gate_miss_no_abstract,False,True,https://openalex.org/W2889586801,10.1016/j.trd.2018.08.009,2018.0,article,False,0.0,False,False,False,False,False,False,False,
10.1016/j.triboint.2016.12.032,10.1016/j.triboint.2016.12.032,10.1016/j.triboint.2016.12.032,Effect of possible rotor deformation on the probability of face contact for a liquid film bearing,2017,social sciences,psychology,F_gate_miss_no_abstract,False,True,https://openalex.org/W2565653894,10.1016/j.triboint.2016.12.032,2016.0,article,False,0.0,False,False,False,False,False,False,False,
10.1016/j.tsc.2016.10.001,10.1016/j.tsc.2016.10.001,10.1016/j.tsc.2016.10.001,Creative self-efficacy and teacher ratings of student creativity in Chinese elementary classrooms,2016,social sciences,psychology,F_gate_miss_no_abstract,True,True,https://openalex.org/W2531288717,10.1016/j.tsc.2016.10.001,2016.0,article,False,0.0,False,False,False,False,False,False,False,
10.1016/j.visres.2005.07.024,10.1016/j.visres.2005.07.024,10.1016/j.visres.2005.07.024,The inhibitory effect of a recent distracter,2005,social sciences,psychology,F_gate_miss_no_abstract,False,True,https://openalex.org/W2088592232,10.1016/j.visres.2005.07.024,2005.0,article,False,0.0,False,False,False,False,False,False,False,
10.1016/j.visres.2013.10.011,10.1016/j.visres.2013.10.011,10.1016/j.visres.2013.10.011,Perceptual learning of motion direction discrimination transfers to an opposite direction with TPE training,2014,social sciences,psychology,F_gate_miss_no_abstract,False,True,https://openalex.org/W2019252408,10.1016/j.visres.2013.10.011,2013.0,article,False,0.0,False,False,False,False,False,False,False,
10.1016/j.visres.2022.108031,10.1016/j.visres.2022.108031,10.1016/j.visres.2022.108031,Benefits from negative templates in easy and difficult search depend on rapid distractor rejection and enhanced guidance,2022,social sciences,psychology,F_gate_miss_no_abstract,False,True,https://openalex.org/W4224236747,10.1016/j.visres.2022.108031,2022.0,article,False,0.0,False,False,False,False,False,False,False,
10.1016/j.yhbeh.2009.07.005,10.1016/j.yhbeh.2009.07.005,10.1016/j.yhbeh.2009.07.005,"Chronic estradiol replacement impairs performance on an operant delayed spatial alternation task in young, middle-aged, and old rats",2009,biological sciences,neuroscience,F_gate_miss_no_abstract,False,True,https://openalex.org/W2092092393,10.1016/j.yhbeh.2009.07.005,2009.0,article,False,0.0,False,False,False,False,False,False,False,
10.1016/j.yhbeh.2010.08.017,10.1016/j.yhbeh.2010.08.017,10.1016/j.yhbeh.2010.08.017,Impact of estrogen receptor alpha and beta agonists on delayed alternation in middle-aged rats,2010,biological sciences,neuroscience,F_gate_miss_no_abstract,False,True,https://openalex.org/W2022726303,10.1016/j.yhbeh.2010.08.017,2010.0,article,False,0.0,False,False,False,False,False,False,False,
10.1016/j.yhbeh.2019.07.008,10.1016/j.yhbeh.2019.07.008,10.1016/j.yhbeh.2019.07.008,Do women's faces become more attractive near ovulation?,2019,social sciences,psychology,F_gate_miss_no_abstract,False,True,https://openalex.org/W2965456512,10.1016/j.yhbeh.2019.07.008,2019.0,article,False,0.0,False,False,False,False,False,False,False,
10.1016/j.ymgme.2011.05.018,10.1016/j.ymgme.2011.05.018,10.1016/j.ymgme.2011.05.018,Polymorphic locus rs10492972 of the KIF1B gene association with multiple sclerosis in Russia: Case control study,2011,biological sciences,biology,F_gate_miss_no_abstract,False,True,https://openalex.org/W2125335461,10.1016/j.ymgme.2011.05.018,2011.0,article,False,0.0,False,False,False,False,False,False,False,
10.1016/s0005-7967(03)00074-3,10.1016/s0005-7967(03)00074-3,10.1016/s0005-7967(03)00074-3,Factor structure and stability of the Anxiety Sensitivity Index in a longitudinal study of anxiety disorder patients,2004,social sciences,psychology,F_gate_miss_no_abstract,False,True,https://openalex.org/W2002553538,10.1016/s0005-7967(03)00074-3,2003.0,article,False,0.0,False,False,False,False,False,False,False,
10.1016/s0015-0282(98)00448-8,10.1016/s0015-0282(98)00448-8,10.1016/s0015-0282(98)00448-8,Differences in the attitudes of couples whose children were conceived through artificial insemination by donor in 1980 and in 1996,1999,biological sciences,medical fields,F_gate_miss_no_abstract,False,True,https://openalex.org/W2011331600,10.1016/s0015-0282(98)00448-8,1999.0,article,False,0.0,False,False,False,False,False,False,False,
10.1016/s0048-9697(81)80054-x,10.1016/s0048-9697(81)80054-x,10.1016/s0048-9697(81)80054-x,The influence of elevated levels of sodium in drinking water on elementary and high school students in Massachusetts,1981,physical sciences,environmental science,F_gate_miss_no_abstract,False,True,https://openalex.org/W2006190337,10.1016/s0048-9697(81)80054-x,1981.0,article,False,0.0,False,False,False,False,False,False,False,
10.1016/s0140-6736(13)62674-4,10.1016/s0140-6736(13)62674-4,10.1016/s0140-6736(13)62674-4,DNA methylation and body-mass index: a genome-wide analysis,2014,biological sciences,biology,F_gate_miss_no_abstract,False,True,https://openalex.org/W2099562966,10.1016/s0140-6736(13)62674-4,2014.0,article,False,0.0,False,False,False,False,False,False,False,
10.1016/s0165-0327(02)00312-9,10.1016/s0165-0327(02)00312-9,10.1016/s0165-0327(02)00312-9,Blood-injury related phobic avoidance as predictor of nonresponse to pharmacotherapy in panic disorder with agoraphobia,2004,biological sciences,medical fields,F_gate_miss_no_abstract,False,True,https://openalex.org/W2021550299,10.1016/s0165-0327(02)00312-9,2002.0,article,False,0.0,False,False,False,False,False,False,False,
10.1016/s0165-0327(97)00042-6,10.1016/s0165-0327(97)00042-6,10.1016/s0165-0327(97)00042-6,Autosomal recessive inheritance of affective disorders in families of responders to lithium prophylaxis?,1997,biological sciences,medical fields,F_gate_miss_no_abstract,False,True,https://openalex.org/W2092779191,10.1016/s0165-0327(97)00042-6,1997.0,article,False,0.0,False,False,False,False,False,False,False,
10.1016/s0304-3940(02)00221-5,10.1016/s0304-3940(02)00221-5,10.1016/s0304-3940(02)00221-5,Association study of the 5-hydroxytryptamine6 receptor gene in Alzheimer's disease,2002,biological sciences,medical fields,F_gate_miss_no_abstract,False,True,https://openalex.org/W1993370668,10.1016/s0304-3940(02)00221-5,2002.0,article,False,0.0,False,False,False,False,False,False,False,
10.1016/s0920-1211(02)00097-9,10.1016/s0920-1211(02)00097-9,10.1016/s0920-1211(02)00097-9,No evidence for a susceptibility locus for idiopathic generalized epilepsy on chromosome 5 in families with typical absence seizures,2002,biological sciences,medical fields,B_sibling_record_in_pool,False,True,https://openalex.org/W1994466765,10.1016/s0920-1211(02)00097-9,2002.0,article,False,0.0,False,False,False,False,True,False,False,
10.1016/s1060-3743(99)80113-1,10.1016/s1060-3743(99)80113-1,10.1016/s1060-3743(99)80113-1,Local coherence and its limits: A second look at second sentences,1999,social sciences,linguistics,F_gate_miss_no_abstract,True,True,https://openalex.org/W2069766809,10.1016/s1060-3743(99)80113-1,1999.0,article,False,0.0,False,False,False,False,False,False,False,
10.1017/s0003055405051658,10.1017/s0003055405051658,10.1017/s0003055405051658,Do Get-Out-the-Vote Calls Reduce Turnout? The Importance of Statistical Methods for Field Experiments,2005,social sciences,political science,G_gate_miss_with_abstract,False,True,https://openalex.org/W2261421703,10.1017/s0003055405051658,2005.0,article,True,1055.0,False,False,False,False,False,False,False,
10.1017/s0003055405051658 (case conflict 1),10.1017/s0003055405051658 (case conflict 1),10.1017/s0003055405051658,Do Get-Out-the-Vote Calls Reduce Turnout? The Importance of Statistical Methods for Field Experiments,2005,social sciences,political science,G_gate_miss_with_abstract,False,True,https://openalex.org/W2261421703,10.1017/s0003055405051658,2005.0,article,True,1055.0,False,False,False,False,False,False,False,
10.1017/s0003055405051658 (case conflict 2),10.1017/s0003055405051658 (case conflict 2),10.1017/s0003055405051658,Do Get-Out-the-Vote Calls Reduce Turnout? The Importance of Statistical Methods for Field Experiments,2005,social sciences,political science,G_gate_miss_with_abstract,False,True,https://openalex.org/W2261421703,10.1017/s0003055405051658,2005.0,article,True,1055.0,False,False,False,False,False,False,False,
10.1017/s0003055405051658 (case conflict),10.1017/s0003055405051658 (case conflict),10.1017/s0003055405051658,Do Get-Out-the-Vote Calls Reduce Turnout? The Importance of Statistical Methods for Field Experiments,2005,social sciences,political science,G_gate_miss_with_abstract,False,True,https://openalex.org/W2261421703,10.1017/s0003055405051658,2005.0,article,True,1055.0,False,False,False,False,False,False,False,
10.1017/s0008423922000749,10.1017/s0008423922000749,10.1017/s0008423922000749,Language Matters: The Study of Canadian Politics through an Exploration of Syllabi and Comprehensive Exams,2022,social sciences,sociology,G_gate_miss_with_abstract,False,True,https://openalex.org/W4303415870,10.1017/s0008423922000749,2022.0,article,True,1019.0,False,False,False,False,False,False,False,
10.1017/s0033291700033523,10.1017/s0033291700033523,10.1017/s0033291700033523,Neuropsychological evidence for frontostriatal dysfunction in schizophrenia,1995,social sciences,psychology,G_gate_miss_with_abstract,False,True,https://openalex.org/W2093066661,10.1017/s0033291700033523,1995.0,article,True,1311.0,False,False,False,False,False,False,False,
10.1017/s003329170004633x,10.1017/s003329170004633x,10.1017/s003329170004633x,Barbiturate tolerance and psychological functioning in elderly depressed patients,1973,biological sciences,medical fields,G_gate_miss_with_abstract,False,True,https://openalex.org/W2145829705,10.1017/s003329170004633x,1973.0,article,True,445.0,False,False,False,False,False,False,False,
10.1017/s0142716410000159,10.1017/s0142716410000159,10.1017/s0142716410000159,Morphological processing of Chinese compounds from a grammatical view,2010,social sciences,linguistics,G_gate_miss_with_abstract,False,True,https://openalex.org/W2170766967,10.1017/s0142716410000159,2010.0,article,True,1267.0,False,False,False,False,False,False,False,
10.1017/s0272263113000430,10.1017/s0272263113000430,10.1017/s0272263113000430,The effects of input enhancement on grammar learning and comprehension: A modified replication of Lee (2007) with eye-movement data,2013,social sciences,education,B_sibling_record_in_pool,False,True,https://openalex.org/W4246132976,10.1017/s0272263113000430,2013.0,article,False,0.0,False,False,False,False,True,False,False,
10.1017/s1461145713000102,10.1017/s1461145713000102,10.1017/s1461145713000102,Genetic and epigenetic associations of MAOA and NR3C1 with depression and childhood adversities,2013,biological sciences,medical fields,G_gate_miss_with_abstract,False,True,https://openalex.org/W2008523946,10.1017/s1461145713000102,2013.0,article,True,1574.0,False,False,False,False,False,False,False,
10.1017/s146114571400039x,10.1017/s146114571400039x,10.1017/s146114571400039x,Serotonin transporter gene hypomethylation predicts impaired antidepressant treatment response,2014,biological sciences,medical fields,G_gate_miss_with_abstract,False,True,https://openalex.org/W2009242258,10.1017/s146114571400039x,2014.0,article,True,1727.0,False,False,False,False,False,False,False,
10.1017/s1930297500000966,10.1017/s1930297500000966,10.1017/s1930297500000966,Memory reflected in our decisions: Higher working memory capacity predicts greater bias in risky choice,2010,social sciences,psychology,G_gate_miss_with_abstract,False,True,https://openalex.org/W2127934027,10.1017/s1930297500000966,2010.0,article,True,610.0,False,False,False,False,False,False,False,
10.1017/xps.2014.22,10.1017/xps.2014.22,10.1017/xps.2014.22,Displacing Misinformation about Events: An Experimental Test of Causal Corrections,2015,social sciences,psychology,G_gate_miss_with_abstract,False,True,https://openalex.org/W2142966564,10.1017/xps.2014.22,2015.0,article,True,864.0,False,False,False,False,False,False,False,
10.1023/a/1021350122677,10.1023/a/1021350122677,10.1023/a:1021350122677,,,social sciences,business & management,A_in_pool_join_artifact,False,False,,,,,,,,,,,False,True,,404
10.1023/a/1021980002473,10.1023/a/1021980002473,10.1023/a:1021980002473,"The ADHD response-inhibition deficit as measured by the stop task: replication with DSM-IV combined type, extension, and qualification.",1999,social sciences,psychology,A_in_pool_join_artifact,False,False,,,,,,,,,,,False,True,,404
10.1023/a/1024802004564,10.1023/a/1024802004564,10.1023/a:1024802004564,Replication and extension of a risk profile for Amerasian youth.,1997,social sciences,psychology,B_sibling_record_in_pool,False,False,,,,,,,,,,,True,False,,404
10.1023/a:1005037827388,10.1023/a:1005037827388,10.1023/a:1005037827388,A re-examination of an Irish popularity function,1998,social sciences,economics,F_gate_miss_no_abstract,False,True,https://openalex.org/W1541079751,10.1023/a:1005037827388,1998.0,article,False,0.0,False,False,False,False,False,False,False,
10.1023/a:1024223916710,10.1023/a:1024223916710,10.1023/a:1024223916710,"Optimal Taxation, Economic Growth and Income Inequality",2003,social sciences,economics,F_gate_miss_no_abstract,False,True,https://openalex.org/W2051138155,10.1023/a:1024223916710,2003.0,article,False,0.0,False,False,False,False,False,False,False,
10.1023/a_1018769825030,10.1023/a_1018769825030,10.1023/a:1018769825030,A research induction group for clients entering a mental health research project: a replication study.,1998,biological sciences,medical fields,A_in_pool_join_artifact,False,False,,,,,,,,,,,True,True,,404
10.1023/a_1018789218611,10.1023/a_1018789218611,10.1023/a:1018789218611,Statewide replication of predictive validation for the Multnomah Community Ability Scale.,1999,biological sciences,medical fields,A_in_pool_join_artifact,False,False,,,,,,,,,,,True,True,,404
10.1023/b:aseb.0000028893.49140.b6,10.1023/b:aseb.0000028893.49140.b6,10.1023/b:aseb.0000028893.49140.b6,Sex Differences in Sexual Psychology Produce Sex-Similar Preferences for a Short-Term Mate,2004,social sciences,psychology,F_gate_miss_no_abstract,False,True,https://openalex.org/W2132748448,10.1023/b:aseb.0000028893.49140.b6,2004.0,article,False,0.0,False,False,False,False,False,False,False,
10.1024/1010-0652/a000121,10.1024/1010-0652/a000121,10.1024/1010-0652/a000121,Kognitive Verarbeitung von Leseverständnisitems mit und ohne Text,2014,social sciences,psychology,G_gate_miss_with_abstract,True,True,https://openalex.org/W2107029275,10.1024/1010-0652/a000121,2014.0,article,True,947.0,False,False,False,False,False,False,False,
10.1027/1618-3169.56.6.418,10.1027/1618-3169.56.6.418,10.1027/1618-3169.56.6.418,Subliminal Number Priming Within and Across the Visual and Auditory Modalities,2009,social sciences,psychology,G_gate_miss_with_abstract,False,True,https://openalex.org/W2003772560,10.1027/1618-3169.56.6.418,2009.0,article,True,914.0,False,False,False,False,False,False,False,
10.1027/1864-9335/a000304,10.1027/1864-9335/a000304,10.1027/1864-9335/a000304,Mindsets Affect Risk Perception and Risk-Taking Behavior,2017,social sciences,psychology,G_gate_miss_with_abstract,False,True,https://openalex.org/W2734331017,10.1027/1864-9335/a000304,2017.0,article,True,890.0,False,False,False,False,False,False,False,
10.1027/1864-9335/a000308,10.1027/1864-9335/a000308,10.1027/1864-9335/a000308,"The Ego Could Be Depleted, Providing Initial Exertion Is 					Depleting",2017,social sciences,psychology,G_gate_miss_with_abstract,False,True,https://openalex.org/W2751243320,10.1027/1864-9335/a000308,2017.0,article,True,736.0,False,False,False,False,False,False,False,
10.1037/0022-006x.53.2.161,10.1037/0022-006x.53.2.161,10.1037/0022-006x.53.2.161,"Psychopathology of eating disorders: A controlled comparison of bulimic, obese, and normal subjects.",1985,social sciences,psychology,G_gate_miss_with_abstract,False,True,https://openalex.org/W2048675947,10.1037/0022-006x.53.2.161,1985.0,article,True,304.0,False,False,False,False,False,False,False,
10.1037/0022-006x.64.5.927,10.1037/0022-006x.64.5.927,10.1037/0022-006x.64.5.927,Dose–effect relations in time-limited psychotherapy for depression.,1996,social sciences,psychology,G_gate_miss_with_abstract,False,True,https://openalex.org/W4318749300,10.1037/0022-006x.64.5.927,1996.0,article,True,826.0,False,False,False,False,False,False,False,
10.1037/0022-006x.64.5.951,10.1037/0022-006x.64.5.951,10.1037/0022-006x.64.5.951,The role of avoidance and obsessiveness in matching patients to cognitive and interpersonal psychotherapy: Empirical findings from the Treatment for Depression Collaborative Research Program.,1996,social sciences,psychology,F_gate_miss_no_abstract,False,True,https://openalex.org/W4247390284,10.1037/0022-006x.64.5.951,1996.0,article,False,0.0,False,False,False,False,False,False,False,
10.1037/0022-0663.97.3.493,10.1037/0022-0663.97.3.493,10.1037/0022-0663.97.3.493,"The Prevention, Identification, and Cognitive Determinants of Math Difficulty.",2005,social sciences,psychology,G_gate_miss_with_abstract,False,True,https://openalex.org/W2001172548,10.1037/0022-0663.97.3.493,2005.0,article,True,1086.0,False,False,False,False,False,False,False,
10.1037/0022-3514.66.6.1074,10.1037/0022-3514.66.6.1074,10.1037/0022-3514.66.6.1074,Mate selection preferences: Gender differences examined in a national sample.,1994,social sciences,psychology,F_gate_miss_no_abstract,False,True,https://openalex.org/W4249632579,10.1037/0022-3514.66.6.1074,1994.0,article,False,0.0,False,False,False,False,False,False,False,
10.1037/0022-3514.83.2.406,10.1037/0022-3514.83.2.406,10.1037/0022-3514.83.2.406,The nonconsciousness of self-consciousness.,2002,social sciences,psychology,F_gate_miss_no_abstract,False,True,https://openalex.org/W4253260710,10.1037/0022-3514.83.2.406,2002.0,article,False,0.0,False,False,False,False,False,False,False,
10.1037/0022-3514.90.6.893,10.1037/0022-3514.90.6.893,10.1037/0022-3514.90.6.893,Automatic social behavior as motivated preparation to interact.,2006,social sciences,psychology,G_gate_miss_with_abstract,False,True,https://openalex.org/W2138207301,10.1037/0022-3514.90.6.893,2006.0,article,True,877.0,False,False,False,False,False,False,False,
10.1037/0022-3514.91.6.995,10.1037/0022-3514.91.6.995,10.1037/0022-3514.91.6.995,Understanding implicit and explicit attitude change: A systems of reasoning analysis.,2006,social sciences,psychology,G_gate_miss_with_abstract,False,True,https://openalex.org/W2010545762,10.1037/0022-3514.91.6.995,2006.0,article,True,1064.0,False,False,False,False,False,False,False,
10.1037/0033-295x.115.1.131,10.1037/0033-295x.115.1.131,10.1037/0033-295x.115.1.131,The whole is equal to the sum of its parts: A probabilistic model of grouping by proximity and similarity in regular patterns.,2008,social sciences,psychology,G_gate_miss_with_abstract,False,True,https://openalex.org/W2007098048,10.1037/0033-295x.115.1.131,2008.0,article,True,714.0,False,False,False,False,False,False,False,
10.1037/0096-3445.134.2.192,10.1037/0096-3445.134.2.192,10.1037/0096-3445.134.2.192,Resolving Visual Interference During Covert Spatial Orienting: Online Attentional Control Through Static Records of Prior Visual Experience.,2005,social sciences,psychology,G_gate_miss_with_abstract,False,True,https://openalex.org/W1966194563,10.1037/0096-3445.134.2.192,2005.0,article,True,847.0,False,False,False,False,False,False,False,
10.1037/0278-6133.1.2.119,10.1037/0278-6133.1.2.119,10.1037/0278-6133.1.2.119,"Relationship of daily hassles, uplifts, and major life events to health status.",1982,social sciences,psychology,F_gate_miss_no_abstract,False,True,https://openalex.org/W2068750135,10.1037/0278-6133.1.2.119,1982.0,article,False,0.0,False,False,False,False,False,False,False,
10.1037/0278-7393.31.6.1267,10.1037/0278-7393.31.6.1267,10.1037/0278-7393.31.6.1267,Understanding the Delayed-Keyword Effect on Metacomprehension Accuracy.,2005,social sciences,psychology,G_gate_miss_with_abstract,False,True,https://openalex.org/W2064699068,10.1037/0278-7393.31.6.1267,2005.0,article,True,1087.0,False,False,False,False,False,False,False,
10.1037/1082-989x.6.2.161,10.1037/1082-989x.6.2.161,10.1037/1082-989x.6.2.161,Meta-analysis of correlation coefficients: A Monte Carlo comparison of fixed- and random-effects methods.,2001,social sciences,psychology,G_gate_miss_with_abstract,False,True,https://openalex.org/W2103027218,10.1037/1082-989x.6.2.161,2001.0,review,True,964.0,False,False,False,False,False,False,False,
10.1037/a0012909,10.1037/a0012909,10.1037/a0012909,The psychology of psychiatric genetics: Evidence that positive emotions in females moderate genetic sensitivity to social stress associated with the BDNF Val⁶⁶Met polymorphism.,2008,social sciences,psychology,G_gate_miss_with_abstract,False,True,https://openalex.org/W2009238025,10.1037/a0012909,2008.0,article,True,1326.0,False,False,False,False,False,False,False,
10.1037/a0013838,10.1037/a0013838,10.1037/a0013838,Earning its place as a pan-human theory: Universality of the big-fish-little-pond effect across 41 culturally and economically diverse countries.,2009,social sciences,psychology,G_gate_miss_with_abstract,False,True,https://openalex.org/W2004805552,10.1037/a0013838,2009.0,article,True,1052.0,False,False,False,False,False,False,False,
10.1037/a0015850,10.1037/a0015850,10.1037/a0015850,Connecting and separating mind-sets: Culture as situated cognition.,2009,social sciences,psychology,G_gate_miss_with_abstract,False,True,https://openalex.org/W2125773484,10.1037/a0015850,2009.0,article,True,1308.0,False,False,False,False,False,False,False,
10.1037/a0016496,10.1037/a0016496,10.1037/a0016496,The pretesting effect: Do unsuccessful retrieval attempts enhance learning?,2009,social sciences,psychology,G_gate_miss_with_abstract,False,True,https://openalex.org/W2109209595,10.1037/a0016496,2009.0,article,True,1075.0,False,False,False,False,False,False,False,
10.1037/a0017990,10.1037/a0017990,10.1037/a0017990,"Facial resemblance to emotions: Group differences, impression effects, and race stereotypes.",2010,social sciences,psychology,G_gate_miss_with_abstract,False,True,https://openalex.org/W2100552799,10.1037/a0017990,2010.0,article,True,1127.0,False,False,False,False,False,False,False,
10.1037/a0018167,10.1037/a0018167,10.1037/a0018167,Dementia: Continuum or distinct entity?,2010,social sciences,psychology,G_gate_miss_with_abstract,False,True,https://openalex.org/W2008321350,10.1037/a0018167,2010.0,article,True,909.0,False,False,False,False,False,False,False,
10.1037/a0020770,10.1037/a0020770,10.1037/a0020770,Increasing body satisfaction of body concerned women through evaluative conditioning using social stimuli.,2010,social sciences,psychology,G_gate_miss_with_abstract,False,True,https://openalex.org/W2157878647,10.1037/a0020770,2010.0,article,True,1322.0,False,False,False,False,False,False,False,
10.1037/a0024587,10.1037/a0024587,10.1037/a0024587,The stability of working memory: Do previous tasks influence complex span?,2011,social sciences,psychology,G_gate_miss_with_abstract,True,True,https://openalex.org/W2043852927,10.1037/a0024587,2011.0,article,True,1023.0,False,False,False,False,False,False,False,
10.1037/a0036229,10.1037/a0036229,10.1037/a0036229,In competition for the attentional template: Can multiple items within visual working memory guide attention?,2014,social sciences,psychology,G_gate_miss_with_abstract,False,True,https://openalex.org/W2027662400,10.1037/a0036229,2014.0,article,True,1521.0,False,False,False,False,False,False,False,
10.1037/emo0000207,10.1037/emo0000207,10.1037/emo0000207,Felt power explains the link between position power and experienced emotions.,2017,social sciences,psychology,G_gate_miss_with_abstract,False,True,https://openalex.org/W2468520190,10.1037/emo0000207,2016.0,article,True,1384.0,False,False,False,False,False,False,False,
10.1037/h0032236,10.1037/h0032236,10.1037/h0032236,Developmental course of responsiveness to social reinforcement in normal children and institutionalized retarded children.,1972,social sciences,psychology,F_gate_miss_no_abstract,False,True,https://openalex.org/W2010264618,10.1037/h0032236,1972.0,article,False,0.0,False,False,False,False,False,False,False,
10.1037/h0045106,10.1037/h0045106,10.1037/h0045106,The serial position effect of free recall.,1962,social sciences,psychology,G_gate_miss_with_abstract,False,True,https://openalex.org/W2108525416,10.1037/h0045106,1962.0,article,True,300.0,False,False,False,False,False,False,False,
10.1037/h0076418,10.1037/h0076418,10.1037/h0076418,Extinction and reinforcement of alternative behavior.,1975,biological sciences,neuroscience,F_gate_miss_no_abstract,False,True,https://openalex.org/W2089768155,10.1037/h0076418,1975.0,article,False,0.0,False,False,False,False,False,False,False,
10.1037/h0076960,10.1037/h0076960,10.1037/h0076960,"Naturalistic studies of aggressive behavior: Aggressive stimuli, victim visibility, and horn honking.",1975,social sciences,psychology,G_gate_miss_with_abstract,False,True,https://openalex.org/W2098772470,10.1037/h0076960,1975.0,article,True,1061.0,False,False,False,False,False,False,False,
10.1037/h0080631,10.1037/h0080631,10.1037/h0080631,Use of the revised Beck Depression Inventory with intravenous drug users not in treatment.,1992,social sciences,psychology,F_gate_miss_no_abstract,False,True,https://openalex.org/W4234325900,10.1037/h0080631,1992.0,article,False,0.0,False,False,False,False,False,False,False,
10.1037/h0093759,10.1037/h0093759,10.1037/h0093759,The information available in brief visual presentations.,1960,social sciences,psychology,F_gate_miss_no_abstract,False,True,https://openalex.org/W2053566542,10.1037/h0093759,1960.0,article,False,0.0,False,False,False,False,False,False,False,
10.1037/xge0001467,10.1037/xge0001467,10.1037/xge0001467,Conscientiousness does not moderate the association between political ideology and susceptibility to fake news sharing.,2023,social sciences,psychology,B_sibling_record_in_pool,True,True,https://openalex.org/W4386019215,10.1037/xge0001467,2023.0,article,True,787.0,False,False,False,False,True,False,False,
10.1037/xhp0000284,10.1037/xhp0000284,10.1037/xhp0000284,Winning and losing: Effects on impulsive action.,2017,social sciences,psychology,G_gate_miss_with_abstract,False,True,https://openalex.org/W2514413178,10.1037/xhp0000284,2016.0,article,True,1292.0,False,False,False,False,False,False,False,
10.1037/xlm0000050,10.1037/xlm0000050,10.1037/xlm0000050,The influence of working memory load on semantic priming.,2015,social sciences,psychology,B_sibling_record_in_pool,False,True,https://openalex.org/W1971601362,10.1037/xlm0000050,2014.0,article,True,1112.0,False,False,False,False,True,False,False,
10.1037/xlm0000220,10.1037/xlm0000220,10.1037/xlm0000220,Spatial processes in linear ordering.,2016,social sciences,psychology,G_gate_miss_with_abstract,False,True,https://openalex.org/W2265006884,10.1037/xlm0000220,2015.0,article,True,971.0,False,False,False,False,False,False,False,
10.1037/xlm0001058,10.1037/xlm0001058,10.1037/xlm0001058,Evaluating the learning of stimulus-control associations through incidental memory of reinforcement events.,2021,social sciences,psychology,B_sibling_record_in_pool,False,True,https://openalex.org/W3164775072,10.1037/xlm0001058,2021.0,article,True,629.0,False,False,False,False,True,False,False,
10.1037/xlm0001420,10.1037/xlm0001420,10.1037/xlm0001420,"The facilitatory effect of modifications (semantic richness) on subsequent retrieval during language comprehension is age-invariant, but depends on level of engagement with task.",2024,social sciences,psychology,G_gate_miss_with_abstract,False,True,https://openalex.org/W4405319549,10.1037/xlm0001420,2024.0,article,True,472.0,False,False,False,False,False,False,False,
10.1037/xlm0001516,10.1037/xlm0001516,10.1037/xlm0001516,Narrative coherence warps the timeline of recalled naturalistic events.,2026,social sciences,psychology,B_sibling_record_in_pool,False,True,https://openalex.org/W4412788866,10.1037/xlm0001516,2025.0,article,True,308.0,False,False,False,False,True,False,False,
10.1038/ejhg.2008.215,10.1038/ejhg.2008.215,10.1038/ejhg.2008.215,MET and autism susceptibility: family and case–control studies,2009,biological sciences,biology,F_gate_miss_no_abstract,False,True,https://openalex.org/W1979255226,10.1038/ejhg.2008.215,2008.0,article,False,0.0,False,False,False,False,False,False,False,
10.1038/ejhg.2010.55,10.1038/ejhg.2010.55,10.1038/ejhg.2010.55,"Follow-up of potential novel Graves' disease susceptibility loci, identified in the UK WTCCC genome-wide nonsynonymous SNP study",2010,biological sciences,biology,F_gate_miss_no_abstract,False,True,https://openalex.org/W2064438820,10.1038/ejhg.2010.55,2010.0,article,False,0.0,False,False,False,False,False,False,False,
10.1038/ejhg.2013.116,10.1038/ejhg.2013.116,10.1038/ejhg.2013.116,The sex-specific associations of the aromatase gene with Alzheimer’s disease and its interaction with IL10 in the Epistasis Project,2014,biological sciences,medical fields,F_gate_miss_no_abstract,False,True,https://openalex.org/W1993365031,10.1038/ejhg.2013.116,2013.0,article,False,0.0,False,False,False,False,False,False,False,
10.1038/gene.2009.81,10.1038/gene.2009.81,10.1038/gene.2009.81,Multiple sclerosis susceptibility alleles in African Americans,2010,biological sciences,biology,F_gate_miss_no_abstract,False,True,https://openalex.org/W1977137008,10.1038/gene.2009.81,2009.0,article,False,0.0,False,False,False,False,False,False,False,
10.1038/gene.2011.84,10.1038/gene.2011.84,10.1038/gene.2011.84,Genetic association of miRNA-146a with systemic lupus erythematosus in Europeans through decreased expression of the gene,2012,biological sciences,biology,F_gate_miss_no_abstract,False,True,https://openalex.org/W1976676604,10.1038/gene.2011.84,2012.0,article,False,0.0,False,False,False,False,False,False,False,
10.1038/ijo.2011.131,10.1038/ijo.2011.131,10.1038/ijo.2011.131,Implication of European-derived adiposity loci in African Americans,2012,biological sciences,medical fields,F_gate_miss_no_abstract,False,True,https://openalex.org/W1996638990,10.1038/ijo.2011.131,2011.0,article,False,0.0,False,False,False,False,False,False,False,
10.1038/jhg.2008.14,10.1038/jhg.2008.14,10.1038/jhg.2008.14,Case–control association study of 59 candidate genes reveals the DRD2 SNP rs6277 (C957T) as the only susceptibility factor for schizophrenia in the Bulgarian population,2009,biological sciences,medical fields,F_gate_miss_no_abstract,False,True,https://openalex.org/W1999137631,10.1038/jhg.2008.14,2009.0,article,False,0.0,False,False,False,False,False,False,False,
10.1038/jhg.2012.11,10.1038/jhg.2012.11,10.1038/jhg.2012.11,SNP rs11190870 near LBX1 is associated with adolescent idiopathic scoliosis in southern Chinese,2012,biological sciences,biology,F_gate_miss_no_abstract,True,True,https://openalex.org/W2006242332,10.1038/jhg.2012.11,2012.0,article,False,0.0,False,False,False,False,False,False,False,
10.1038/jhg.2016.155,10.1038/jhg.2016.155,10.1038/jhg.2016.155,Association of a single nucleotide polymorphism upstream of ICOS with Japanese autoimmune hepatitis type 1,2017,biological sciences,biology,F_gate_miss_no_abstract,True,True,https://openalex.org/W2566969965,10.1038/jhg.2016.155,2016.0,article,False,0.0,False,False,False,False,False,False,False,
10.1038/jid.2012.191,10.1038/jid.2012.191,10.1038/jid.2012.191,Association of β-Defensin Copy Number and Psoriasis in Three Cohorts of European Origin,2012,biological sciences,medical fields,F_gate_miss_no_abstract,False,True,https://openalex.org/W2010191716,10.1038/jid.2012.191,2012.0,article,False,0.0,False,False,False,False,False,False,False,
10.1038/jp.2011.104,10.1038/jp.2011.104,10.1038/jp.2011.104,Genetic associations of surfactant protein D and angiotensin-converting enzyme with lung disease in preterm neonates,2012,biological sciences,medical fields,F_gate_miss_no_abstract,False,True,https://openalex.org/W2077647017,10.1038/jp.2011.104,2011.0,article,False,0.0,False,False,False,False,False,False,False,
10.1038/mp.2009.149,10.1038/mp.2009.149,10.1038/mp.2009.149,Expanding the range of ZNF804A variants conferring risk of psychosis,2011,biological sciences,medical fields,F_gate_miss_no_abstract,False,True,https://openalex.org/W2129673851,10.1038/mp.2009.149,2010.0,article,False,0.0,False,False,False,False,False,False,False,
10.1038/mp.2017.57,10.1038/mp.2017.57,10.1038/mp.2017.57,Structural alterations within cerebellar circuitry are associated with general liability for common mental disorders,2018,social sciences,psychology,F_gate_miss_no_abstract,False,True,https://openalex.org/W2606545734,10.1038/mp.2017.57,2017.0,article,False,0.0,False,False,False,False,False,False,False,
10.1038/nature12929,10.1038/nature12929,10.1038/nature12929,De novo mutations in schizophrenia implicate synaptic networks,2014,biological sciences,medical fields,F_gate_miss_no_abstract,False,True,https://openalex.org/W2023962370,10.1038/nature12929,2014.0,article,False,0.0,False,False,False,False,False,False,False,
10.1038/nature21047,10.1038/nature21047,10.1038/nature21047,A competitive inhibitory circuit for selection of active and passive fear responses,2017,biological sciences,neuroscience,F_gate_miss_no_abstract,False,True,https://openalex.org/W2580493263,10.1038/nature21047,2017.0,article,False,0.0,False,False,False,False,False,False,False,
10.1038/ncomms2571,10.1038/ncomms2571,10.1038/ncomms2571,Phantom pain is associated with preserved structure and function in the former hand area,2013,biological sciences,neuroscience,G_gate_miss_with_abstract,False,True,https://openalex.org/W2074380295,10.1038/ncomms2571,2013.0,article,True,1408.0,False,False,False,False,False,False,False,
10.1038/ng.274,10.1038/ng.274,10.1038/ng.274,Genome-wide association yields new sequence variants at seven loci that associate with measures of obesity,2009,biological sciences,biology,F_gate_miss_no_abstract,False,True,https://openalex.org/W2163144326,10.1038/ng.274,2008.0,article,False,0.0,False,False,False,False,False,False,False,
10.1038/ng.3916,10.1038/ng.3916,10.1038/ng.3916,"Rare coding variants in PLCG2, ABI3, and TREM2 implicate microglial-mediated innate immunity in Alzheimer's disease",2017,biological sciences,medical fields,F_gate_miss_no_abstract,False,True,https://openalex.org/W2592518050,10.1038/ng.3916,2017.0,article,False,0.0,False,False,False,False,False,False,False,
10.1038/ng.442,10.1038/ng.442,10.1038/ng.442,Genome-wide association study identifies 19p13.3 (UNC13A) and 9p21.2 as susceptibility loci for sporadic amyotrophic lateral sclerosis,2009,biological sciences,medical fields,B_sibling_record_in_pool,False,True,https://openalex.org/W1975262530,10.1038/ng.442,2009.0,article,False,0.0,False,False,False,False,True,False,False,
10.1038/ng.485,10.1038/ng.485,10.1038/ng.485,Genome-wide association study identifies common variants at four loci as genetic risk factors for Parkinson's disease,2009,biological sciences,medical fields,F_gate_miss_no_abstract,False,True,https://openalex.org/W2047565527,10.1038/ng.485,2009.0,article,False,0.0,False,False,False,False,False,False,False,
10.1038/ng.487,10.1038/ng.487,10.1038/ng.487,Genome-wide association study reveals genetic risk underlying Parkinson's disease,2009,biological sciences,medical fields,F_gate_miss_no_abstract,False,True,https://openalex.org/W2148641246,10.1038/ng.487,2009.0,article,False,0.0,False,False,False,False,False,False,False,
10.1038/ng.513,10.1038/ng.513,10.1038/ng.513,Genome-wide association study of ankylosing spondylitis identifies non-MHC susceptibility loci,2010,biological sciences,medical fields,B_sibling_record_in_pool,False,True,https://openalex.org/W2118434625,10.1038/ng.513,2010.0,article,False,0.0,False,False,False,False,True,False,False,
10.1038/ng.648,10.1038/ng.648,10.1038/ng.648,Genome-wide association study of esophageal squamous cell carcinoma in Chinese subjects identifies a susceptibility locus at PLCE1,2010,biological sciences,medical fields,F_gate_miss_no_abstract,False,True,https://openalex.org/W1934392702,10.1038/ng.648,2010.0,article,False,0.0,False,False,False,False,False,False,False,
10.1038/ng1604,10.1038/ng1604,10.1038/ng1604,Variants of ENPP1 are associated with childhood and adult obesity and increase the risk of glucose intolerance and type 2 diabetes,2005,biological sciences,medical fields,F_gate_miss_no_abstract,False,True,https://openalex.org/W2076225138,10.1038/ng1604,2005.0,article,False,0.0,False,False,False,False,False,False,False,
10.1038/ng1981,10.1038/ng1981,10.1038/ng1981,A common coding variant in CASP8 is associated with breast cancer risk,2007,biological sciences,medical fields,F_gate_miss_no_abstract,False,True,https://openalex.org/W1969823090,10.1038/ng1981,2007.0,article,False,0.0,False,False,False,False,False,False,False,
10.1038/ng2068,10.1038/ng2068,10.1038/ng2068,Robust associations of four new chromosome regions from genome-wide analyses of type 1 diabetes,2007,biological sciences,medical fields,F_gate_miss_no_abstract,False,True,https://openalex.org/W2014077667,10.1038/ng2068,2007.0,article,False,0.0,False,False,False,False,False,False,False,
10.1038/npp.2010.248,10.1038/npp.2010.248,10.1038/npp.2010.248,Influence of Cocaine History on the Behavioral Effects of Dopamine D3 Receptor-Selective Compounds in Monkeys,2011,biological sciences,medical fields,F_gate_miss_no_abstract,False,True,https://openalex.org/W2082216956,10.1038/npp.2010.248,2011.0,article,False,0.0,False,False,False,False,False,False,False,
10.1038/npp.2012.1,10.1038/npp.2012.1,10.1038/npp.2012.1,Evidence of IQ-Modulated Association Between ZNF804A Gene Polymorphism and Cognitive Function in Schizophrenia Patients,2012,biological sciences,neuroscience,F_gate_miss_no_abstract,False,True,https://openalex.org/W1978819345,10.1038/npp.2012.1,2012.0,article,False,0.0,False,False,False,False,False,False,False,
10.1038/s41386-022-01501-3,10.1038/s41386-022-01501-3,10.1038/s41386-022-01501-3,Neural underpinnings of open-label placebo effects in emotional distress,2023,biological sciences,neuroscience,G_gate_miss_with_abstract,False,True,https://openalex.org/W4310593698,10.1038/s41386-022-01501-3,2022.0,article,True,1472.0,False,False,False,False,False,False,False,
10.1038/s41467-018-04055-5,10.1038/s41467-018-04055-5,10.1038/s41467-018-04055-5,Identity prediction errors in the human midbrain update reward-identity expectations in the orbitofrontal cortex,2018,biological sciences,neuroscience,G_gate_miss_with_abstract,False,True,https://openalex.org/W2800881127,10.1038/s41467-018-04055-5,2018.0,article,True,1054.0,False,False,False,False,False,False,False,
10.1038/s41562-019-0609-3,10.1038/s41562-019-0609-3,10.1038/s41562-019-0609-3,No evidence for a bilingual executive function advantage in the ABCD study,2019,social sciences,psychology,B_sibling_record_in_pool,False,True,https://openalex.org/W2946128840,10.1038/s41562-019-0609-3,2019.0,article,False,0.0,False,False,False,False,True,False,False,
10.1038/s41562-022-01319-5,10.1038/s41562-022-01319-5,10.1038/s41562-022-01319-5,"Situational factors shape moral judgements in the trolley dilemma in Eastern, Southern and Western countries in a culturally diverse sample",2022,social sciences,psychology,B_sibling_record_in_pool,False,True,https://openalex.org/W4223932454,10.1038/s41562-022-01319-5,2022.0,article,False,0.0,False,False,False,False,True,False,False,
10.1038/s41586-019-1741-y,10.1038/s41586-019-1741-y,10.1038/s41586-019-1741-y,Heterogeneity in banker culture and its influence on dishonesty,2019,social sciences,economics,B_sibling_record_in_pool,True,True,https://openalex.org/W2983342917,10.1038/s41586-019-1741-y,2019.0,article,False,0.0,False,False,False,False,True,False,False,
10.1038/s41598-020-66915-9,10.1038/s41598-020-66915-9,10.1038/s41598-020-66915-9,No relationship between the digit ratios (2D:4D) and salivary testosterone change: Study on men under an acute exercise,2020,biological sciences,biology,G_gate_miss_with_abstract,False,True,https://openalex.org/W3036346168,10.1038/s41598-020-66915-9,2020.0,article,True,960.0,False,False,False,False,False,False,False,
10.1038/sj.ejhg.5201317,10.1038/sj.ejhg.5201317,10.1038/sj.ejhg.5201317,PARK11 is not linked with Parkinson's disease in European families,2005,biological sciences,biology,F_gate_miss_no_abstract,True,True,https://openalex.org/W1985363003,10.1038/sj.ejhg.5201317,2004.0,article,False,0.0,False,False,False,False,False,False,False,
10.1038/sj.ejhg.5201866,10.1038/sj.ejhg.5201866,10.1038/sj.ejhg.5201866,Confirmation of associations between ion channel gene SNPs and QTc interval duration in healthy subjects,2007,biological sciences,medical fields,F_gate_miss_no_abstract,False,True,https://openalex.org/W1977048802,10.1038/sj.ejhg.5201866,2007.0,article,False,0.0,False,False,False,False,False,False,False,
10.1038/sj.gene.6364398,10.1038/sj.gene.6364398,10.1038/sj.gene.6364398,The role of the Toll receptor pathway in susceptibility to inflammatory bowel diseases,2007,biological sciences,biology,F_gate_miss_no_abstract,True,True,https://openalex.org/W2140541855,10.1038/sj.gene.6364398,2007.0,article,False,0.0,False,False,False,False,False,False,False,
10.1038/sj.mp.4000466,10.1038/sj.mp.4000466,10.1038/sj.mp.4000466,Neuroticism is not associated with the serotonin transporter (5-HTTLPR) polymorphism,1999,biological sciences,medical fields,F_gate_miss_no_abstract,False,True,https://openalex.org/W2017744399,10.1038/sj.mp.4000466,1999.0,article,False,0.0,False,False,False,False,False,False,False,
10.1038/sj.mp.4001719,10.1038/sj.mp.4001719,10.1038/sj.mp.4001719,Gene expression and association analyses of LIM (PDLIM5) in bipolar disorder and schizophrenia,2005,biological sciences,neuroscience,F_gate_miss_no_abstract,True,True,https://openalex.org/W2062161651,10.1038/sj.mp.4001719,2005.0,article,False,0.0,False,False,False,False,False,False,False,
10.1038/sj.npp.1300311,10.1038/sj.npp.1300311,10.1038/sj.npp.1300311,Evidence for Genetic Linkage Between a Polymorphism in the Adenosine 2A Receptor and Panic Disorder,2004,biological sciences,medical fields,F_gate_miss_no_abstract,True,True,https://openalex.org/W2055768964,10.1038/sj.npp.1300311,2003.0,article,False,0.0,False,False,False,False,False,False,False,
10.1038/srep05304,10.1038/srep05304,10.1038/srep05304,Is ostension any more than attention?,2014,social sciences,psychology,G_gate_miss_with_abstract,False,True,https://openalex.org/W2062582956,10.1038/srep05304,2014.0,article,True,928.0,False,False,False,False,False,False,False,
10.1038/tp.2012.41,10.1038/tp.2012.41,10.1038/tp.2012.41,Genome-wide meta-analyses of smoking behaviors in African Americans,2012,biological sciences,biology,G_gate_miss_with_abstract,False,True,https://openalex.org/W2128448881,10.1038/tp.2012.41,2012.0,article,True,1715.0,False,False,False,False,False,False,False,
10.1038/tpj.2008.6,10.1038/tpj.2008.6,10.1038/tpj.2008.6,Further evidence for association of the RGS2 gene with antipsychotic-induced parkinsonism: protective role of a functional polymorphism in the 3′-untranslated region,2009,biological sciences,medical fields,F_gate_miss_no_abstract,True,True,https://openalex.org/W1977958320,10.1038/tpj.2008.6,2008.0,article,False,0.0,False,False,False,False,False,False,False,
10.1038/tpj.2011.32,10.1038/tpj.2011.32,10.1038/tpj.2011.32,Support for association of HSPG2 with tardive dyskinesia in Caucasian populations,2012,biological sciences,medical fields,F_gate_miss_no_abstract,True,True,https://openalex.org/W1973195622,10.1038/tpj.2011.32,2011.0,article,False,0.0,False,False,False,False,False,False,False,
10.1053/j.gastro.2010.06.016,10.1053/j.gastro.2010.06.016,10.1053/j.gastro.2010.06.016,Variants in the ITPA Gene Protect Against Ribavirin-Induced Hemolytic Anemia and Decrease the Need for Ribavirin Dose Reduction,2010,biological sciences,medical fields,F_gate_miss_no_abstract,False,True,https://openalex.org/W2014983544,10.1053/j.gastro.2010.06.016,2010.0,article,False,0.0,False,False,False,False,False,False,False,
10.1056/nejmoa0804656,10.1056/nejmoa0804656,10.1056/nejmoa0804656,Thrombolysis with Alteplase 3 to 4.5 Hours after Acute Ischemic Stroke,2008,biological sciences,medical fields,G_gate_miss_with_abstract,False,True,https://openalex.org/W2159233098,10.1056/nejmoa0804656,2008.0,article,True,2421.0,False,False,False,False,False,False,False,
10.1073/pnas.0809630105,10.1073/pnas.0809630105,10.1073/pnas.0809630105,"Genome-wide association study identifies
                    <i>NRG1</i>
                    as a susceptibility locus for Hirschsprung's disease",2009,biological sciences,medical fields,G_gate_miss_with_abstract,False,True,https://openalex.org/W2063905144,10.1073/pnas.0809630105,2009.0,article,True,1770.0,False,False,False,False,False,False,False,
10.1073/pnas.1508631112,10.1073/pnas.1508631112,10.1073/pnas.1508631112,Sensorimotor influences on speech perception in infancy,2015,social sciences,psychology,G_gate_miss_with_abstract,False,True,https://openalex.org/W1913988672,10.1073/pnas.1508631112,2015.0,article,True,1797.0,False,False,False,False,False,False,False,
10.1073/pnas.2402315121 sapp,10.1073/pnas.2402315121 sapp,10.1073/pnas.2402315121,Does thinking about God increase acceptance of artificial intelligence in decision-making?,2024,social sciences,psychology,A_in_pool_join_artifact,False,True,https://openalex.org/W4400909427,10.1073/pnas.2402315121,2024.0,article,True,498.0,False,True,False,True,True,True,True,
10.1080/0003684042000229532,10.1080/0003684042000229532,10.1080/0003684042000229532,"Overeducation, undereducation, and the theory of career mobility",2004,social sciences,economics,G_gate_miss_with_abstract,True,True,https://openalex.org/W2033060797,10.1080/0003684042000229532,2004.0,article,True,1174.0,False,False,False,False,False,False,False,
10.1080/00220388.2012.709621,10.1080/00220388.2012.709621,10.1080/00220388.2012.709621,Aid and Growth: What Meta-Analysis Reveals,2013,social sciences,economics,G_gate_miss_with_abstract,False,True,https://openalex.org/W2044577144,10.1080/00220388.2012.709621,2013.0,article,True,597.0,False,False,False,False,False,False,False,
10.1080/01690960903036836,10.1080/01690960903036836,10.1080/01690960903036836,The role of contrastive intonation contours in the retrieval of contextual alternatives,2010,social sciences,linguistics,G_gate_miss_with_abstract,False,True,https://openalex.org/W2140537536,10.1080/01690960903036836,2009.0,article,True,1143.0,False,False,False,False,False,False,False,
10.1080/02643290244000257,10.1080/02643290244000257,10.1080/02643290244000257,ROLE OF MENTAL IMAGERY IN A PROPERTY VERIFICATION TASK: FMRI EVIDENCE FOR PERCEPTUAL REPRESENTATIONS OF CONCEPTUAL KNOWLEDGE,2003,social sciences,psychology,G_gate_miss_with_abstract,False,True,https://openalex.org/W2125961536,10.1080/02643290244000257,2003.0,article,True,1373.0,False,False,False,False,False,False,False,
10.1080/02699931.2017.1394817,10.1080/02699931.2017.1394817,10.1080/02699931.2017.1394817,Enhanced recall of disgusting relative to frightening photographs is not due to organisation,2018,social sciences,psychology,G_gate_miss_with_abstract,False,True,https://openalex.org/W2765356153,10.1080/02699931.2017.1394817,2017.0,article,True,1236.0,False,False,False,False,False,False,False,
10.1080/07350015.2015.1102733,10.1080/07350015.2015.1102733,10.1080/07350015.2015.1102733,Inference in High-Dimensional Panel Models With an Application to Gun Control,2015,social sciences,economics,G_gate_miss_with_abstract,False,True,https://openalex.org/W2138276126,10.1080/07350015.2015.1102733,2015.0,article,True,1369.0,False,False,False,False,False,False,False,
10.1080/09515070.2017.1355295,10.1080/09515070.2017.1355295,10.1080/09515070.2017.1355295,Therapist activities preceding therapy setbacks in a poor-outcome case,2019,social sciences,psychology,G_gate_miss_with_abstract,False,True,https://openalex.org/W2741388779,10.1080/09515070.2017.1355295,2017.0,article,True,1298.0,False,False,False,False,False,False,False,
10.1080/09603107.2011.564130,10.1080/09603107.2011.564130,10.1080/09603107.2011.564130,An empirical demonstration of classical comparative cost theory: a correction to Balassa (),2011,social sciences,economics,G_gate_miss_with_abstract,False,True,https://openalex.org/W2054912076,10.1080/09603107.2011.564130,2011.0,erratum,True,500.0,False,False,False,False,False,False,False,
10.1080/15592294.2021.1943864,10.1080/15592294.2021.1943864,10.1080/15592294.2021.1943864,Hypermethylation of the oxytocin receptor gene (OXTR) in obsessive-compulsive disorder: further evidence for a biomarker of disease and treatment response,2022,biological sciences,medical fields,E_gate_pass_record_changed_since_snapshot,False,True,https://openalex.org/W3183123502,10.1080/15592294.2021.1943864,2021.0,article,True,1794.0,False,True,False,True,False,False,False,
10.1080/17470218.2016.1253756,10.1080/17470218.2016.1253756,10.1080/17470218.2016.1253756,Experience with compound words influences their processing: An eye movement investigation with English compound words,2018,social sciences,psychology,G_gate_miss_with_abstract,False,True,https://openalex.org/W2542812242,10.1080/17470218.2016.1253756,2016.0,article,True,1467.0,False,False,False,False,False,False,False,
10.1080/17470910701563681,10.1080/17470910701563681,10.1080/17470910701563681,Preliminary evidence for deficits in multisensory integration in autism spectrum disorders: The mirror neuron hypothesis,2008,social sciences,psychology,G_gate_miss_with_abstract,False,True,https://openalex.org/W2022722926,10.1080/17470910701563681,2008.0,article,True,1567.0,False,False,False,False,False,False,False,
10.1080/21567689.2015.1035870,10.1080/21567689.2015.1035870,10.1080/21567689.2015.1035870,"Secularism, Identity, and Enchantment",2015,social sciences,psychology,G_gate_miss_with_abstract,False,True,https://openalex.org/W2082393174,10.1080/21567689.2015.1035870,2015.0,book-review,True,200.0,False,False,False,False,False,False,False,
10.1086/259361,10.1086/259361,10.1086/259361,Empirical Evidence on the Incidence of the Corporation Income Tax,1967,social sciences,economics,F_gate_miss_no_abstract,False,True,https://openalex.org/W2067803712,10.1086/259361,1967.0,article,False,0.0,False,False,False,False,False,False,False,
10.1086/344659,10.1086/344659,10.1086/344659,RHD Maternal-Fetal Genotype Incompatibility Increases Schizophrenia Susceptibility,2002,biological sciences,medical fields,F_gate_miss_no_abstract,False,True,https://openalex.org/W1984308143,10.1086/344659,2002.0,article,False,0.0,False,False,False,False,False,False,False,
10.1086/345442,10.1086/345442,10.1086/345442,Association of Neuregulin 1 with Schizophrenia Confirmed in a Scottish Population,2003,biological sciences,biology,F_gate_miss_no_abstract,False,True,https://openalex.org/W2066635264,10.1086/345442,2003.0,article,False,0.0,False,False,False,False,False,False,False,
10.1086/374383,10.1086/374383,10.1086/374383,Significant Linkage of Parkinson Disease to Chromosome 2q36-37,2003,biological sciences,medical fields,F_gate_miss_no_abstract,False,True,https://openalex.org/W1987041769,10.1086/374383,2003.0,article,False,0.0,False,False,False,False,False,False,False,
10.1086/380647,10.1086/380647,10.1086/380647,The PARK8 Locus in Autosomal Dominant Parkinsonism: Confirmation of Linkage and Further Delineation of the Disease-Containing Interval,2004,biological sciences,biology,F_gate_miss_no_abstract,False,True,https://openalex.org/W2082471010,10.1086/380647,2004.0,article,False,0.0,False,False,False,False,False,False,False,
10.1086/425588,10.1086/425588,10.1086/425588,Family-Based Association Study of Synapsin II and Schizophrenia,2004,biological sciences,biology,F_gate_miss_no_abstract,False,True,https://openalex.org/W1963770657,10.1086/425588,2004.0,article,False,0.0,False,False,False,False,False,False,False,
10.1086/428387,10.1086/428387,10.1086/428387,"No Evidence of Association or Interaction between the IL4RA, IL4, and IL13 Genes in Type 1 Diabetes",2005,biological sciences,biology,F_gate_miss_no_abstract,False,True,https://openalex.org/W2036533102,10.1086/428387,2005.0,article,False,0.0,False,False,False,False,False,False,False,
10.1086/444510,10.1086/444510,10.1086/444510,Genomewide Significant Linkage to Migrainous Headache on Chromosome 5q21,2005,biological sciences,biology,B_sibling_record_in_pool,False,True,https://openalex.org/W2129166773,10.1086/444510,2005.0,article,False,0.0,False,False,False,False,True,False,False,
10.1086/513206,10.1086/513206,10.1086/513206,Admixture Mapping of an Allele Affecting Interleukin 6 Soluble Receptor and Interleukin 6 Levels,2007,biological sciences,biology,F_gate_miss_no_abstract,False,True,https://openalex.org/W1993255002,10.1086/513206,2007.0,article,False,0.0,False,False,False,False,False,False,False,
10.1086/519221,10.1086/519221,10.1086/519221,Combining Evidence of Natural Selection with Association Analysis Increases Power to Detect Malaria-Resistance Variants,2007,biological sciences,biology,F_gate_miss_no_abstract,False,True,https://openalex.org/W2030954440,10.1086/519221,2007.0,article,False,0.0,False,False,False,False,False,False,False,
10.1086/659000,10.1086/659000,10.1086/659000,How to Make a 29% Increase Look Bigger: The Unit Effect in Option Comparisons,2011,social sciences,psychology,G_gate_miss_with_abstract,False,True,https://openalex.org/W2116156118,10.1086/659000,2011.0,article,True,1023.0,False,False,False,False,False,False,False,
10.1086/677189,10.1086/677189,10.1086/677189,Disease and Development Revisited,2014,social sciences,economics,F_gate_miss_no_abstract,False,True,https://openalex.org/W3023501125,10.1086/677189,2014.0,editorial,False,0.0,False,False,False,False,False,False,False,
10.1086/694204,10.1086/694204,10.1086/694204,Do Powerful Politicians Really Cause Corporate Downsizing?,2017,social sciences,economics,F_gate_miss_no_abstract,False,True,https://openalex.org/W3121206630,10.1086/694204,2017.0,editorial,False,0.0,False,False,False,False,False,False,False,
10.1086/696277,10.1086/696277,10.1086/696277,Government Spending Multipliers in Good Times and in Bad: Evidence from US Historical Data,2017,social sciences,economics,G_gate_miss_with_abstract,False,True,https://openalex.org/W1905678139,10.1086/696277,2017.0,article,True,617.0,False,False,False,False,False,False,False,
10.1093/cercor/bhl072,10.1093/cercor/bhl072,10.1093/cercor/bhl072,Neural Basis for Priming of Pop-Out during Visual Search Revealed with fMRI,2007,social sciences,psychology,G_gate_miss_with_abstract,False,True,https://openalex.org/W2153290964,10.1093/cercor/bhl072,2006.0,article,True,1839.0,False,False,False,False,False,False,False,
10.1093/cercor/bhx353,10.1093/cercor/bhx353,10.1093/cercor/bhx353,Fear Extinction Recall Modulates Human Frontomedial Theta and Amygdala Activity,2019,biological sciences,neuroscience,G_gate_miss_with_abstract,False,True,https://openalex.org/W2791156417,10.1093/cercor/bhx353,2017.0,article,True,1405.0,False,False,False,False,False,False,False,
10.1093/chemse/bjz072,10.1093/chemse/bjz072,10.1093/chemse/bjz072,Parametric Characterization of a Taste Phenotype in Rats Selectively Bred for High Versus Low Saccharin Intake,2020,biological sciences,biology,G_gate_miss_with_abstract,False,True,https://openalex.org/W2990801087,10.1093/chemse/bjz072,2019.0,article,True,936.0,False,False,False,False,False,False,False,
10.1093/cje/bel013,10.1093/cje/bel013,10.1093/cje/bel013,On data: a case study of the evolution of income inequality across time and across countries,2006,social sciences,economics,G_gate_miss_with_abstract,False,True,https://openalex.org/W2091909900,10.1093/cje/bel013,2006.0,article,True,657.0,False,False,False,False,False,False,False,
10.1093/ijl/ecr002,10.1093/ijl/ecr002,10.1093/ijl/ecr002,Studies on bilingualized dictionaries: The user perspective,2011,social sciences,linguistics,E_gate_pass_record_changed_since_snapshot,False,True,https://openalex.org/W2319206153,10.1093/ijl/ecr002,2011.0,article,True,1318.0,False,True,False,True,False,False,False,
10.1093/pan/mpi019,10.1093/pan/mpi019,10.1093/pan/mpi019,Bias in Conditional and Unconditional Fixed Effects Logit Estimation: A Correction,2005,social sciences,economics,G_gate_miss_with_abstract,False,True,https://openalex.org/W2091847559,10.1093/pan/mpi019,2005.0,article,True,548.0,False,False,False,False,False,False,False,
10.1093/rfs/hhp018,10.1093/rfs/hhp018,10.1093/rfs/hhp018,A Reexamination of Corporate Governance and Equity Prices,2009,social sciences,economics,G_gate_miss_with_abstract,False,True,https://openalex.org/W3125275292,10.1093/rfs/hhp018,2009.0,article,True,717.0,False,False,False,False,False,False,False,
10.1093/scan/nsv133,10.1093/scan/nsv133,10.1093/scan/nsv133,Neural signatures of experimentally induced flow experiences identified in a typical fMRI block design with BOLD imaging,2016,biological sciences,neuroscience,G_gate_miss_with_abstract,False,True,https://openalex.org/W2249750904,10.1093/scan/nsv133,2015.0,article,True,1445.0,False,False,False,False,False,False,False,
10.1097/00006842-200001000-00008,10.1097/00006842-200001000-00008,10.1097/00006842-200001000-00008,The Relationship Between Menstrual Cycle Phases and Suicide Attempts,2000,biological sciences,medical fields,G_gate_miss_with_abstract,False,True,https://openalex.org/W2088950541,10.1097/00006842-200001000-00008,2000.0,article,True,1678.0,False,False,False,False,False,False,False,
10.1097/inf.0b013e3181c15367,10.1097/inf.0b013e3181c15367,10.1097/inf.0b013e3181c15367,Sex Differences in the Effect of Vaccines on the Risk of Hospitalization Due to Measles in Guinea-Bissau,2010,social sciences,psychology,G_gate_miss_with_abstract,False,True,https://openalex.org/W1965918232,10.1097/inf.0b013e3181c15367,2010.0,article,True,2056.0,False,False,False,False,False,False,False,
10.1101/2025.11.02.686051,10.1101/2025.11.02.686051,10.1101/2025.11.02.686051,Perceptual Decoys Do Not Reliably Bias Choice: Boundary-Condition Evidence,2025,social sciences,psychology,D_openalex_coverage_gap,True,False,,,,,,,,,,,False,False,,200
10.1101/lm.042978.116,10.1101/lm.042978.116,10.1101/lm.042978.116,Reward retroactively enhances memory consolidation for related items,2017,social sciences,psychology,G_gate_miss_with_abstract,False,True,https://openalex.org/W2560854494,10.1101/lm.042978.116,2016.0,preprint,True,664.0,False,False,False,False,False,False,False,
10.1108/jgm-11-2022-0063,10.1108/jgm-11-2022-0063,10.1108/jgm-11-2022-0063,Traders across borders: who and where?,2023,social sciences,business & management,G_gate_miss_with_abstract,True,True,https://openalex.org/W4366437007,10.1108/jgm-11-2022-0063,2023.0,article,True,1677.0,False,False,False,False,False,False,False,
10.1111/0022-1082.00485,10.1111/0022-1082.00485,10.1111/0022-1082.00485,"Global Diversification, Industrial Diversification, and Firm Value",2002,social sciences,economics,G_gate_miss_with_abstract,False,True,https://openalex.org/W2158454654,10.1111/0022-1082.00485,2002.0,article,True,698.0,False,False,False,False,False,False,False,
10.1111/0272-4332.216174,10.1111/0272-4332.216174,10.1111/0272-4332.216174,Correlates of Hazard Education Programs for Youth,2001,social sciences,psychology,G_gate_miss_with_abstract,False,True,https://openalex.org/W2001112994,10.1111/0272-4332.216174,2001.0,article,True,1494.0,False,False,False,False,False,False,False,
10.1111/1467-8462.00207,10.1111/1467-8462.00207,10.1111/1467-8462.00207,The Impact of Children on the Lifetime Earnings of Australian Women: Evidence from the 1990s,2001,social sciences,economics,G_gate_miss_with_abstract,False,True,https://openalex.org/W2032764274,10.1111/1467-8462.00207,2001.0,article,True,135.0,False,False,False,False,False,False,False,
10.1111/1467-9280.00177,10.1111/1467-9280.00177,10.1111/1467-9280.00177,Number Versus Contour Length in Infants' Discrimination of Small Visual Sets,1999,social sciences,psychology,G_gate_miss_with_abstract,False,True,https://openalex.org/W2121098351,10.1111/1467-9280.00177,1999.0,article,True,764.0,False,False,False,False,False,False,False,
10.1111/adb.12703,10.1111/adb.12703,10.1111/adb.12703,Dysfunctional approach behavior triggered by alcohol‐unrelated Pavlovian cues predicts long‐term relapse in alcohol dependence,2020,biological sciences,medical fields,G_gate_miss_with_abstract,False,True,https://openalex.org/W2904101077,10.1111/adb.12703,2018.0,article,True,1822.0,False,False,False,False,False,False,False,
10.1111/ajps.12252,10.1111/ajps.12252,10.1111/ajps.12252,Does Race Affect Access to Government Services? An Experiment Exploring Street‐Level Bureaucrats and Access to Public Housing,2016,social sciences,political science,G_gate_miss_with_abstract,False,True,https://openalex.org/W2341386271,10.1111/ajps.12252,2016.0,article,True,1012.0,False,False,False,False,False,False,False,
10.1111/ecoj.12042,10.1111/ecoj.12042,10.1111/ecoj.12042,Drought and Civil War in Sub‐Saharan Africa,2013,social sciences,economics,G_gate_miss_with_abstract,False,True,https://openalex.org/W3023656966,10.1111/ecoj.12042,2013.0,article,True,22.0,False,False,False,False,False,False,False,
10.1111/j.1467-6494.1983.tb00872.x,10.1111/j.1467-6494.1983.tb00872.x,10.1111/j.1467-6494.1983.tb00872.x,Field dependence and attitude change: Source credibility can alter persuasion by affecting message‐relevant thinking,1983,social sciences,psychology,G_gate_miss_with_abstract,False,True,https://openalex.org/W2031663812,10.1111/j.1467-6494.1983.tb00872.x,1983.0,article,True,1124.0,False,False,False,False,False,False,False,
10.1111/j.1468-0297.2010.02365.x,10.1111/j.1468-0297.2010.02365.x,10.1111/j.1468-0297.2010.02365.x,Forced to Be Rich? Returns to Compulsory Schooling in Britain,2008,social sciences,economics,G_gate_miss_with_abstract,False,True,https://openalex.org/W1913969375,10.1111/j.1468-0297.2010.02365.x,2010.0,article,True,1162.0,False,False,False,False,False,False,False,
10.1111/j.1468-1331.2011.03353.x,10.1111/j.1468-1331.2011.03353.x,10.1111/j.1468-1331.2011.03353.x,"Coffee, ADORA2A, and CYP1A2: the caffeine connection in Parkinson’s disease",2011,biological sciences,medical fields,G_gate_miss_with_abstract,False,True,https://openalex.org/W2124900584,10.1111/j.1468-1331.2011.03353.x,2011.0,article,True,1858.0,False,False,False,False,False,False,False,
10.1111/j.1540-4781.1986.tb05287.x,10.1111/j.1540-4781.1986.tb05287.x,10.1111/j.1540-4781.1986.tb05287.x,"Background Knowledge, & L2 Reading",1986,social sciences,linguistics,F_gate_miss_no_abstract,False,True,https://openalex.org/W1986588180,10.1111/j.1540-4781.1986.tb05287.x,1986.0,article,False,0.0,False,False,False,False,False,False,False,
10.1111/j.1540-6261.2012.01744.x,10.1111/j.1540-6261.2012.01744.x,10.1111/j.1540-6261.2012.01744.x,CEO Compensation and Board Structure Revisited,2012,social sciences,economics,G_gate_miss_with_abstract,False,True,https://openalex.org/W3125954083,10.1111/j.1540-6261.2012.01744.x,2012.0,article,True,608.0,False,False,False,False,False,False,False,
10.1111/j.1747-0285.2009.00901.x,10.1111/j.1747-0285.2009.00901.x,10.1111/j.1747-0285.2009.00901.x,Resveratrol is Not a Direct Activator of SIRT1 Enzyme Activity,2009,biological sciences,biology,G_gate_miss_with_abstract,True,True,https://openalex.org/W2018951168,10.1111/j.1747-0285.2009.00901.x,2009.0,article,True,1266.0,False,False,False,False,False,False,False,
10.1111/jth.13431,10.1111/jth.13431,10.1111/jth.13431,Single nucleotide polymorphisms in an intergenic chromosome 2q region associated with tissue factor pathway inhibitor plasma levels and venous thromboembolism,2016,biological sciences,medical fields,F_gate_miss_no_abstract,False,True,https://openalex.org/W2518823129,10.1111/jth.13431,2016.0,article,False,0.0,False,False,False,False,False,False,False,
10.1111/spc3.12557,10.1111/spc3.12557,10.1111/spc3.12557,Omission and commission in judgment and decision making: Understanding and linking action‐inaction effects using the concept of normality,2020,social sciences,psychology,G_gate_miss_with_abstract,False,True,https://openalex.org/W3046000984,10.1111/spc3.12557,2020.0,article,True,829.0,False,False,False,False,False,False,False,
10.1111/ssqu.12007,10.1111/ssqu.12007,10.1111/ssqu.12007,Racial and Social Class Differences in How Parents Respond to Inadequate Achievement: Consequences for Children's Future Achievement,2013,social sciences,psychology,G_gate_miss_with_abstract,False,True,https://openalex.org/W2151576169,10.1111/ssqu.12007,2013.0,article,True,1417.0,False,False,False,False,False,False,False,
10.1124/jpet.114.214833,10.1124/jpet.114.214833,10.1124/jpet.114.214833,Further Characterization of Quinpirole-Elicited Yawning as a Model of Dopamine D3 Receptor Activation in Male and Female Monkeys,2014,biological sciences,neuroscience,F_gate_miss_no_abstract,False,True,https://openalex.org/W1975075282,10.1124/jpet.114.214833,2014.0,article,False,0.0,False,False,False,False,False,False,False,
10.1126/science.1167748,10.1126/science.1167748,10.1126/science.1167748,Predicting Elections: Child's Play!,2009,social sciences,psychology,G_gate_miss_with_abstract,False,True,https://openalex.org/W1968155605,10.1126/science.1167748,2009.0,article,True,302.0,False,False,False,False,False,False,False,
10.1126/science.1218455,10.1126/science.1218455,10.1126/science.1218455,"GFAJ-1 Is an Arsenate-Resistant, Phosphate-Dependent Organism",2012,biological sciences,microbiology,G_gate_miss_with_abstract,False,True,https://openalex.org/W2001964103,10.1126/science.1218455,2012.0,article,True,977.0,False,False,False,False,False,False,False,
10.1126/science.1219861,10.1126/science.1219861,10.1126/science.1219861,Absence of Detectable Arsenate in DNA from Arsenate-Grown GFAJ-1 Cells,2012,biological sciences,microbiology,G_gate_miss_with_abstract,False,True,https://openalex.org/W2052038373,10.1126/science.1219861,2012.0,article,True,1057.0,False,False,False,False,False,False,False,
10.1128/aac.01297-23,10.1128/aac.01297-23,10.1128/aac.01297-23,Manidipine is not a potential inhibitor against SARS-CoV-2 main protease,2024,biological sciences,biology,E_gate_pass_record_changed_since_snapshot,False,True,https://openalex.org/W4391386607,10.1128/aac.01297-23,2024.0,article,True,3262.0,False,True,False,True,False,False,False,
10.1136/ard.2007.071662,10.1136/ard.2007.071662,10.1136/ard.2007.071662,"Associations between Human leukocyte antigen, PTPN22, CTLA4 genotypes and rheumatoid arthritis phenotypes of autoantibody status, age at diagnosis and erosions in a large cohort study",2008,biological sciences,medical fields,F_gate_miss_no_abstract,False,True,https://openalex.org/W2152421131,10.1136/ard.2007.071662,2007.0,article,False,0.0,False,False,False,False,False,False,False,
10.1136/ard.2008.100180,10.1136/ard.2008.100180,10.1136/ard.2008.100180,A large multicentre analysis of CTGF −945 promoter polymorphism does not confirm association with systemic sclerosis susceptibility or phenotype,2009,biological sciences,medical fields,F_gate_miss_no_abstract,False,True,https://openalex.org/W2167474952,10.1136/ard.2008.100180,2008.0,article,False,0.0,False,False,False,False,False,False,False,
10.1136/hrt.2005.061523,10.1136/hrt.2005.061523,10.1136/hrt.2005.061523,Effect of statins on the mortality of patients with ischaemic heart disease: population based cohort study with nested case-control analysis,2005,biological sciences,medical fields,G_gate_miss_with_abstract,False,True,https://openalex.org/W2025047781,10.1136/hrt.2005.061523,2005.0,article,True,2731.0,False,False,False,False,False,False,False,
10.1136/thorax.55.6.459,10.1136/thorax.55.6.459,10.1136/thorax.55.6.459,TGF-beta 1 genotype and accelerated decline in lung function of patients with cystic fibrosis,2000,biological sciences,medical fields,G_gate_miss_with_abstract,False,True,https://openalex.org/W2100326545,10.1136/thorax.55.6.459,2000.0,article,True,1551.0,False,False,False,False,False,False,False,
10.1152/jn.00412.2024,10.1152/jn.00412.2024,10.1152/jn.00412.2024,Not fleeting but lasting: limited influence of aging on implicit adaptative motor learning and its short-term retention,2025,biological sciences,neuroscience,B_sibling_record_in_pool,False,True,https://openalex.org/W4406235935,10.1152/jn.00412.2024,2025.0,article,True,343.0,False,False,False,False,True,False,False,
10.1152/jn.00896.2016,10.1152/jn.00896.2016,10.1152/jn.00896.2016,No consistent effect of cerebellar transcranial direct current stimulation on visuomotor adaptation,2017,biological sciences,neuroscience,G_gate_miss_with_abstract,False,True,https://openalex.org/W2607411419,10.1152/jn.00896.2016,2017.0,article,True,498.0,False,False,False,False,False,False,False,
10.1152/jn.01119.2011,10.1152/jn.01119.2011,10.1152/jn.01119.2011,Responses to loud auditory stimuli indicate that movement-related activation builds up in anticipation of action,2013,biological sciences,neuroscience,G_gate_miss_with_abstract,False,True,https://openalex.org/W2116761914,10.1152/jn.01119.2011,2012.0,article,True,1020.0,False,False,False,False,False,False,False,
10.1159/000074633,10.1159/000074633,10.1159/000074633,Transcription Factor AP-2β Genotype Associated with Anxiety-Related Personality Traits in Women,2003,social sciences,psychology,G_gate_miss_with_abstract,False,True,https://openalex.org/W2019676027,10.1159/000074633,2003.0,article,True,1511.0,False,False,False,False,False,False,False,
10.1159/000509910,10.1159/000509910,10.1159/000509910,Oxytocin Receptor Gene DNA Methylation: A Biomarker of Treatment Response in Obsessive-Compulsive Disorder?,2021,biological sciences,medical fields,G_gate_miss_with_abstract,False,True,https://openalex.org/W3085873294,10.1159/000509910,2020.0,article,True,1886.0,False,False,False,False,False,False,False,
10.1162/003355398555603,10.1162/003355398555603,10.1162/003355398555603,Openness and Inflation: A New Assessment,1998,social sciences,economics,G_gate_miss_with_abstract,False,True,https://openalex.org/W2170972804,10.1162/003355398555603,1998.0,article,True,160.0,False,False,False,False,False,False,False,
10.1162/jocn.2008.20068,10.1162/jocn.2008.20068,10.1162/jocn.2008.20068,"Induced Electroencephalogram Oscillations during Source Memory: Familiarity is Reflected in the Gamma Band, Recollection in the Theta Band",2008,biological sciences,neuroscience,G_gate_miss_with_abstract,False,True,https://openalex.org/W2026858150,10.1162/jocn.2008.20068,2008.0,article,True,1336.0,False,False,False,False,False,False,False,
10.1162/jocn_a_01679,10.1162/jocn_a_01679,10.1162/jocn_a_01679,No Effect of Transcranial Direct Current Stimulation over Left Dorsolateral Prefrontal Cortex on Temporal Attention,2021,social sciences,psychology,G_gate_miss_with_abstract,False,True,https://openalex.org/W3122447024,10.1162/jocn_a_01679,2021.0,article,True,1634.0,False,False,False,False,False,False,False,
10.1162/rest_a_00173,10.1162/rest_a_00173,10.1162/rest_a_00173,Credit Card Redlining Revisited,2010,social sciences,economics,B_sibling_record_in_pool,False,True,https://openalex.org/W2161053406,10.1162/rest_a_00173,2010.0,article,True,625.0,False,False,False,False,True,False,False,
10.1162/rest_a_00437,10.1162/rest_a_00437,10.1162/rest_a_00437,Does Online Availability Increase Citations? Theory and Evidence from a Panel of Economics and Business Journals,2014,social sciences,sociology,G_gate_miss_with_abstract,False,True,https://openalex.org/W2939910275,10.1162/rest_a_00437,2014.0,article,True,708.0,False,False,False,False,False,False,False,
10.1162/rest_a_00769,10.1162/rest_a_00769,10.1162/rest_a_00769,Estimating the Impacts of Program Benefits: Using Instrumental Variables with Underreported and Imputed Data,2018,social sciences,economics,G_gate_miss_with_abstract,False,True,https://openalex.org/W1769622353,10.1162/rest_a_00769,2018.0,article,True,659.0,False,False,False,False,False,False,False,
10.1162/rest_a_00953,10.1162/rest_a_00953,10.1162/rest_a_00953,Interpreting OLS Estimands When Treatment Effects Are Heterogeneous: Smaller Groups Get Larger Weights,2020,social sciences,economics,G_gate_miss_with_abstract,False,True,https://openalex.org/W3028062777,10.1162/rest_a_00953,2020.0,article,True,932.0,False,False,False,False,False,False,False,
10.1176/appi.ajp.2008.07081239,10.1176/appi.ajp.2008.07081239,10.1176/appi.ajp.2008.07081239,Orbitofrontal Cortex Response to Angry Faces in Men With Histories of Suicide Attempts,2008,biological sciences,neuroscience,G_gate_miss_with_abstract,False,True,https://openalex.org/W2022432810,10.1176/appi.ajp.2008.07081239,2008.0,article,True,1761.0,False,False,False,False,False,False,False,
10.1177/0014402916658658,10.1177/0014402916658658,10.1177/0014402916658658,Student and Teacher Outcomes of the Class-Wide Function-Related Intervention Team Efficacy Trial,2016,social sciences,education,G_gate_miss_with_abstract,False,True,https://openalex.org/W2529840907,10.1177/0014402916658658,2016.0,article,True,1023.0,False,False,False,False,False,False,False,
10.1177/0017896915610144,10.1177/0017896915610144,10.1177/0017896915610144,Mental health literacy in post-secondary students,2016,biological sciences,medical fields,G_gate_miss_with_abstract,False,True,https://openalex.org/W2338782937,10.1177/0017896915610144,2015.0,article,True,1263.0,False,False,False,False,False,False,False,
10.1177/0022002714545222,10.1177/0022002714545222,10.1177/0022002714545222,"Audience Costs, Information, and Credible Commitment Problems",2016,social sciences,political science,G_gate_miss_with_abstract,False,True,https://openalex.org/W1985532136,10.1177/0022002714545222,2014.0,article,True,966.0,False,False,False,False,False,False,False,
10.1177/0047237917704635,10.1177/0047237917704635,10.1177/0047237917704635,Prevalence and Co-Occurrence of Addictive Behaviors Among Russian and Spanish Youth,2016,social sciences,psychology,G_gate_miss_with_abstract,False,True,https://openalex.org/W2608285565,10.1177/0047237917704635,2016.0,article,True,1542.0,False,False,False,False,False,False,False,
10.1177/0146167202282001,10.1177/0146167202282001,10.1177/0146167202282001,"I Belong, therefore, I Exist: Ingroup Identification, Ingroup Entitativity, and Ingroup Bias",2002,social sciences,psychology,G_gate_miss_with_abstract,False,True,https://openalex.org/W2131710807,10.1177/0146167202282001,2002.0,article,True,716.0,False,False,False,False,False,False,False,
10.1177/01461672211052120,10.1177/01461672211052120,10.1177/01461672211052120,The Drunk Utilitarian Revisited: Does Alcohol Really Increase Utilitarianism in Moral Judgment?,2021,social sciences,psychology,G_gate_miss_with_abstract,True,True,https://openalex.org/W3202567321,10.1177/01461672211052120,2021.0,article,True,972.0,False,False,False,False,False,False,False,
10.1177/016264340802300304,10.1177/016264340802300304,10.1177/016264340802300304,Comparison of Static Picture and Video Prompting on the Performance of Cooking-Related Tasks by Students with Autism,2008,social sciences,education,G_gate_miss_with_abstract,False,True,https://openalex.org/W1493843939,10.1177/016264340802300304,2008.0,article,True,853.0,False,False,False,False,False,False,False,
10.1177/0163278712448772,10.1177/0163278712448772,10.1177/0163278712448772,Psychometric Properties of the Listening Styles Profile (LSP-16),2012,social sciences,psychology,G_gate_miss_with_abstract,False,True,https://openalex.org/W2168138315,10.1177/0163278712448772,2012.0,article,True,1126.0,False,False,False,False,False,False,False,
10.1177/0956797612443835,10.1177/0956797612443835,10.1177/0956797612443835,Honesty Requires Time (and Lack of Justifications),2012,social sciences,psychology,G_gate_miss_with_abstract,False,True,https://openalex.org/W2123263762,10.1177/0956797612443835,2012.0,article,True,1070.0,False,False,False,False,False,False,False,
10.1177/0956797613486983,10.1177/0956797613486983,10.1177/0956797613486983,Heightened Sensitivity to Temperature Cues in Individuals With High Anxious Attachment,2013,social sciences,psychology,F_gate_miss_no_abstract,False,True,https://openalex.org/W2040828711,10.1177/0956797613486983,2013.0,article,False,0.0,False,False,False,False,False,False,False,
10.1177/0956797614553946,10.1177/0956797614553946,10.1177/0956797614553946,Assessing the Robustness of Power Posing,2015,social sciences,psychology,F_gate_miss_no_abstract,True,True,https://openalex.org/W2134702245,10.1177/0956797614553946,2015.0,article,False,0.0,False,False,False,False,False,False,False,
10.1177/0956797616669086,10.1177/0956797616669086,10.1177/0956797616669086,The Wisdom to Know the Difference,2016,social sciences,psychology,G_gate_miss_with_abstract,False,True,https://openalex.org/W2529976706,10.1177/0956797616669086,2016.0,article,True,1255.0,False,False,False,False,False,False,False,
10.1177/0956797620939054,10.1177/0956797620939054,10.1177/0956797620939054,Fighting COVID-19 Misinformation on Social Media: Experimental Evidence for a Scalable Accuracy-Nudge Intervention,2020,social sciences,psychology,G_gate_miss_with_abstract,False,True,https://openalex.org/W3013473577,10.1177/0956797620939054,2020.0,article,True,1004.0,False,False,False,False,False,False,False,
10.1177/1077559509337408,10.1177/1077559509337408,10.1177/1077559509337408,Caregivers’ Efforts to Educate Their Children About Child Sexual Abuse,2010,social sciences,psychology,G_gate_miss_with_abstract,False,True,https://openalex.org/W1963803614,10.1177/1077559509337408,2009.0,article,True,1129.0,False,False,False,False,False,False,False,
10.1177/1745691615577701,10.1177/1745691615577701,10.1177/1745691615577701,One Century of Global IQ Gains,2015,social sciences,psychology,G_gate_miss_with_abstract,False,True,https://openalex.org/W2115036639,10.1177/1745691615577701,2015.0,article,True,1133.0,False,False,False,False,False,False,False,
10.1177/1747021819832981,10.1177/1747021819832981,10.1177/1747021819832981,Self-prioritization of fully unfamiliar stimuli,2019,social sciences,psychology,B_sibling_record_in_pool,False,True,https://openalex.org/W2911625426,10.1177/1747021819832981,2019.0,article,True,1490.0,False,False,False,False,True,False,False,
10.1177/1948550616628608,10.1177/1948550616628608,10.1177/1948550616628608,A Fresh Look on Money Priming,2016,social sciences,psychology,G_gate_miss_with_abstract,False,True,https://openalex.org/W2287965694,10.1177/1948550616628608,2016.0,article,True,834.0,False,False,False,False,False,False,False,
10.1177/2041669515604436,10.1177/2041669515604436,10.1177/2041669515604436,Does Preference for Abstract Patterns Relate to Information Processing and Perceived Duration?,2015,social sciences,psychology,G_gate_miss_with_abstract,False,True,https://openalex.org/W2269117283,10.1177/2041669515604436,2015.0,article,True,1415.0,False,False,False,False,False,False,False,
10.1177/2053168018794753,10.1177/2053168018794753,10.1177/2053168018794753,The perils of plurality rule and the major(itarian) effect of cabinet composition on human rights in presidential democracies,2018,social sciences,political science,G_gate_miss_with_abstract,False,True,https://openalex.org/W2888771971,10.1177/2053168018794753,2018.0,article,True,1108.0,False,False,False,False,False,False,False,
10.1182/blood-2009-04-217521,10.1182/blood-2009-04-217521,10.1182/blood-2009-04-217521,A prospective study of serum soluble CD30 concentration and risk of non-Hodgkin lymphoma,2009,biological sciences,medical fields,G_gate_miss_with_abstract,False,True,https://openalex.org/W2047267738,10.1182/blood-2009-04-217521,2009.0,article,True,1090.0,False,False,False,False,False,False,False,
10.1182/blood-2016-10-743294,10.1182/blood-2016-10-743294,10.1182/blood-2016-10-743294,Validation of single nucleotide polymorphisms in invasive aspergillosis following hematopoietic cell transplantation,2017,biological sciences,medical fields,G_gate_miss_with_abstract,False,True,https://openalex.org/W2593309210,10.1182/blood-2016-10-743294,2017.0,article,True,291.0,False,False,False,False,False,False,False,
10.1186/2050-7283-1-22,10.1186/2050-7283-1-22,10.1186/2050-7283-1-22,"After a pair of self-control-intensive tasks, sucrose swishing improves subsequent working memory performance",2013,social sciences,psychology,G_gate_miss_with_abstract,False,True,https://openalex.org/W2116574052,10.1186/2050-7283-1-22,2013.0,article,True,1789.0,False,False,False,False,False,False,False,
10.1191/026553200671343210,10.1191/026553200671343210,10.1191/026553200671343210,Effects of cultural schemata on students’ test-taking processes for cloze tests: a multiple data source approach,2000,social sciences,linguistics,B_sibling_record_in_pool,False,True,https://openalex.org/W4212955239,10.1191/026553200671343210,2000.0,article,False,0.0,False,False,False,False,True,False,False,
10.1200/jco.2011.29.15_suppl.9127,10.1200/jco.2011.29.15_suppl.9127,10.1200/jco.2011.29.15_suppl.9127,Do high symptom scores trigger clinical actions by providers? Assessing the effect of standardized symptom screening.,2011,social sciences,psychology,G_gate_miss_with_abstract,False,True,https://openalex.org/W2590709199,10.1200/jco.2011.29.15_suppl.9127,2011.0,conference-abstract,True,2222.0,False,False,False,False,False,False,False,
10.1210/jc.2011-1801,10.1210/jc.2011-1801,10.1210/jc.2011-1801,Genome-Wide Scan for Loci of Adolescent Obesity and Their Relationship with Blood Pressure,2012,biological sciences,biology,G_gate_miss_with_abstract,False,True,https://openalex.org/W2058368478,10.1210/jc.2011-1801,2011.0,article,True,1922.0,False,False,False,False,False,False,False,
10.1212/01.wnl.0000113722.93895.8b,10.1212/01.wnl.0000113722.93895.8b,10.1212/01.wnl.0000113722.93895.8b,"<i>TNF</i>
            -376A marks susceptibility to MS in the Spanish population",2004,biological sciences,medical fields,G_gate_miss_with_abstract,False,True,https://openalex.org/W2148121509,10.1212/01.wnl.0000113722.93895.8b,2004.0,article,True,617.0,False,False,False,False,False,False,False,
10.1212/wnl.56.2.263,10.1212/wnl.56.2.263,10.1212/wnl.56.2.263,MRI measurement of brain iron in patients with restless legs syndrome,2001,biological sciences,medical fields,G_gate_miss_with_abstract,False,True,https://openalex.org/W2057995083,10.1212/wnl.56.2.263,2001.0,article,True,550.0,False,False,False,False,False,False,False,
10.1257/aer.100.1.572,10.1257/aer.100.1.572,10.1257/aer.100.1.572,Earnings Losses of Displaced Workers Revisited,2010,social sciences,economics,G_gate_miss_with_abstract,False,True,https://openalex.org/W2029038602,10.1257/aer.100.1.572,2010.0,article,True,823.0,False,False,False,False,False,False,False,
10.1257/aer.101.7.3456,10.1257/aer.101.7.3456,10.1257/aer.101.7.3456,The Cross Section of Foreign Currency Risk Premia and Consumption Growth Risk: Comment,2011,social sciences,economics,G_gate_miss_with_abstract,False,True,https://openalex.org/W3124275992,10.1257/aer.101.7.3456,2011.0,article,True,580.0,False,False,False,False,False,False,False,
10.1257/aer.102.7.3749,10.1257/aer.102.7.3749,10.1257/aer.102.7.3749,The Economic Impacts of Climate Change: Evidence from Agricultural Output and Random Fluctuations in Weather: Comment,2012,social sciences,economics,G_gate_miss_with_abstract,False,True,https://openalex.org/W3123146428,10.1257/aer.102.7.3749,2012.0,article,True,632.0,False,False,False,False,False,False,False,
10.1257/aer.102.7.3774,10.1257/aer.102.7.3774,10.1257/aer.102.7.3774,Growth Dynamics: The Myth of Economic Recovery: Comment,2012,social sciences,economics,G_gate_miss_with_abstract,False,True,https://openalex.org/W2047213612,10.1257/aer.102.7.3774,2012.0,article,True,375.0,False,False,False,False,False,False,False,
10.1257/aer.104.3.1072,10.1257/aer.104.3.1072,10.1257/aer.104.3.1072,The Dynamic Behavior of the Real Exchange Rate in Sticky Price Models: Comment,2014,social sciences,economics,G_gate_miss_with_abstract,False,True,https://openalex.org/W2091413720,10.1257/aer.104.3.1072,2014.0,article,True,689.0,False,False,False,False,False,False,False,
10.1257/aer.104.4.1439,10.1257/aer.104.4.1439,10.1257/aer.104.4.1439,"Stock Prices, News, and Economic Fluctuations: Comment",2014,social sciences,economics,G_gate_miss_with_abstract,False,True,https://openalex.org/W3020948337,10.1257/aer.104.4.1439,2014.0,article,True,434.0,False,False,False,False,False,False,False,
10.1257/aer.20120767,10.1257/aer.20120767,10.1257/aer.20120767,The Bidder's Curse: Comment,2016,social sciences,economics,G_gate_miss_with_abstract,True,True,https://openalex.org/W1005799880,10.1257/aer.20120767,2016.0,article,True,671.0,False,False,False,False,False,False,False,
10.1257/aer.20131048,10.1257/aer.20131048,10.1257/aer.20131048,Choice Inconsistencies among the Elderly: Evidence from Plan Choice in the Medicare Part D Program: Comment,2016,social sciences,economics,G_gate_miss_with_abstract,False,True,https://openalex.org/W2557874679,10.1257/aer.20131048,2016.0,article,True,742.0,False,False,False,False,False,False,False,
10.1257/aer.20150891,10.1257/aer.20150891,10.1257/aer.20150891,"The Cyclicality of Sales, Regular, and Effective Prices: Business Cycle and Policy Implications: Comment",2017,social sciences,economics,G_gate_miss_with_abstract,False,True,https://openalex.org/W2759980629,10.1257/aer.20150891,2017.0,article,True,689.0,False,False,False,False,False,False,False,
10.1257/aer.20160789,10.1257/aer.20160789,10.1257/aer.20160789,Violence and Risk Preference: Experimental Evidence from Afghanistan: Comment,2018,social sciences,economics,G_gate_miss_with_abstract,True,True,https://openalex.org/W2504814042,10.1257/aer.20160789,2018.0,article,True,764.0,False,False,False,False,False,False,False,
10.1257/aer.20162011,10.1257/aer.20162011,10.1257/aer.20162011,The Dynamic Effects of Personal and Corporate Income Tax Changes in the United States: Comment,2019,social sciences,economics,G_gate_miss_with_abstract,False,True,https://openalex.org/W2956061677,10.1257/aer.20162011,2019.0,article,True,760.0,False,False,False,False,False,False,False,
10.1257/aer.20171787,10.1257/aer.20171787,10.1257/aer.20171787,The Human Capital Stock: A Generalized Approach: Comment,2019,social sciences,economics,G_gate_miss_with_abstract,False,True,https://openalex.org/W2775180102,10.1257/aer.20171787,2019.0,article,True,679.0,False,False,False,False,False,False,False,
10.1257/aer.20180888,10.1257/aer.20180888,10.1257/aer.20180888,Geographic Dispersion of Economic Shocks: Evidence from the Fracking Revolution: Comment,2020,social sciences,economics,G_gate_miss_with_abstract,False,True,https://openalex.org/W3122654737,10.1257/aer.20180888,2020.0,article,True,771.0,False,False,False,False,False,False,False,
10.1257/aer.98.5.2259,10.1257/aer.98.5.2259,10.1257/aer.98.5.2259,Can Hepatitis B Mothers Account for the Number of Missing Women? Evidence from Three Million Newborns in Taiwan,2008,social sciences,economics,G_gate_miss_with_abstract,False,True,https://openalex.org/W1994568240,10.1257/aer.98.5.2259,2008.0,article,True,586.0,False,False,False,False,False,False,False,
10.1257/mac.5.2.152,10.1257/mac.5.2.152,10.1257/mac.5.2.152,Blunt Instruments: Avoiding Common Pitfalls in Identifying the Causes of Economic Growth,2013,social sciences,economics,G_gate_miss_with_abstract,False,True,https://openalex.org/W2130911419,10.1257/mac.5.2.152,2013.0,article,True,660.0,False,False,False,False,False,False,False,
10.1257/mac.6.3.1,10.1257/mac.6.3.1,10.1257/mac.6.3.1,"Persistence of Fortune: Accounting for Population Movements, There Was No Post-Columbian Reversal",2014,social sciences,economics,G_gate_miss_with_abstract,True,True,https://openalex.org/W1964176849,10.1257/mac.6.3.1,2014.0,article,True,703.0,False,False,False,False,False,False,False,
10.1257/pol.5.3.92,10.1257/pol.5.3.92,10.1257/pol.5.3.92,Driving under the (Cellular) Influence,2013,social sciences,economics,G_gate_miss_with_abstract,False,True,https://openalex.org/W2084840596,10.1257/pol.5.3.92,2013.0,article,True,638.0,False,False,False,False,False,False,False,
10.1287/mnsc.2016.2547,10.1287/mnsc.2016.2547,10.1287/mnsc.2016.2547,The Value of Nothing: Asymmetric Attention to Opportunity Costs Drives Intertemporal Decision Making,2017,social sciences,psychology,G_gate_miss_with_abstract,False,True,https://openalex.org/W2463671667,10.1287/mnsc.2016.2547,2016.0,article,True,977.0,False,False,False,False,False,False,False,
10.1348/135910700168900,10.1348/135910700168900,10.1348/135910700168900,Causal attributions in patients and spouses following first‐time myocardial infarction and subsequent lifestyle changes,2000,social sciences,psychology,G_gate_miss_with_abstract,False,True,https://openalex.org/W2078661133,10.1348/135910700168900,2000.0,article,True,1770.0,False,False,False,False,False,False,False,
10.1371/journal.pgen.1001195,10.1371/journal.pgen.1001195,10.1371/journal.pgen.1001195,Association of Variants at 1q32 and STAT3 with Ankylosing Spondylitis Suggests Genetic Overlap with Crohn's Disease,2010,biological sciences,medical fields,G_gate_miss_with_abstract,False,True,https://openalex.org/W1897697494,10.1371/journal.pgen.1001195,2010.0,article,True,2220.0,False,False,False,False,False,False,False,
10.1371/journal.pone.0025253,10.1371/journal.pone.0025253,10.1371/journal.pone.0025253,"A Hypomethylating Variant of MTHFR, 677C&gt;T, Blunts the Neural Response to Errors in Patients with Schizophrenia and Healthy Individuals",2011,biological sciences,neuroscience,G_gate_miss_with_abstract,False,True,https://openalex.org/W2129747811,10.1371/journal.pone.0025253,2011.0,article,True,1229.0,False,False,False,False,False,False,False,
10.1371/journal.pone.0058618,10.1371/journal.pone.0058618,10.1371/journal.pone.0058618,"SORL1 Is Genetically Associated with Late-Onset Alzheimer’s Disease in Japanese, Koreans and Caucasians",2013,biological sciences,medical fields,G_gate_miss_with_abstract,False,True,https://openalex.org/W2115106388,10.1371/journal.pone.0058618,2013.0,article,True,1537.0,False,False,False,False,False,False,False,
10.1371/journal.pone.0078168,10.1371/journal.pone.0078168,10.1371/journal.pone.0078168,The Pupillary Light Response Reveals the Focus of Covert Visual Attention,2013,social sciences,psychology,G_gate_miss_with_abstract,False,True,https://openalex.org/W2140852511,10.1371/journal.pone.0078168,2013.0,article,True,1292.0,False,False,False,False,False,False,False,
10.1371/journal.pone.0096339,10.1371/journal.pone.0096339,10.1371/journal.pone.0096339,Suppression (but Not Reappraisal) Impairs Subsequent Error Detection: An ERP Study of Emotion Regulation's Resource-Depleting Effect,2014,social sciences,psychology,G_gate_miss_with_abstract,False,True,https://openalex.org/W2069666308,10.1371/journal.pone.0096339,2014.0,article,True,1402.0,False,False,False,False,False,False,False,
10.1371/journal.pone.0108269,10.1371/journal.pone.0108269,10.1371/journal.pone.0108269,"""Good Is Up” Is Not Always Better: A Memory Advantage for Words in Metaphor-Incompatible Locations",2014,social sciences,psychology,G_gate_miss_with_abstract,False,True,https://openalex.org/W2082085237,10.1371/journal.pone.0108269,2014.0,article,True,936.0,False,False,False,False,False,False,False,
10.1371/journal.pone.0147770,10.1371/journal.pone.0147770,10.1371/journal.pone.0147770,No Evidence of the Ego-Depletion Effect across Task Characteristics and Individual Differences: A Pre-Registered Study,2016,social sciences,psychology,G_gate_miss_with_abstract,True,True,https://openalex.org/W2274591123,10.1371/journal.pone.0147770,2016.0,article,True,1337.0,False,False,False,False,False,False,False,
10.1371/journal.pone.0147770 ; 10.1371/journal.pone.0147770.s002,10.1371/journal.pone.0147770 ; 10.1371/journal.pone.0147770.s002,10.1371/journal.pone.0147770,No Evidence of the Ego-Depletion Effect across Task Characteristics and Individual Differences: A Pre-Registered Study,2016,social sciences,psychology,G_gate_miss_with_abstract,False,True,https://openalex.org/W2274591123,10.1371/journal.pone.0147770,2016.0,article,True,1337.0,False,False,False,False,False,False,False,
10.1371/journal.pone.0175799,10.1371/journal.pone.0175799,10.1371/journal.pone.0175799,Neutralizing misinformation through inoculation: Exposing misleading argumentation techniques reduces their influence,2017,social sciences,psychology,G_gate_miss_with_abstract,False,True,https://openalex.org/W2610353045,10.1371/journal.pone.0175799,2017.0,article,True,1332.0,False,False,False,False,False,False,False,
10.1371/journal.pone.0181640,10.1371/journal.pone.0181640,10.1371/journal.pone.0181640,Misinformation lingers in memory: Failure of three pro-vaccination strategies,2017,social sciences,psychology,G_gate_miss_with_abstract,False,True,https://openalex.org/W2736876412,10.1371/journal.pone.0181640,2017.0,article,True,970.0,False,False,False,False,False,False,False,
10.14695/kjsos.2021.24.1.73,10.14695/kjsos.2021.24.1.73,10.14695/kjsos.2021.24.1.73,Autobiographical memory of childhood and prosocial behaviors,2021,social sciences,psychology,G_gate_miss_with_abstract,False,True,https://openalex.org/W3155247775,10.14695/kjsos.2021.24.1.73,2021.0,article,True,706.0,False,False,False,False,False,False,False,
10.1521/jsyt.2012.31.2.21,10.1521/jsyt.2012.31.2.21,10.1521/jsyt.2012.31.2.21,Making Positive Change: A Randomized Study Comparing Solution-Focused vs. Problem-Focused Coaching Questions,2012,social sciences,psychology,G_gate_miss_with_abstract,False,True,https://openalex.org/W2000329692,10.1521/jsyt.2012.31.2.21,2012.0,article,True,1708.0,False,False,False,False,False,False,False,
10.1521/pedi.17.2.152.23990,10.1521/pedi.17.2.152.23990,10.1521/pedi.17.2.152.23990,Separate Personality Traits From States To Predict Depression,2003,social sciences,psychology,G_gate_miss_with_abstract,False,True,https://openalex.org/W2161922956,10.1521/pedi.17.2.152.23990,2003.0,article,True,881.0,False,False,False,False,False,False,False,
10.1521/soco.2008.26.6.791,10.1521/soco.2008.26.6.791,10.1521/soco.2008.26.6.791,Fluency and the Detection of Misleading Questions: Low Processing Fluency Attenuates the Moses Illusion,2008,social sciences,psychology,G_gate_miss_with_abstract,False,True,https://openalex.org/W2049137078,10.1521/soco.2008.26.6.791,2008.0,article,True,885.0,False,False,False,False,False,False,False,
10.1523/jneurosci.3476-04.2005,10.1523/jneurosci.3476-04.2005,10.1523/jneurosci.3476-04.2005,Reorganization of Visual Processing in Macular Degeneration,2005,biological sciences,neuroscience,G_gate_miss_with_abstract,False,True,https://openalex.org/W1999320700,10.1523/jneurosci.3476-04.2005,2005.0,article,True,1286.0,False,False,False,False,False,False,False,
10.1523/jneurosci.4229-07.2007,10.1523/jneurosci.4229-07.2007,10.1523/jneurosci.4229-07.2007,The Impact of Catechol-<i>O</i>-Methyltransferase and Dopamine D4 Receptor Genotypes on Neurophysiological Markers of Performance Monitoring,2007,biological sciences,neuroscience,G_gate_miss_with_abstract,False,True,https://openalex.org/W2094597697,10.1523/jneurosci.4229-07.2007,2007.0,article,True,1922.0,False,False,False,False,False,False,False,
10.1525/collabra.185,10.1525/collabra.185,10.1525/collabra.185,Distinguishing Between Need Support and Regulatory Focus with LIWC,2019,social sciences,psychology,G_gate_miss_with_abstract,False,True,https://openalex.org/W2956903201,10.1525/collabra.185,2019.0,article,True,994.0,False,False,False,False,False,False,False,
10.1525/collabra.310,10.1525/collabra.310,10.1525/collabra.310,Do Incidental Environmental Anchors Bias Consumers’ Price Estimations?,2020,social sciences,psychology,G_gate_miss_with_abstract,True,True,https://openalex.org/W3014414251,10.1525/collabra.310,2020.0,article,True,1034.0,False,False,False,False,False,False,False,
10.15626/mp.2019.1778,10.15626/mp.2019.1778,10.15626/mp.2019.1778,Perceived Discrimination against Black Americans and White Americans,2021,social sciences,psychology,G_gate_miss_with_abstract,False,True,https://openalex.org/W3158639059,10.15626/mp.2019.1778,2021.0,article,True,989.0,False,False,False,False,False,False,False,
10.1615/ichmt.2015.thmt-15.2030,10.1615/ichmt.2015.thmt-15.2030,10.1615/ichmt.2015.thmt-15.2030,Numerical study on the performance of Venturi scrubber in self-priming mode,2015,social sciences,psychology,G_gate_miss_with_abstract,False,True,https://openalex.org/W2594389996,10.1615/ichmt.2015.thmt-15.2030,2015.0,conference-paper,True,731.0,False,False,False,False,False,False,False,
10.17605/osf.io%2fvk6d9,10.17605/osf.io%2fvk6d9,10.17605/osf.io/vk6d9,"Replication of Nurmsoo & Bloom (2008, PS, Study 1)",2015,social sciences,psychology,A_in_pool_join_artifact,False,True,https://openalex.org/W2776112123,10.17605/osf.io/vk6d9,2015.0,other,False,0.0,True,False,True,True,False,True,True,
10.17605/osf.io/7vgkq,10.17605/osf.io/7vgkq,10.17605/osf.io/7vgkq,Materials,2017,biological sciences,neuroscience,F_gate_miss_no_abstract,False,True,https://openalex.org/W6906329440,10.17605/osf.io/7vgkq,2017.0,article,False,0.0,False,False,False,False,False,False,False,
10.17605/osf.io/82bwv,10.17605/osf.io/82bwv,10.17605/osf.io/82bwv,"Replication of Hajcak & Foti  (2008, PS, Study 1)",2023,biological sciences,neuroscience,C_doi_absent_from_openalex,True,False,,,,,,,,,,,False,False,,404
10.17605/osf.io/dqv9y,10.17605/osf.io/dqv9y,10.17605/osf.io/dqv9y,Replication of Elliot et al. (2010) for CREP at the University of Edinburgh,2014,social sciences,psychology,B_sibling_record_in_pool,False,False,,,,,,,,,,,True,False,,404
10.17605/osf.io/ehjdm,10.17605/osf.io/ehjdm,10.17605/osf.io/ehjdm,"Replication of Janiszewski & Uy  (2008, PS, Study 4b)",2023,social sciences,psychology,C_doi_absent_from_openalex,True,False,,,,,,,,,,,False,False,,404
10.17605/osf.io/ictp5,10.17605/osf.io/ictp5,10.17605/osf.io/ictp5,"Replication of Nurmsoo & Bloom (2008, PS, Study 1)",2023,social sciences,psychology,C_doi_absent_from_openalex,True,False,,,,,,,,,,,False,False,,404
10.17605/osf.io/ms634,10.17605/osf.io/ms634,10.17605/osf.io/ms634,Face recognition bias for in-group members,2019,social sciences,psychology,B_sibling_record_in_pool,False,False,,,,,,,,,,,True,False,,404
10.17605/osf.io/qswe3,10.17605/osf.io/qswe3,10.17605/osf.io/qswe3,Gilad Feldman: Theses by guided thesis students,2021,social sciences,psychology,F_gate_miss_no_abstract,True,True,https://openalex.org/W3099877362,10.17605/osf.io/qswe3,2020.0,preprint,False,0.0,False,False,False,False,False,False,False,
10.17605/osf.io/xszk6,10.17605/osf.io/xszk6,10.17605/osf.io/xszk6,"The Effect of ""Heat-Priming"" on Hostile Perceptions",2014,social sciences,psychology,B_sibling_record_in_pool,True,False,,,,,,,,,,,True,False,,404
10.1901/jaba.1986.19-299,10.1901/jaba.1986.19-299,10.1901/jaba.1986.19-299,AN ANALYSIS OF SOCIAL SKILLS GENERALIZATION IN TWO NATURAL SETTINGS,1986,social sciences,psychology,G_gate_miss_with_abstract,False,True,https://openalex.org/W2027960884,10.1901/jaba.1986.19-299,1986.0,article,True,620.0,False,False,False,False,False,False,False,
10.21203/rs.3.rs-8351701/v1,10.21203/rs.3.rs-8351701/v1,10.21203/rs.3.rs-8351701/v1,Ambiguity tolerance and resting-state functional connectivity: A preregistered conceptual replication in a Japanese sample,2025,biological sciences,neuroscience,B_sibling_record_in_pool,True,False,,,,,,,,,,,True,False,,200
10.2139/ssrn.2623499,10.2139/ssrn.2623499,10.2139/ssrn.2623499,"How Natural Disasters Can Affect Environmental Concerns, Risk Aversion, and Even Politics: Evidence from Fukushima and Three European Countries",2015,social sciences,economics,F_gate_miss_no_abstract,False,True,https://openalex.org/W3121208086,10.2139/ssrn.2623499,2015.0,preprint,False,0.0,False,False,False,False,False,False,False,
10.2139/ssrn.2769172,10.2139/ssrn.2769172,10.2139/ssrn.2769172,Federal Minimum Wage Hikes Do Reduce Teenage Employment: The Time Series Effects of Minimum Wages in the US Revisited,2016,social sciences,economics,F_gate_miss_no_abstract,False,True,https://openalex.org/W2338158611,10.2139/ssrn.2769172,2016.0,preprint,False,0.0,False,False,False,False,False,False,False,
10.2139/ssrn.2861102,10.2139/ssrn.2861102,10.2139/ssrn.2861102,Does Reality TV Induce Real Effects? On the Questionable Association between 16 and Pregnant and Teenage Childbearing,2016,social sciences,economics,F_gate_miss_no_abstract,False,True,https://openalex.org/W2545642210,10.2139/ssrn.2861102,2016.0,preprint,False,0.0,False,False,False,False,False,False,False,
10.2139/ssrn.3063465,10.2139/ssrn.3063465,10.2139/ssrn.3063465,Common Ownership Does Not Have Anti-Competitive Effects in the Airline Industry,2017,social sciences,economics,F_gate_miss_no_abstract,False,True,https://openalex.org/W2771034972,10.2139/ssrn.3063465,2017.0,preprint,False,0.0,False,False,False,False,False,False,False,
10.2307/328940,10.2307/328940,10.2307/328940,A second look at grading and classroom performance: Report of a research study,1993,social sciences,education,F_gate_miss_no_abstract,False,True,https://openalex.org/W4249388177,10.2307/328940,1993.0,article,False,0.0,False,False,False,False,False,False,False,
10.2307/3587790,10.2307/3587790,10.2307/3587790,Listening strategies in ESL: Do age and L1 make a difference?,2000,social sciences,linguistics,G_gate_miss_with_abstract,False,True,https://openalex.org/W2030017928,10.2307/3587790,2000.0,article,True,1431.0,False,False,False,False,False,False,False,
10.2307/jj.14491559.18,10.2307/jj.14491559.18,10.2307/jj.14491559.18,Conclusion:,2016,social sciences,psychology,F_gate_miss_no_abstract,False,True,https://openalex.org/W4396635462,10.2307/jj.14491559.18,2016.0,book-chapter,False,0.0,False,False,False,False,False,False,False,
10.23846/rps0002,10.23846/rps0002,10.23846/rps0002,"TV, female empowerment and demographic change in rural India",2014,social sciences,economics,F_gate_miss_no_abstract,False,True,https://openalex.org/W204204902,10.23846/rps0002,2014.0,report,False,0.0,False,False,False,False,False,False,False,
10.2466/pr0.1974.34.1.326,10.2466/pr0.1974.34.1.326,10.2466/pr0.1974.34.1.326,Feeling Good and Helping: Further Phonebooth Findings,1974,social sciences,psychology,F_gate_miss_no_abstract,False,True,https://openalex.org/W2315667587,10.2466/pr0.1974.34.1.326,1974.0,article,False,0.0,False,False,False,False,False,False,False,
10.26481/umagsb.2025006,10.26481/umagsb.2025006,10.26481/umagsb.2025006,Ingroup favoritism is not time-stable,2025,social sciences,psychology,G_gate_miss_with_abstract,False,True,https://openalex.org/W7079989142,10.26481/umagsb.2025006,2025.0,report,True,1307.0,False,False,False,False,False,False,False,
10.29338/wp2019-15,10.29338/wp2019-15,10.29338/wp2019-15,Common Ownership Does Not Have Anti-Competitive Effects in the Airline Industry,2019,social sciences,economics,G_gate_miss_with_abstract,True,True,https://openalex.org/W3124146383,10.29338/wp2019-15,2019.0,article,True,698.0,False,False,False,False,False,False,False,
10.30466/ijltr.2024.121418,10.30466/ijltr.2024.121418,10.30466/ijltr.2024.121418,EFL Listening Log: A Conceptual Replication of Kemps (2010) Study on Motivating Autonomous Learning,2024,social sciences,linguistics,C_doi_absent_from_openalex,False,False,,,,,,,,,,,False,False,,404
10.3109/10253890.2014.919448,10.3109/10253890.2014.919448,10.3109/10253890.2014.919448,Cardiovascular reactivity to a marital conflict version of the Trier social stress test in intimate partner violence perpetrators,2014,social sciences,psychology,G_gate_miss_with_abstract,False,True,https://openalex.org/W2065644837,10.3109/10253890.2014.919448,2014.0,article,True,1463.0,False,False,False,False,False,False,False,
10.31234/osf.io/4u98x,10.31234/osf.io/4u98x,10.31234/osf.io/4u98x,Inaction Inertia Effect: Foregoing Opportunities as a Consequence of an Initial Failure to Act - a Replication-Extension Study in the Brazilian Population,2023,social sciences,psychology,B_sibling_record_in_pool,False,False,,,,,,,,,,,True,False,,200
10.31234/osf.io/drfht,10.31234/osf.io/drfht,10.31234/osf.io/drfht,Placebo analgesia reduces costly prosocial helping to lower another’s pain,2022,biological sciences,neuroscience,G_gate_miss_with_abstract,False,True,https://openalex.org/W4207035340,10.31234/osf.io/drfht,2022.0,preprint,True,968.0,False,False,False,False,False,False,False,
10.31234/osf.io/hb69x,10.31234/osf.io/hb69x,10.31234/osf.io/hb69x,The Drunk Utilitarian Revisited: Does Alcohol Really Increase Utilitarianism in Moral Judgment?,2021,social sciences,psychology,G_gate_miss_with_abstract,False,True,https://openalex.org/W4251394702,10.31234/osf.io/hb69x,2021.0,preprint,True,977.0,False,False,False,False,False,False,False,
10.31730/osf.io/hxjbu,10.31730/osf.io/hxjbu,10.31730/osf.io/hxjbu,The Evaluation of Harm and Purity Transgressions in Africans: A Paradigmatic Replication of Rottman and Young (2019),2021,social sciences,psychology,B_sibling_record_in_pool,False,False,,,,,,,,,,,True,False,,200
10.3368/jhr.0623-12973r6,10.3368/jhr.0623-12973r6,10.3368/jhr.0623-12973r6,Revisiting the Long-Term Effects of Political Violence on Human Capital Accumulation in Peru,2026,social sciences,economics,G_gate_miss_with_abstract,False,True,https://openalex.org/W7135072645,10.3368/jhr.0623-12973r6,2026.0,article,True,577.0,False,False,False,False,False,False,False,
10.3386/w11591,10.3386/w11591,10.3386/w11591,Evidence that Seat Belts are as Effective as Child Safety Seats in Preventing Death for Children Aged Two and Up,2005,biological sciences,medical fields,G_gate_miss_with_abstract,False,True,https://openalex.org/W2137276692,10.3386/w11591,2005.0,report,True,809.0,False,False,False,False,False,False,False,
10.3386/w19442,10.3386/w19442,10.3386/w19442,The Possible Unemployment Cost of Average Inflation below a Credible Target,2013,social sciences,economics,G_gate_miss_with_abstract,False,True,https://openalex.org/W2763989818,10.3386/w19442,2013.0,report,True,658.0,False,False,False,False,False,False,False,
10.3386/w21588,10.3386/w21588,10.3386/w21588,The Wage Impact of the Marielitos: A Reappraisal,2015,social sciences,economics,G_gate_miss_with_abstract,False,True,https://openalex.org/W2107235578,10.3386/w21588,2015.0,report,True,788.0,False,False,False,False,False,False,False,
10.3386/w21801,10.3386/w21801,10.3386/w21801,The Labor Market Effects of a Refugee Wave: Applying the Synthetic Control Method to the Mariel Boatlift,2015,social sciences,economics,G_gate_miss_with_abstract,False,True,https://openalex.org/W2217615456,10.3386/w21801,2015.0,report,True,696.0,False,False,False,False,False,False,False,
10.3386/w21850,10.3386/w21850,10.3386/w21850,The Wage Impact of the Marielitos: Additional Evidence,2016,social sciences,economics,G_gate_miss_with_abstract,False,True,https://openalex.org/W2233293100,10.3386/w21850,2016.0,report,True,1486.0,False,False,False,False,False,False,False,
10.3386/w25018,10.3386/w25018,10.3386/w25018,Difference-in-Differences with Variation in Treatment Timing,2018,social sciences,economics,G_gate_miss_with_abstract,False,True,https://openalex.org/W3122538646,10.3386/w25018,2018.0,report,True,944.0,False,False,False,False,False,False,False,
10.3389/fgene.2020.456661,10.3389/fgene.2020.456661,10.3389/fgene.2020.456661,Candidate Gene Analysis Reveals Strong Association of CETP Variants With High Density Lipoprotein Cholesterol and PCSK9 Variants With Low Density Lipoprotein Cholesterol in Ghanaian Adults: An AWI-Gen Sub-Study,2020,biological sciences,biology,G_gate_miss_with_abstract,False,True,https://openalex.org/W3094737611,10.3389/fgene.2020.456661,2020.0,article,True,1573.0,False,False,False,False,False,False,False,
10.3389/fimmu.2015.00563,10.3389/fimmu.2015.00563,10.3389/fimmu.2015.00563,The Timing of T Cell Priming and Cycling,2015,social sciences,psychology,G_gate_miss_with_abstract,False,True,https://openalex.org/W2128055407,10.3389/fimmu.2015.00563,2015.0,article,True,911.0,False,False,False,False,False,False,False,
10.3389/fpsyg.2015.00249,10.3389/fpsyg.2015.00249,10.3389/fpsyg.2015.00249,"Stimulus-category competition, inhibition, and affective devaluation: a novel account of the uncanny valley",2015,social sciences,psychology,G_gate_miss_with_abstract,False,True,https://openalex.org/W2109390619,10.3389/fpsyg.2015.00249,2015.0,article,True,2013.0,False,False,False,False,False,False,False,
10.3389/fpsyg.2024.1335892,10.3389/fpsyg.2024.1335892,10.3389/fpsyg.2024.1335892,When failure is not an option: a police firearms training concept for improving decision-making in shoot/don’t shoot scenarios,2024,social sciences,psychology,G_gate_miss_with_abstract,False,True,https://openalex.org/W4395070994,10.3389/fpsyg.2024.1335892,2024.0,article,True,1788.0,False,False,False,False,False,False,False,
10.36131/cnfioritieditore20200404,10.36131/cnfioritieditore20200404,10.36131/cnfioritieditore20200404,The Impact of Anodal tDCS on the Attentional Networks as a Function of Trait Anxiety and Depressive Symptoms: A Preregistered Double-Blind Sham-Controlled Experiment.,2020,biological sciences,neuroscience,G_gate_miss_with_abstract,False,True,https://openalex.org/W4205105101,10.36131/cnfioritieditore20200404,2020.0,article,True,1357.0,False,False,False,False,False,False,False,
10.3758/app.71.5.1138,10.3758/app.71.5.1138,10.3758/app.71.5.1138,Perceptuomotor compatibility effects in speech,2009,social sciences,psychology,F_gate_miss_no_abstract,False,True,https://openalex.org/W2128556417,10.3758/app.71.5.1138,2009.0,article,False,0.0,False,False,False,False,False,False,False,
10.3758/app.72.6.1601,10.3758/app.72.6.1601,10.3758/app.72.6.1601,Language identification from visual-only speech signals,2010,social sciences,psychology,F_gate_miss_no_abstract,False,True,https://openalex.org/W2042025748,10.3758/app.72.6.1601,2010.0,article,False,0.0,False,False,False,False,False,False,False,
10.3758/bf03193216,10.3758/bf03193216,10.3758/bf03193216,Using the past to predict the future,2005,social sciences,psychology,F_gate_miss_no_abstract,False,True,https://openalex.org/W2019407022,10.3758/bf03193216,2005.0,article,False,0.0,False,False,False,False,False,False,False,
10.3758/bf03193943,10.3758/bf03193943,10.3758/bf03193943,Transient covert attention does alter appearance: A reply to Schneider (2006),2007,social sciences,psychology,F_gate_miss_no_abstract,False,True,https://openalex.org/W2075483923,10.3758/bf03193943,2007.0,article,False,0.0,False,False,False,False,False,False,False,
10.3758/bf03196439,10.3758/bf03196439,10.3758/bf03196439,Number-of-features effects and semantic processing,2003,social sciences,psychology,F_gate_miss_no_abstract,False,True,https://openalex.org/W2070309934,10.3758/bf03196439,2003.0,article,False,0.0,False,False,False,False,False,False,False,
10.3758/bf03196595,10.3758/bf03196595,10.3758/bf03196595,Single letter coloring and spatial cuing eliminates a semantic contribution to the Stroop effect,2004,social sciences,psychology,F_gate_miss_no_abstract,False,True,https://openalex.org/W2048606727,10.3758/bf03196595,2004.0,article,False,0.0,False,False,False,False,False,False,False,
10.3758/bf03211320,10.3758/bf03211320,10.3758/bf03211320,Is there implicit memory without attention? A reexamination of task demands in Eich’s (1984) procedure,1997,social sciences,psychology,F_gate_miss_no_abstract,False,True,https://openalex.org/W2109189084,10.3758/bf03211320,1997.0,article,False,0.0,False,False,False,False,False,False,False,
10.3758/bf03211602,10.3758/bf03211602,10.3758/bf03211602,Young infants’ perception of liquid coarticulatory influences on following stop consonants,1990,social sciences,linguistics,F_gate_miss_no_abstract,False,True,https://openalex.org/W2143956681,10.3758/bf03211602,1990.0,article,False,0.0,False,False,False,False,False,False,False,
10.3758/cabn.10.2.159,10.3758/cabn.10.2.159,10.3758/cabn.10.2.159,Resisting emotional interference: Brain regions facilitating working memory performance during negative distraction,2010,biological sciences,neuroscience,F_gate_miss_no_abstract,False,True,https://openalex.org/W2093917329,10.3758/cabn.10.2.159,2010.0,article,False,0.0,False,False,False,False,False,False,False,
10.3758/pbr.16.2.344,10.3758/pbr.16.2.344,10.3758/pbr.16.2.344,What is pressure? Evidence for social pressure as a type of regulatory focus,2009,social sciences,psychology,F_gate_miss_no_abstract,False,True,https://openalex.org/W2092932731,10.3758/pbr.16.2.344,2009.0,article,False,0.0,False,False,False,False,False,False,False,
10.3758/pbr.17.6.827,10.3758/pbr.17.6.827,10.3758/pbr.17.6.827,Single-letter coloring and spatial cuing do not eliminate or reduce a semantic contribution to the Stroop effect,2010,social sciences,psychology,F_gate_miss_no_abstract,False,True,https://openalex.org/W2031944974,10.3758/pbr.17.6.827,2010.0,article,False,0.0,False,False,False,False,False,False,False,
10.3758/s13414-013-0541-y,10.3758/s13414-013-0541-y,10.3758/s13414-013-0541-y,The privileged role of location in visual working memory,2014,social sciences,psychology,G_gate_miss_with_abstract,False,True,https://openalex.org/W2076246649,10.3758/s13414-013-0541-y,2013.0,article,True,1240.0,False,False,False,False,False,False,False,
10.3758/s13414-014-0757-5,10.3758/s13414-014-0757-5,10.3758/s13414-014-0757-5,Visual statistical learning is not reliably modulated by selective attention to isolated events,2015,social sciences,psychology,F_gate_miss_no_abstract,False,True,https://openalex.org/W2126831547,10.3758/s13414-014-0757-5,2014.0,article,False,0.0,False,False,False,False,False,False,False,
10.3758/s13414-015-0849-x,10.3758/s13414-015-0849-x,10.3758/s13414-015-0849-x,Stimulus set size modulates the sex–emotion interaction in face categorization,2015,social sciences,psychology,F_gate_miss_no_abstract,True,True,https://openalex.org/W1986435274,10.3758/s13414-015-0849-x,2015.0,article,False,0.0,False,False,False,False,False,False,False,
10.3758/s13414-016-1155-y,10.3758/s13414-016-1155-y,10.3758/s13414-016-1155-y,The spatiotopic representation of visual objects across time,2016,social sciences,psychology,F_gate_miss_no_abstract,False,True,https://openalex.org/W2461671702,10.3758/s13414-016-1155-y,2016.0,article,False,0.0,False,False,False,False,False,False,False,
10.3758/s13414-018-01656-6,10.3758/s13414-018-01656-6,10.3758/s13414-018-01656-6,Object-based biased competition during covert spatial orienting,2019,social sciences,psychology,F_gate_miss_no_abstract,False,True,https://openalex.org/W2912840799,10.3758/s13414-018-01656-6,2019.0,article,False,0.0,False,False,False,False,False,False,False,
10.3758/s13414-019-01715-6,10.3758/s13414-019-01715-6,10.3758/s13414-019-01715-6,Revisiting intersubjective action-effect binding: No evidence for social moderators,2019,social sciences,psychology,F_gate_miss_no_abstract,False,True,https://openalex.org/W2936571690,10.3758/s13414-019-01715-6,2019.0,article,False,0.0,False,False,False,False,False,False,False,
10.3758/s13414-019-01723-6,10.3758/s13414-019-01723-6,10.3758/s13414-019-01723-6,Standing enhances cognitive control and alters visual search,2019,social sciences,psychology,F_gate_miss_no_abstract,False,True,https://openalex.org/W2943788491,10.3758/s13414-019-01723-6,2019.0,article,False,0.0,False,False,False,False,False,False,False,
10.3758/s13414-021-02423-w,10.3758/s13414-021-02423-w,10.3758/s13414-021-02423-w,Revisiting the relationship between implicit racial bias and audiovisual benefit for nonnative-accented speech,2022,social sciences,psychology,B_sibling_record_in_pool,False,True,https://openalex.org/W4226395544,10.3758/s13414-021-02423-w,2022.0,article,False,0.0,False,False,False,False,True,False,False,
10.3758/s13414-023-02770-w,10.3758/s13414-023-02770-w,10.3758/s13414-023-02770-w,Additivity of grouping by proximity and luminance similarity is dependent on relative grouping strength: An analysis of individual differences in grouping sensitivity,2024,social sciences,psychology,B_sibling_record_in_pool,False,True,https://openalex.org/W4386954455,10.3758/s13414-023-02770-w,2023.0,article,False,0.0,False,False,False,False,True,False,False,
10.3758/s13414-024-02955-x,10.3758/s13414-024-02955-x,10.3758/s13414-024-02955-x,Contextual control demands determine whether stability and flexibility trade off against each other,2024,social sciences,psychology,F_gate_miss_no_abstract,False,True,https://openalex.org/W4402354990,10.3758/s13414-024-02955-x,2024.0,article,False,0.0,False,False,False,False,False,False,False,
10.3758/s13414-025-03036-3,10.3758/s13414-025-03036-3,10.3758/s13414-025-03036-3,Similar working memory outcomes with successive versus concurrent presentation of tones and colors,2025,social sciences,psychology,F_gate_miss_no_abstract,False,True,https://openalex.org/W4408560623,10.3758/s13414-025-03036-3,2025.0,article,False,0.0,False,False,False,False,False,False,False,
10.3758/s13415-015-0366-3,10.3758/s13415-015-0366-3,10.3758/s13415-015-0366-3,Anhedonia is associated with reduced incentive cue related activation in the basal ganglia,2015,biological sciences,neuroscience,F_gate_miss_no_abstract,False,True,https://openalex.org/W783736043,10.3758/s13415-015-0366-3,2015.0,article,False,0.0,False,False,False,False,False,False,False,
10.3758/s13421-013-0353-2,10.3758/s13421-013-0353-2,10.3758/s13421-013-0353-2,The effects of healthy aging on the mnemonic benefit of survival processing,2014,social sciences,psychology,F_gate_miss_no_abstract,False,True,https://openalex.org/W1969345826,10.3758/s13421-013-0353-2,2013.0,article,False,0.0,False,False,False,False,False,False,False,
10.3758/s13421-019-00899-4,10.3758/s13421-019-00899-4,10.3758/s13421-019-00899-4,Monitoring the ebb and flow of attention: Does controlling the onset of stimuli during encoding enhance memory?,2019,social sciences,psychology,F_gate_miss_no_abstract,False,True,https://openalex.org/W2914708023,10.3758/s13421-019-00899-4,2019.0,article,False,0.0,False,False,False,False,False,False,False,
10.3758/s13421-019-00958-w,10.3758/s13421-019-00958-w,10.3758/s13421-019-00958-w,Dynamic adjustments in working memory in the face of affective interference,2019,social sciences,psychology,F_gate_miss_no_abstract,False,True,https://openalex.org/W2884266241,10.3758/s13421-019-00958-w,2019.0,article,False,0.0,False,False,False,False,False,False,False,
10.3758/s13421-020-01068-8,10.3758/s13421-020-01068-8,10.3758/s13421-020-01068-8,Blurring past and present: Using false memory to better understand false hearing in young and older adults,2020,social sciences,psychology,F_gate_miss_no_abstract,False,True,https://openalex.org/W3043550399,10.3758/s13421-020-01068-8,2020.0,article,False,0.0,False,False,False,False,False,False,False,
10.3758/s13421-022-01273-7,10.3758/s13421-022-01273-7,10.3758/s13421-022-01273-7,Does testing enhance new learning because it insulates against proactive interference?,2022,social sciences,psychology,F_gate_miss_no_abstract,False,True,https://openalex.org/W4210673562,10.3758/s13421-022-01273-7,2022.0,article,False,0.0,False,False,False,False,False,False,False,
10.3758/s13421-022-01344-9,10.3758/s13421-022-01344-9,10.3758/s13421-022-01344-9,People from the U.S. and China think about their personal and collective future differently,2023,social sciences,psychology,F_gate_miss_no_abstract,False,True,https://openalex.org/W4286008888,10.3758/s13421-022-01344-9,2022.0,article,False,0.0,False,False,False,False,False,False,False,
10.3758/s13421-022-01391-2,10.3758/s13421-022-01391-2,10.3758/s13421-022-01391-2,Surviving with story characters: What do we remember?,2023,social sciences,psychology,F_gate_miss_no_abstract,False,True,https://openalex.org/W4315754202,10.3758/s13421-022-01391-2,2023.0,article,False,0.0,False,False,False,False,False,False,False,
10.3758/s13421-024-01583-y,10.3758/s13421-024-01583-y,10.3758/s13421-024-01583-y,Noisy speech impairs retention of previously heard information only at short time scales,2025,social sciences,psychology,B_sibling_record_in_pool,False,True,https://openalex.org/W4397023153,10.3758/s13421-024-01583-y,2024.0,article,False,0.0,False,False,False,False,True,False,False,
10.3758/s13421-025-01713-0,10.3758/s13421-025-01713-0,10.3758/s13421-025-01713-0,Further unpacking age-related differences in mind wandering: The roles of emotional valence and meta-awareness,2025,social sciences,psychology,F_gate_miss_no_abstract,False,True,https://openalex.org/W4409995196,10.3758/s13421-025-01713-0,2025.0,article,False,0.0,False,False,False,False,False,False,False,
10.3758/s13423-011-0051-7,10.3758/s13423-011-0051-7,10.3758/s13423-011-0051-7,Does temporal integration of face parts reflect holistic processing?,2011,social sciences,psychology,F_gate_miss_no_abstract,False,True,https://openalex.org/W2059710168,10.3758/s13423-011-0051-7,2011.0,article,False,0.0,False,False,False,False,False,False,False,
10.3758/s13423-013-0549-2,10.3758/s13423-013-0549-2,10.3758/s13423-013-0549-2,Big secrets do not necessarily cause hills to appear steeper,2013,social sciences,psychology,F_gate_miss_no_abstract,True,True,https://openalex.org/W2122806865,10.3758/s13423-013-0549-2,2013.0,article,False,0.0,False,False,False,False,False,False,False,
10.3758/s13423-014-0582-9,10.3758/s13423-014-0582-9,10.3758/s13423-014-0582-9,Lack of semantic parafoveal preview benefit in reading revisited,2014,social sciences,psychology,B_sibling_record_in_pool,True,True,https://openalex.org/W2011340914,10.3758/s13423-014-0582-9,2014.0,article,False,0.0,False,False,False,False,True,False,False,
10.3758/s13423-015-0822-7,10.3758/s13423-015-0822-7,10.3758/s13423-015-0822-7,Smiling makes you look older,2015,social sciences,psychology,F_gate_miss_no_abstract,False,True,https://openalex.org/W1986809092,10.3758/s13423-015-0822-7,2015.0,article,False,0.0,False,False,False,False,False,False,False,
10.3758/s13423-015-0866-8,10.3758/s13423-015-0866-8,10.3758/s13423-015-0866-8,Men in red: A reexamination of the red-attractiveness effect,2015,social sciences,psychology,F_gate_miss_no_abstract,False,True,https://openalex.org/W1831057289,10.3758/s13423-015-0866-8,2015.0,article,False,0.0,False,False,False,False,False,False,False,
10.3758/s13423-017-1401-x,10.3758/s13423-017-1401-x,10.3758/s13423-017-1401-x,"Memory for retinotopic locations is more accurate than memory for spatiotopic locations, even for visually guided reaching",2018,social sciences,psychology,F_gate_miss_no_abstract,False,True,https://openalex.org/W2769722542,10.3758/s13423-017-1401-x,2017.0,article,False,0.0,False,False,False,False,False,False,False,
10.3758/s13423-019-01590-0,10.3758/s13423-019-01590-0,10.3758/s13423-019-01590-0,The influence of number of syllables on word skipping during reading revisited,2019,social sciences,psychology,B_sibling_record_in_pool,False,True,https://openalex.org/W2921818605,10.3758/s13423-019-01590-0,2019.0,article,False,0.0,False,False,False,False,True,False,False,
10.3758/s13423-020-01790-z,10.3758/s13423-020-01790-z,10.3758/s13423-020-01790-z,Attention fluctuations impact ongoing maintenance of information in working memory,2020,social sciences,psychology,B_sibling_record_in_pool,False,True,https://openalex.org/W3079328798,10.3758/s13423-020-01790-z,2020.0,article,False,0.0,False,False,False,False,True,False,False,
10.3758/s13423-020-01834-4,10.3758/s13423-020-01834-4,10.3758/s13423-020-01834-4,Default sensitivity in attempts at social influence,2021,social sciences,economics,F_gate_miss_no_abstract,False,True,https://openalex.org/W3097559798,10.3758/s13423-020-01834-4,2020.0,article,False,0.0,False,False,False,False,False,False,False,
10.3758/s13423-023-02259-5,10.3758/s13423-023-02259-5,10.3758/s13423-023-02259-5,Spillover bias in social and nonsocial judgments of diversity and variability,2023,social sciences,psychology,F_gate_miss_no_abstract,True,True,https://openalex.org/W4324128915,10.3758/s13423-023-02259-5,2023.0,article,False,0.0,False,False,False,False,False,False,False,
10.3758/s13428-022-01879-4,10.3758/s13428-022-01879-4,10.3758/s13428-022-01879-4,Effects on the Affect Misattribution Procedure are strongly moderated by influence awareness,2022,social sciences,psychology,F_gate_miss_no_abstract,True,True,https://openalex.org/W4281904384,10.3758/s13428-022-01879-4,2022.0,article,False,0.0,False,False,False,False,False,False,False,
10.3982/ecta7642,10.3982/ecta7642,10.3982/ecta7642,Classification Error in Dynamic Discrete Choice Models: Implications for Female Labor Supply Behavior,2009,social sciences,economics,G_gate_miss_with_abstract,False,True,https://openalex.org/W3122666676,10.3982/ecta7642,2006.0,preprint,True,1040.0,False,False,False,False,False,False,False,
10.4065/79.12.1514,10.4065/79.12.1514,10.4065/79.12.1514,Effect of Long-term Hormone Replacement Therapy on Coronary Endothelial Function in Postmenopausal Women,2004,social sciences,psychology,F_gate_miss_no_abstract,False,True,https://openalex.org/W2002229068,10.4065/79.12.1514,2004.0,article,False,0.0,False,False,False,False,False,False,False,
10.5334/pb-53-2-33,10.5334/pb-53-2-33,10.5334/pb-53-2-33,Is It Possible to Discriminate the Value Patterns of Wulff's Approaches to Religion in a Polish Sample?,2013,social sciences,psychology,G_gate_miss_with_abstract,False,True,https://openalex.org/W2159975600,10.5334/pb-53-2-33,2013.0,article,True,665.0,False,False,False,False,False,False,False,
10.7554/elife.23232,10.7554/elife.23232,10.7554/elife.23232,Dynamic modulation of decision biases by brainstem arousal systems,2017,biological sciences,neuroscience,G_gate_miss_with_abstract,False,True,https://openalex.org/W2604427212,10.7554/elife.23232,2017.0,article,True,1075.0,False,False,False,False,False,False,False,
10.7820/vli.v02.1.ishii,10.7820/vli.v02.1.ishii,10.7820/vli.v02.1.ishii,Reexamining semantic clustering: Insight from memory models,2013,social sciences,linguistics,G_gate_miss_with_abstract,False,True,https://openalex.org/W2187341302,10.7820/vli.v02.1.ishii,2013.0,article,True,1195.0,False,False,False,False,False,False,False,
