retired_at,baseline,release,generation,reason,detail,pair_id,work_id,doi_r,original_rank,doi_o,title_o,link_method,superseded_by,doi_o_now
2026-09-24T15:22:47+00:00,"ad0750a,d7f55d9,HEAD",c048ab6483d37c33a06668963b725800c898a7f749c3a6086dfe4087c73c29af,765e053cd24611e5,set_aside,prospective_registration.csv,003fcae3e25df0e6c8d11934c7ac15ce,6925536285,10.17605/osf.io/thnmu,1,10.1037/0096-1523.31.5.880,"Tool use affects perceived distance, but only when you intend to use it",llm_title_search,,
2026-09-24T15:22:47+00:00,"ad0750a,d7f55d9,HEAD",c048ab6483d37c33a06668963b725800c898a7f749c3a6086dfe4087c73c29af,765e053cd24611e5,set_aside,target_pending.csv,00680589c2df4d065f5d5b76105070e8,2136531212,10.1037/h0023400,2,10.1037/h0047445,Personality differences between students who do and do not use a counseling facility.,llm_references,,
2026-09-24T15:22:47+00:00,"ad0750a,d7f55d9,HEAD",c048ab6483d37c33a06668963b725800c898a7f749c3a6086dfe4087c73c29af,765e053cd24611e5,set_aside,target_pending.csv,00817c05e11da2e5d4db08cb241ad461,7125391338,10.1080/0092623x.2026.2617372,1,10.1080/0092623x.2025.2556454,The Dependency-Resentment Hypothesis: Beyond North America and Europe,llm_references,,
2026-09-24T15:22:47+00:00,"ad0750a,d7f55d9,HEAD",c048ab6483d37c33a06668963b725800c898a7f749c3a6086dfe4087c73c29af,765e053cd24611e5,set_aside,prospective_registration.csv,00b3e56229b037cf924c8089e616220a,2270089731,10.48550/arxiv.1504.07713,1,10.1109/scam.2008.14,Is Cloned Code More Stable than Non-cloned Code?,llm_references,,
2026-09-24T15:22:47+00:00,"ad0750a,d7f55d9,HEAD",c048ab6483d37c33a06668963b725800c898a7f749c3a6086dfe4087c73c29af,765e053cd24611e5,set_aside,target_pending.csv,01910400de63e60a40895356c47994e0,7165188315,10.1111/ajsp.70099,2,10.1111/ajsp.12128,Influence of social context on the relationship between guilt and prosocial behaviour,llm_references,,
2026-09-24T15:22:47+00:00,"ad0750a,d7f55d9,HEAD",c048ab6483d37c33a06668963b725800c898a7f749c3a6086dfe4087c73c29af,765e053cd24611e5,set_aside,prospective_registration.csv,01fdd6d4c845673cdf5661bf11c6779b,6925172264,10.17605/osf.io/fphzm,2,10.1111/j.1467-6494.2005.00317.x,Do People Know How Their Personality Has Changed? Correlates of Perceived and Actual Personality Change in Young Adulthood,llm_author_year_search,,
2026-09-24T15:22:47+00:00,"ad0750a,d7f55d9,HEAD",c048ab6483d37c33a06668963b725800c898a7f749c3a6086dfe4087c73c29af,765e053cd24611e5,superseded,,022b0efd8e0089dc95e08f787fa2c1dc,4416787517,10.1007/s00426-025-02211-3,1,10.3758/s13414-021-02267-4,A visual search advantage for illusory faces in objects,llm_references,9eafd157803b873e9fbe0e0a7f3a7bb8,10.1016/j.cognition.2007.07.012
2026-09-24T15:22:47+00:00,"ad0750a,d7f55d9,HEAD",c048ab6483d37c33a06668963b725800c898a7f749c3a6086dfe4087c73c29af,765e053cd24611e5,set_aside,unidentified_original.csv,024806ff6171a45b1ef88b884bd1ac05,7043021100,,1,10.1596/1813-9450-9982,"Immigration, Labor Markets and Discrimination: Evidence from the Venezuelan Exodus in Perú",llm_title_search,,
2026-09-24T15:22:47+00:00,"ad0750a,d7f55d9,HEAD",c048ab6483d37c33a06668963b725800c898a7f749c3a6086dfe4087c73c29af,765e053cd24611e5,set_aside,prospective_registration.csv,0286bf8e659a59fbca02d3e616fa0645,7024430175,,1,10.1037/e683322011-018,"Money, kisses, and electric shocks: On the affective psychology of risk",llm_title_search,,
2026-09-24T15:22:47+00:00,"ad0750a,d7f55d9,HEAD",c048ab6483d37c33a06668963b725800c898a7f749c3a6086dfe4087c73c29af,765e053cd24611e5,set_aside,prospective_registration.csv,044a7f5380c392b6c228e93f948f5ca5,6962351330,10.17605/osf.io/zx5jf,1,10.1515/zfsoz-2013-0203,"Transnational human capital, education, and social inequality: Analyses of international student exchange",llm_title_search,,
2026-09-24T15:22:47+00:00,"ad0750a,d7f55d9,HEAD",c048ab6483d37c33a06668963b725800c898a7f749c3a6086dfe4087c73c29af,765e053cd24611e5,set_aside,unidentified_original.csv,047c7f90ec4da5fb85a4c590b0ce08b3,2115073834,,1,10.3200/socp.146.6.645-655,"Estimating Self, Parental, and Partner Multiple Intelligences: A Replication in Malaysia",llm_references,,
2026-09-24T15:22:47+00:00,"ad0750a,d7f55d9,HEAD",c048ab6483d37c33a06668963b725800c898a7f749c3a6086dfe4087c73c29af,765e053cd24611e5,set_aside,prospective_registration.csv,04e2af03b3339f3f760c245b9297b996,6924914807,10.17605/osf.io/92b8d,1,10.1111/j.1467-9280.2008.02056.x,Creating Social Connection Through Inferential Reproduction,llm_title_search,,
2026-09-24T15:22:47+00:00,"ad0750a,d7f55d9,HEAD",c048ab6483d37c33a06668963b725800c898a7f749c3a6086dfe4087c73c29af,765e053cd24611e5,set_aside,prospective_registration.csv,0530b868b252643ad0555eb50dbd6a39,6962548902,10.17605/osf.io/jg94e,1,10.1073/pnas.1012046108,People believe they have more free will than others,llm_title_search,,
2026-09-24T15:22:47+00:00,"ad0750a,d7f55d9,HEAD",c048ab6483d37c33a06668963b725800c898a7f749c3a6086dfe4087c73c29af,765e053cd24611e5,set_aside,prospective_registration.csv,05b5b1fc7a0d8927e202a1abe806b92b,6943896053,10.17605/osf.io/qyh9a,1,10.1016/j.jesp.2006.05.011,"Valuing thoughts, ignoring behavior: The introspection illusion as a source of the bias blind spot",llm_title_search,,
2026-09-24T15:22:47+00:00,"ad0750a,d7f55d9,HEAD",c048ab6483d37c33a06668963b725800c898a7f749c3a6086dfe4087c73c29af,765e053cd24611e5,set_aside,no_original_found.csv,06057eec6030f2e615ff88681e554002,1899453141,10.1111/ecc.12170,1,10.1007/s00520-013-1807-6,Psychological resilience contributes to low emotional distress in cancer patients,llm_references,,
2026-09-24T15:22:47+00:00,"ad0750a,d7f55d9,HEAD",c048ab6483d37c33a06668963b725800c898a7f749c3a6086dfe4087c73c29af,765e053cd24611e5,set_aside,prospective_registration.csv,06361dbdb08fc8882a5edd21ace1facb,6944269823,10.17605/osf.io/vn6w9,1,10.1111/mbe.12098,Early Cerebral Constraints on Reading Skills in School‐Age Children: An <scp>MRI</scp> Study,llm_author_year_search,,
2026-09-24T15:22:47+00:00,"ad0750a,d7f55d9,HEAD",c048ab6483d37c33a06668963b725800c898a7f749c3a6086dfe4087c73c29af,765e053cd24611e5,set_aside,search_link_unconfirmed.csv|unidentified_original.csv,06d7b2b57c28f002aaf90b62fef64492,4409361717,10.1609/aaai.v39i25.34818,7,10.1007/978-3-319-10590-1_53,Visualizing and understanding convolutional networks,llm_title_search,,
2026-09-24T15:22:47+00:00,"ad0750a,d7f55d9,HEAD",c048ab6483d37c33a06668963b725800c898a7f749c3a6086dfe4087c73c29af,765e053cd24611e5,set_aside,prospective_registration.csv,070d5e9a16b4298629ae6c19254eba5f,6906338991,10.17605/osf.io/cdqvh,1,10.1002/bdm.2039,Why Improvement Can Trump Consistent Strong Performance: The Role of Effort Perceptions,llm_title_search,,
2026-09-24T15:22:47+00:00,"ad0750a,d7f55d9,HEAD",c048ab6483d37c33a06668963b725800c898a7f749c3a6086dfe4087c73c29af,765e053cd24611e5,set_aside,target_pending.csv,071eecbb478f440a0feecaf5258ebe1a,2136531212,10.1037/h0023400,1,10.1037/h0048287,Effects of counselor-client similarity on the outcome of counseling.,llm_references,,
2026-09-24T15:22:47+00:00,"ad0750a,d7f55d9,HEAD",c048ab6483d37c33a06668963b725800c898a7f749c3a6086dfe4087c73c29af,765e053cd24611e5,set_aside,target_pending.csv,072b9ee15aaca452f6e9a361afed0fb3,2117283725,10.1093/geronb/60.4.p165,1,10.1093/geronb/57.5.p396,Ethnic Variation in the Impact of Negative Affect and Emotion Inhibition on the Health of Older Adults,llm_references,,
2026-09-24T15:22:47+00:00,"ad0750a,d7f55d9,HEAD",c048ab6483d37c33a06668963b725800c898a7f749c3a6086dfe4087c73c29af,765e053cd24611e5,set_aside,prospective_registration.csv,08816123cf9ddea375b9143f9ea41e68,6925202375,10.17605/osf.io/ja4gw,1,10.1177/0956797611398497,A Bad Taste in the Mouth,llm_author_year_search,,
2026-09-24T15:22:47+00:00,"ad0750a,d7f55d9,HEAD",c048ab6483d37c33a06668963b725800c898a7f749c3a6086dfe4087c73c29af,765e053cd24611e5,set_aside,prospective_registration.csv,08f87869d9e8180a830406370a2155e8,6962876103,10.17605/osf.io/u6ghv,1,10.1016/j.jesp.2011.11.012,"Time, money, and happiness: How does putting a price on time affect our ability to smell the roses?",llm_title_search,,
2026-09-24T15:22:47+00:00,"ad0750a,d7f55d9,HEAD",c048ab6483d37c33a06668963b725800c898a7f749c3a6086dfe4087c73c29af,765e053cd24611e5,superseded,,095616d3020bdbd3d5096262c50ee579,3035485501,10.18718/81781.17,1,10.2139/ssrn.2716597,"The Gender Wage Gap: Extent, Trends, and Explanations",llm_title_search,278ba32982839ba5333ecb6a7932b2a2,10.3386/w21913
2026-09-24T15:22:47+00:00,"ad0750a,d7f55d9,HEAD",c048ab6483d37c33a06668963b725800c898a7f749c3a6086dfe4087c73c29af,765e053cd24611e5,set_aside,prospective_registration.csv,098e0b1aef25ce66e9bd4a9050ec4042,6906571738,10.17605/osf.io/6875n,1,10.1177/01461672221117691,“I Think This News Is Accurate”: Endorsing Accuracy Decreases the Sharing of Fake News and Increases the Sharing of Real News,llm_title_search,,
2026-09-24T15:22:47+00:00,"ad0750a,d7f55d9,HEAD",c048ab6483d37c33a06668963b725800c898a7f749c3a6086dfe4087c73c29af,765e053cd24611e5,set_aside,target_pending.csv,09ac53ee28658518576cf1cde5193820,2075456319,10.2466/pms.102.1.73-74,1,10.2466/pr0.2003.92.2.393,Buying Books Online: Follow-up,llm_references,,
2026-09-24T15:22:47+00:00,"ad0750a,d7f55d9,HEAD",c048ab6483d37c33a06668963b725800c898a7f749c3a6086dfe4087c73c29af,765e053cd24611e5,superseded,,09f1b665b8933bc04cc0c1fab1a2c255,4214629321,10.1080/20473869.2022.2044594,1,10.1177/0265407510385494,Contact and knowledge as predictors of attitudes toward individuals with intellectual disabilities,llm_references,d76dc5602e2330fc616c4dce46225442,10.1111/jir.12180
2026-09-24T15:22:47+00:00,"ad0750a,d7f55d9,HEAD",c048ab6483d37c33a06668963b725800c898a7f749c3a6086dfe4087c73c29af,765e053cd24611e5,set_aside,prospective_registration.csv,0a62137ccd39b8eecfab47eef8c28efe,6996394781,,1,10.1037/0022-3514.95.1.18,God and the government: Testing a compensatory control mechanism for the support of external systems.,llm_author_year_search,,
2026-09-24T15:22:47+00:00,"ad0750a,d7f55d9,HEAD",c048ab6483d37c33a06668963b725800c898a7f749c3a6086dfe4087c73c29af,765e053cd24611e5,superseded,,0a80bf1a0f91c90a6e64625917c0dd07,4311349927,10.1098/rstb.2021.0459,1,10.1016/s0960-9822(01)00023-9,The dissociation between perception and action in the Ebbinghaus illusion,llm_references,ea04dd4e94c9a1a5ff5122135e72ce53,10.1016/s0960-9822(95)00133-3
2026-09-24T15:22:47+00:00,"ad0750a,d7f55d9,HEAD",c048ab6483d37c33a06668963b725800c898a7f749c3a6086dfe4087c73c29af,765e053cd24611e5,superseded,,0b03c5ba47102390cf4673996610ca9b,2104755979,10.1093/brain/awh524,6,10.1212/wnl.55.3.435,<i>APOE</i> ε4 genotype is associated with an earlier onset of chronic temporal lobe epilepsy,llm_references,1b93b148465ac330094595783b52b063|b797999727934333da16ad93f87f8cee|b0e02f91a18d75645ad6fcef66f5e386|bf951a9cdcb1c4dccc5c1eb6e5769df1|dea0f4949f4791ac28e524a704490258|a04e17772629bb0cd2d1362af4d746e1|ba753b7c8bbecea00b4cfa76bb2d3718|d8d6336914ea1fbbf367329698345a64|d7723f4010eebb6553bb52f100257855,10.1002/1531-8249(200005)47:5<571::aid-ana3>3.0.co;2-a|10.1016/s0887-8994(01)00380-0|10.1046/j.1528-1157.2003.43302.x|10.1002/ana.1108|10.1002/ana.10108|10.1212/01.wnl.0000046520.79877.d8|10.1212/01.wnl.0000096940.92986.02|10.1046/j.1528-1157.2003.t01-1-44702.x|10.1203/01.pdr.0000069696.96041.34
2026-09-24T15:22:47+00:00,"ad0750a,d7f55d9,HEAD",c048ab6483d37c33a06668963b725800c898a7f749c3a6086dfe4087c73c29af,765e053cd24611e5,set_aside,search_link_unconfirmed.csv,0b9f094d2c97905bb78cf9a82bbd700d,3087902768,,1,10.1038/oby.2005.12,Bottomless bowls: why visual cues of portion size may influence intake,llm_title_search,,
2026-09-24T15:22:47+00:00,"ad0750a,d7f55d9,HEAD",c048ab6483d37c33a06668963b725800c898a7f749c3a6086dfe4087c73c29af,765e053cd24611e5,set_aside,target_pending.csv,0bce5a275b1b566c46b6748c4de108f5,2963798500,10.1080/13504851.2019.1644429,1,10.1016/j.labeco.2004.02.009,Self-employment and risk aversion—evidence from psychological test data,llm_references,,
2026-09-24T15:22:47+00:00,"ad0750a,d7f55d9,HEAD",c048ab6483d37c33a06668963b725800c898a7f749c3a6086dfe4087c73c29af,765e053cd24611e5,set_aside,not_a_replication.csv,0c1de167e79b79c1b103741fb0674b1e,6944074854,10.17605/osf.io/bnjzy,1,10.1037/a0037207,Selfish or selfless? On the signal value of emotion in altruistic behavior.,llm_title_search,,
2026-09-24T15:22:47+00:00,"ad0750a,d7f55d9,HEAD",c048ab6483d37c33a06668963b725800c898a7f749c3a6086dfe4087c73c29af,765e053cd24611e5,set_aside,no_evidence.csv,0c7552d8be308d8f600e001fa7360490,7060790852,,1,10.1038/s41562-017-0243-x,Relating pattern deviancy aversion to stigma and prejudice,llm_author_year_search,,
2026-09-24T15:22:47+00:00,"ad0750a,d7f55d9,HEAD",c048ab6483d37c33a06668963b725800c898a7f749c3a6086dfe4087c73c29af,765e053cd24611e5,set_aside,target_pending.csv,0d3d26665869e37c76ef43aeac9d143a,2034559642,10.1111/head.12240,1,10.1038/ng.652,Genome-wide association study of migraine implicates a common susceptibility variant on 8q22.1,llm_references,,
2026-09-24T15:22:47+00:00,"ad0750a,d7f55d9,HEAD",c048ab6483d37c33a06668963b725800c898a7f749c3a6086dfe4087c73c29af,765e053cd24611e5,set_aside,no_evidence.csv,0db65ffaff54c59deaf65a138b279d40,7062323298,,1,10.1167/14.10.1301,Feature binding reveals the limit of unconscious visual processing,llm_author_year_search,,
2026-09-24T15:22:47+00:00,"ad0750a,d7f55d9,HEAD",c048ab6483d37c33a06668963b725800c898a7f749c3a6086dfe4087c73c29af,765e053cd24611e5,set_aside,prospective_registration.csv,0e8ad4cfc98e57e18dc115b4f4823768,6943728188,10.17605/osf.io/jky24,1,10.1016/0001-6918(81)90005-6,Are we all less risky and more skillful than our fellow drivers?,llm_author_year_search,,
2026-09-24T15:22:47+00:00,"ad0750a,d7f55d9,HEAD",c048ab6483d37c33a06668963b725800c898a7f749c3a6086dfe4087c73c29af,765e053cd24611e5,set_aside,target_pending.csv,0eb02ed4e89b984baffd84b2594e67b6,2509481270,10.1080/10586458.2016.1173413,1,10.1080/10586458.2016.1163755,Reproducibility in Computational Science: A Case Study: Randomness of the Digits of Pi,llm_references,,
2026-09-24T15:22:47+00:00,"ad0750a,d7f55d9,HEAD",c048ab6483d37c33a06668963b725800c898a7f749c3a6086dfe4087c73c29af,765e053cd24611e5,set_aside,target_pending.csv,0f1384dd0306af1512d6248b002a64e9,2085238436,10.1207/s15327906mbr0104_1,1,10.1080/00224545.1960.9922085,Rankings and Self-Assessments: Some Behavioral Characteristics Replication Studies,llm_references,,
2026-09-24T15:22:47+00:00,"ad0750a,d7f55d9,HEAD",c048ab6483d37c33a06668963b725800c898a7f749c3a6086dfe4087c73c29af,765e053cd24611e5,set_aside,target_pending.csv,0f7864d70b6885c115def79675032820,2053632591,10.1177/1091142114537891,1,10.1111/j.1475-679x.2005.00186.x,Dividend Taxes and Implied Cost of Equity Capital,llm_references,,
2026-09-24T15:22:47+00:00,"ad0750a,d7f55d9,HEAD",c048ab6483d37c33a06668963b725800c898a7f749c3a6086dfe4087c73c29af,765e053cd24611e5,set_aside,prospective_registration.csv,0fa2578d7095362839650505d6572676,6925172264,10.17605/osf.io/fphzm,1,10.1177/107319110000700406,Self-Perceptions of Stability and Change in Personality at Midlife: The UNC Alumni Heart Study,llm_author_year_search,,
2026-09-24T15:22:47+00:00,"ad0750a,d7f55d9,HEAD",c048ab6483d37c33a06668963b725800c898a7f749c3a6086dfe4087c73c29af,765e053cd24611e5,set_aside,no_evidence.csv,1087e22f926b8f32ec6b86bded4e586e,7163838398,,1,10.1037/a0027411,Holistic person processing: Faces with bodies tell the whole story.,llm_author_year_search,,
2026-09-24T15:22:47+00:00,"ad0750a,d7f55d9,HEAD",c048ab6483d37c33a06668963b725800c898a7f749c3a6086dfe4087c73c29af,765e053cd24611e5,set_aside,prospective_registration.csv,10d6983120c33f10c8f4c131ecebe659,6943987925,10.17605/osf.io/kbnjw,1,10.1037//0022-3514.68.5.793,Inaction inertia: Foregoing future benefits as a result of an initial failure to act,llm_title_search,,
2026-09-24T15:22:47+00:00,"ad0750a,d7f55d9,HEAD",c048ab6483d37c33a06668963b725800c898a7f749c3a6086dfe4087c73c29af,765e053cd24611e5,set_aside,prospective_registration.csv,10e75b99fdc74d5486b403a5864101c1,6906794932,10.17605/osf.io/yu25a,1,10.1002/bdm.767,The Martyrdom Effect: When Pain and Effort Increase Prosocial Contributions,llm_title_search,,
2026-09-24T15:22:47+00:00,"ad0750a,d7f55d9,HEAD",c048ab6483d37c33a06668963b725800c898a7f749c3a6086dfe4087c73c29af,765e053cd24611e5,set_aside,prospective_registration.csv,1132c4f1ce4cd5517fff21322a7f1d9b,6887791951,10.17605/osf.io/wvyps,1,10.1037/pspi0000092,Racial bias in judgments of physical size and formidability: From size to threat.,llm_author_year_search,,
2026-09-24T15:22:47+00:00,"ad0750a,d7f55d9,HEAD",c048ab6483d37c33a06668963b725800c898a7f749c3a6086dfe4087c73c29af,765e053cd24611e5,set_aside,prospective_registration.csv,113350a5e690c3bbb57c82bb202fa409,6925449025,10.17605/osf.io/vntra,1,10.1017/s0272263117000341,INCIDENTAL VOCABULARY LEARNING IN SLA,llm_title_search,,
2026-09-24T15:22:47+00:00,"ad0750a,d7f55d9,HEAD",c048ab6483d37c33a06668963b725800c898a7f749c3a6086dfe4087c73c29af,765e053cd24611e5,set_aside,prospective_registration.csv,1186d8f18db6a50d93dcfdacfeaabda3,6924979575,10.17605/osf.io/wqjav,1,10.1037/h0055756,Forming impressions of personality,llm_title_search,,
2026-09-24T15:22:47+00:00,"ad0750a,d7f55d9,HEAD",c048ab6483d37c33a06668963b725800c898a7f749c3a6086dfe4087c73c29af,765e053cd24611e5,set_aside,target_pending.csv,1231aa6444d05cc02288bb9a1f430550,2622416943,10.1097/brs.0000000000002280,1,10.1038/ng.974,A genome-wide association study identifies common variants near LBX1 associated with adolescent idiopathic scoliosis,llm_references,,
2026-09-24T15:22:47+00:00,"ad0750a,d7f55d9,HEAD",c048ab6483d37c33a06668963b725800c898a7f749c3a6086dfe4087c73c29af,765e053cd24611e5,set_aside,target_pending.csv,1234fd0cc5b99784c8ce28ab0ff00651,1910971576,10.1002/acp.2974,1,10.1111/j.2044-8333.2012.02069.x,Exploiting liars' verbal strategies by examining the verifiability of details,llm_references,,
2026-09-24T15:22:47+00:00,"ad0750a,d7f55d9,HEAD",c048ab6483d37c33a06668963b725800c898a7f749c3a6086dfe4087c73c29af,765e053cd24611e5,set_aside,prospective_registration.csv,132ec1b94cb449f3136a192ca4630334,6925099750,10.17605/osf.io/jb5hf,1,10.1037/0096-3445.136.2.289,"Looking forward, looking back: Anticipation is more evocative than retrospection.",llm_author_year_search,,
2026-09-24T15:22:47+00:00,"ad0750a,d7f55d9,HEAD",c048ab6483d37c33a06668963b725800c898a7f749c3a6086dfe4087c73c29af,765e053cd24611e5,superseded,,13e5fdf0a97cedea643036161a30703d,2104755979,10.1093/brain/awh524,12,10.1002/1531-8249(200012)48:6<948::aid-ana21>3.0.co;2-g,Interleukin-1? gene polymorphism and susceptibility to temporal lobe epilepsy with hippocampal sclerosis,llm_references,1b93b148465ac330094595783b52b063|b797999727934333da16ad93f87f8cee|b0e02f91a18d75645ad6fcef66f5e386|bf951a9cdcb1c4dccc5c1eb6e5769df1|dea0f4949f4791ac28e524a704490258|a04e17772629bb0cd2d1362af4d746e1|ba753b7c8bbecea00b4cfa76bb2d3718|d8d6336914ea1fbbf367329698345a64|d7723f4010eebb6553bb52f100257855,10.1002/1531-8249(200005)47:5<571::aid-ana3>3.0.co;2-a|10.1016/s0887-8994(01)00380-0|10.1046/j.1528-1157.2003.43302.x|10.1002/ana.1108|10.1002/ana.10108|10.1212/01.wnl.0000046520.79877.d8|10.1212/01.wnl.0000096940.92986.02|10.1046/j.1528-1157.2003.t01-1-44702.x|10.1203/01.pdr.0000069696.96041.34
2026-09-24T15:22:47+00:00,"ad0750a,d7f55d9,HEAD",c048ab6483d37c33a06668963b725800c898a7f749c3a6086dfe4087c73c29af,765e053cd24611e5,set_aside,prospective_registration.csv,142e9686b8c2f36cdb699ea4e2611518,6995841407,,1,10.3758/bf03196941,Reactions to blatantly contradictory information,llm_title_search,,
2026-09-24T15:22:47+00:00,"ad0750a,d7f55d9,HEAD",c048ab6483d37c33a06668963b725800c898a7f749c3a6086dfe4087c73c29af,765e053cd24611e5,set_aside,prospective_registration.csv,14ab5320f39e6cf7053e094966ced739,4220829459,10.31234/osf.io/fnq3s,1,10.1016/j.actpsy.2012.05.002,Cold-blooded loneliness: Social exclusion leads to lower skin temperatures,llm_author_year_search,,
2026-09-24T15:22:47+00:00,"ad0750a,d7f55d9,HEAD",c048ab6483d37c33a06668963b725800c898a7f749c3a6086dfe4087c73c29af,765e053cd24611e5,set_aside,target_pending.csv,153da6c6dc35330d67b0bd4c8ff3eaf4,2045167314,10.1002/ajmg.b.30056,2,10.1038/sj.mp.4001058,Family-based association study of 76 candidate genes in bipolar disorder: BDNF is a potential risk locus,llm_references,,
2026-09-24T15:22:47+00:00,"ad0750a,d7f55d9,HEAD",c048ab6483d37c33a06668963b725800c898a7f749c3a6086dfe4087c73c29af,765e053cd24611e5,set_aside,target_pending.csv,154f37f41da41f56ff6420bf5d298462,2569068099,,1,10.2308/bria.2001.13.1.111,A Research Note on the Effects of Gender and Task Complexity on an Audit Judgment,llm_references,,
2026-09-24T15:22:47+00:00,"ad0750a,d7f55d9,HEAD",c048ab6483d37c33a06668963b725800c898a7f749c3a6086dfe4087c73c29af,765e053cd24611e5,set_aside,prospective_registration.csv,1555f9fec5650f219be2ae5b58d7b375,6962720998,10.17605/osf.io/726jc,2,10.1017/s0140525x00067595,Age preferences in mates reflect sex differences in human reproductive strategies,llm_author_year_search,,
2026-09-24T15:22:47+00:00,"ad0750a,d7f55d9,HEAD",c048ab6483d37c33a06668963b725800c898a7f749c3a6086dfe4087c73c29af,765e053cd24611e5,set_aside,prospective_registration.csv,1671d09718a8a0cf9e82caa7c0df4d71,6963008242,10.17605/osf.io/96aw7,2,10.1086/670020,"Selling the Forest, Buying the Trees: The Effect of Construal Level on Seller-Buyer Price Discrepancy",llm_title_search,,
2026-09-24T15:22:47+00:00,"ad0750a,d7f55d9,HEAD",c048ab6483d37c33a06668963b725800c898a7f749c3a6086dfe4087c73c29af,765e053cd24611e5,set_aside,target_pending.csv,167fee0eaae1f355a21a40ae5c88a67d,4233816566,10.1371/journal.pone.0093166,1,10.1371/journal.pone.0041268,Acyl Coenzyme A Synthetase Long-Chain 1 (ACSL1) Gene Polymorphism (rs6552828) and Elite Endurance Athletic Status: A Replication Study,llm_references,,
2026-09-24T15:22:47+00:00,"ad0750a,d7f55d9,HEAD",c048ab6483d37c33a06668963b725800c898a7f749c3a6086dfe4087c73c29af,765e053cd24611e5,set_aside,target_pending.csv,16add7e52416cbc7489f176ef1a52a1a,1990796684,10.2466/pms.1971.33.3.783,1,10.2466/pms.1969.29.3.915,Telepathic Perception in the Dream State: Confirmatory Study Using EEG-EOG Monitoring Techniques,llm_references,,
2026-09-24T15:22:47+00:00,"ad0750a,d7f55d9,HEAD",c048ab6483d37c33a06668963b725800c898a7f749c3a6086dfe4087c73c29af,765e053cd24611e5,set_aside,no_evidence.csv,16cd6bf266a5406ec5fdd8d2c0f0cd13,6962532923,10.17605/osf.io/3k6rv,1,10.1167/11.11.1238,An inhibition of return (IOR) effect resulting from directing attention within working memory,llm_title_search,,
2026-09-24T15:22:47+00:00,"ad0750a,d7f55d9,HEAD",c048ab6483d37c33a06668963b725800c898a7f749c3a6086dfe4087c73c29af,765e053cd24611e5,set_aside,prospective_registration.csv,16e20954406b88920f8ab9a3182243e3,6962827747,10.17605/osf.io/5azdg,1,10.1111/j.1467-9280.1997.tb00685.x,Moralization and Becoming a Vegetarian: The Transformation of Preferences Into Values and the Recruitment of Disgust,llm_title_search,,
2026-09-24T15:22:47+00:00,"ad0750a,d7f55d9,HEAD",c048ab6483d37c33a06668963b725800c898a7f749c3a6086dfe4087c73c29af,765e053cd24611e5,superseded,,16e854a00e5de97a124ee21c19e1d0d2,4224294983,10.3390/ijerph19084912,1,10.1080/15374410903401179,The Cost of Materialism in a Collectivistic Culture: Predicting Risky Behavior Engagement in Chinese Adolescents,llm_references,cc04d432a26bb1bd04ff0f056895de31,10.3390/ijerph17207662
2026-09-24T15:22:47+00:00,"ad0750a,d7f55d9,HEAD",c048ab6483d37c33a06668963b725800c898a7f749c3a6086dfe4087c73c29af,765e053cd24611e5,set_aside,prospective_registration.csv,1703ae76f9cb07535d8b883f89942775,6925102671,10.17605/osf.io/6z32c,1,10.1002/(sici)1099-0771(199806)11:2<107::aid-bdm292>3.3.co;2-p,Less is better: when low‐value options are valued more highly than high‐value options,llm_author_year_search,,
2026-09-24T15:22:47+00:00,"ad0750a,d7f55d9,HEAD",c048ab6483d37c33a06668963b725800c898a7f749c3a6086dfe4087c73c29af,765e053cd24611e5,set_aside,prospective_registration.csv,17b5e5aea34cff5c77ad621da0716a23,6986864607,,1,10.1177/0146167204264004,The Name of the Game: Predictive Power of Reputations versus Situational Labels in Determining Prisoner’s Dilemma Game Moves,llm_title_search,,
2026-09-24T15:22:47+00:00,"ad0750a,d7f55d9,HEAD",c048ab6483d37c33a06668963b725800c898a7f749c3a6086dfe4087c73c29af,765e053cd24611e5,set_aside,prospective_registration.csv,17d514ee2e30bdcede660df1a328b225,3160721925,10.17605/osf.io/26fbh,1,10.1016/j.cortex.2011.10.005,Moving the hands and feet specifically impairs working memory for  arm-  and leg-related  action  words,llm_title_search,,
2026-09-24T15:22:47+00:00,"ad0750a,d7f55d9,HEAD",c048ab6483d37c33a06668963b725800c898a7f749c3a6086dfe4087c73c29af,765e053cd24611e5,superseded,,183a2f66b28cd6d0120379285282c788,3204221043,10.1111/spsr.12479,1,10.1016/j.socscimed.2020.113473,Exponential-growth prediction bias and compliance with safety measures related to COVID-19,llm_references,3e757425888d05b733ee7726440a708a,10.1073/pnas.2006048117
2026-09-24T15:22:47+00:00,"ad0750a,d7f55d9,HEAD",c048ab6483d37c33a06668963b725800c898a7f749c3a6086dfe4087c73c29af,765e053cd24611e5,set_aside,prospective_registration.csv,18ade09796047a7da75e4c5564ea4dbe,6906265969,10.17605/osf.io/e4msd,1,10.1016/j.chb.2014.01.020,Facebook: Social uses and anxiety,llm_title_search,,
2026-09-24T15:22:47+00:00,"ad0750a,d7f55d9,HEAD",c048ab6483d37c33a06668963b725800c898a7f749c3a6086dfe4087c73c29af,765e053cd24611e5,set_aside,target_pending.csv,198772647e8a295c26076eb857930a4e,2528913487,,1,10.1177/0305735696241007,Emotional Expression in Music Performance: Between the Performer's Intention and the Listener's Experience,llm_author_year_search,,
2026-09-24T15:22:47+00:00,"ad0750a,d7f55d9,HEAD",c048ab6483d37c33a06668963b725800c898a7f749c3a6086dfe4087c73c29af,765e053cd24611e5,set_aside,target_pending.csv,19afd3b54358dbfd748645a6cf84199a,2034559642,10.1111/head.12240,2,10.1038/ng.856,Genome-wide association study reveals three susceptibility loci for common migraine in the general population,llm_references,,
2026-09-24T15:22:47+00:00,"ad0750a,d7f55d9,HEAD",c048ab6483d37c33a06668963b725800c898a7f749c3a6086dfe4087c73c29af,765e053cd24611e5,superseded,,19ed5a584ddb45e5d57133429707d179,2323443890,10.1080/17470919.2015.1017114,1,10.1080/09541440802553490,Predictive gaze cues affect face evaluations: The effect of facial emotion,llm_references,4bb4ba2bfec23003dc504f0ce9a0d025,10.1111/j.1467-9280.2006.01737.x
2026-09-24T15:22:47+00:00,"ad0750a,d7f55d9,HEAD",c048ab6483d37c33a06668963b725800c898a7f749c3a6086dfe4087c73c29af,765e053cd24611e5,set_aside,prospective_registration.csv,19ffcc3fa87e665b3e3aa32fb010feaa,6962688917,10.17605/osf.io/9kxye,2,10.1016/s0749-5978(02)00013-4,Beyond mere ownership: transaction demand as a moderator of the endowment effect,llm_title_search,,
2026-09-24T15:22:47+00:00,"ad0750a,d7f55d9,HEAD",c048ab6483d37c33a06668963b725800c898a7f749c3a6086dfe4087c73c29af,765e053cd24611e5,set_aside,prospective_registration.csv,1a16a8fead1ef219dbb22caeda58a09b,6925347425,10.17605/osf.io/vh86a,1,10.1111/jora.12198,Adolescent Personality as Risk and Resiliency in the Testosterone–Externalizing Association,llm_title_search,,
2026-09-24T15:22:47+00:00,"ad0750a,d7f55d9,HEAD",c048ab6483d37c33a06668963b725800c898a7f749c3a6086dfe4087c73c29af,765e053cd24611e5,set_aside,prospective_registration.csv,1a9d320fc7ce9e80f6cc96a28a429cc9,6906545087,10.17605/osf.io/3cmz4,1,10.1111/j.1467-9280.2009.02326.x,Sinning Saints and Saintly Sinners,llm_title_search,,
2026-09-24T15:22:47+00:00,"ad0750a,d7f55d9,HEAD",c048ab6483d37c33a06668963b725800c898a7f749c3a6086dfe4087c73c29af,765e053cd24611e5,set_aside,prospective_registration.csv,1b253f2592f0416775df30440ee17913,2886569570,,1,10.1016/0010-0285(82)90005-6,Surface form and memory in question answering,llm_author_year_search,,
2026-09-24T15:22:47+00:00,"ad0750a,d7f55d9,HEAD",c048ab6483d37c33a06668963b725800c898a7f749c3a6086dfe4087c73c29af,765e053cd24611e5,superseded,,1b736e62fa26acae44eb7d8a278b5726,2033704717,10.1002/mpr.251,1,10.17433/978-3-17-026572-1,Tabakentwöhnung,llm_references,b18cac27327ee517bacae7d5aba4ea82,10.1016/j.jsat.2007.08.006
2026-09-24T15:22:47+00:00,"ad0750a,d7f55d9,HEAD",c048ab6483d37c33a06668963b725800c898a7f749c3a6086dfe4087c73c29af,765e053cd24611e5,set_aside,target_pending.csv,1be6cd62ac50e8c640986f191dcedf41,4210915688,10.1080/13803611.2021.2022316,1,10.1016/j.ecresq.2004.01.002,Enhancing young children’s mathematical knowledge through a pre-kindergarten mathematics intervention,llm_references,,
2026-09-24T15:22:47+00:00,"ad0750a,d7f55d9,HEAD",c048ab6483d37c33a06668963b725800c898a7f749c3a6086dfe4087c73c29af,765e053cd24611e5,superseded,,1ce08ad3eafd333c8fd74fbc4459827e,2162230245,10.1093/hmg/ddu041,9,10.1007/s00439-010-0878-4,A large-scale candidate gene association study of age at menarche and age at natural menopause,llm_title_search,e825309845b700623d7a65fad4121f4d,10.1210/jc.84.9.3146
2026-09-24T15:22:47+00:00,"ad0750a,d7f55d9,HEAD",c048ab6483d37c33a06668963b725800c898a7f749c3a6086dfe4087c73c29af,765e053cd24611e5,set_aside,prospective_registration.csv,1d2ad92f18221409e4eb9e0376b57508,2777798907,10.17605/osf.io/edv2g,1,10.3758/bf03196313,Grounding language in action,llm_author_year_search,,
2026-09-24T15:22:47+00:00,"ad0750a,d7f55d9,HEAD",c048ab6483d37c33a06668963b725800c898a7f749c3a6086dfe4087c73c29af,765e053cd24611e5,set_aside,target_pending.csv,1dfe4a5e2fdc38033794b891cef6f954,7165188315,10.1111/ajsp.70099,1,10.1037/a0021459,What is moral about guilt? Acting “prosocially” at the disadvantage of others.,llm_references,,
2026-09-24T15:22:47+00:00,"ad0750a,d7f55d9,HEAD",c048ab6483d37c33a06668963b725800c898a7f749c3a6086dfe4087c73c29af,765e053cd24611e5,superseded,,1e00fed468ec1b28e913bf9acade560b,2108895486,10.1017/s0272263105050126,2,10.1037/0278-7393.22.1.169,Artificial grammar learning depends on implicit acquisition of both abstract and exemplar-specific information.,llm_references,550f70906d798754104aaf3f1caa1fd3,10.1037/0278-7393.17.5.888
2026-09-24T15:22:47+00:00,"ad0750a,d7f55d9,HEAD",c048ab6483d37c33a06668963b725800c898a7f749c3a6086dfe4087c73c29af,765e053cd24611e5,superseded,,1e13b67f7768fa6764d03a1c47acf30c,2762472211,10.1016/j.tranon.2017.09.008,6,10.1158/0008-5472.can-14-0431,Common Genetic Variants in <i>NEFL</i> Influence Gene Expression and Neuroblastoma Risk,llm_references,57f1e208c76a821aff0d74c54f07e4b7|49266535934127b6fca272c7861f3c7f|30f083042449b683e852c2d033970758|222098d674c391b77cea42039010bc75|a5732a8c5de94ee2f0fabb1c12040660,10.1056/nejmoa0708698|10.1038/ng.374|10.1371/journal.pgen.1002026|10.1038/nature09609|10.1038/ng.2387
2026-09-24T15:22:47+00:00,"ad0750a,d7f55d9,HEAD",c048ab6483d37c33a06668963b725800c898a7f749c3a6086dfe4087c73c29af,765e053cd24611e5,set_aside,target_pending.csv,1eac1f07387021987e9362dcbd6aef10,3201510930,10.1111/ijsa.12344,1,10.1016/0010-0285(81)90010-4,The dilution effect: Nondiagnostic information weakens the implications of diagnostic information,llm_references,,
2026-09-24T15:22:47+00:00,"ad0750a,d7f55d9,HEAD",c048ab6483d37c33a06668963b725800c898a7f749c3a6086dfe4087c73c29af,765e053cd24611e5,set_aside,prospective_registration.csv,1efc2db7e26788c01e4c1213cd657489,6887773554,10.17605/osf.io/nujt8,1,10.1080/17439760.2012.747000,Trying to be happier really can work: Two experimental studies,llm_title_search,,
2026-09-24T15:22:47+00:00,"ad0750a,d7f55d9,HEAD",c048ab6483d37c33a06668963b725800c898a7f749c3a6086dfe4087c73c29af,765e053cd24611e5,set_aside,target_pending.csv,1f968ba287e8b7e0ba55b2d1af0490c9,2126180406,10.1111/j.1530-0277.1988.tb00210.x,1,10.1073/pnas.79.24.7900,Event-related brain potentials are different in individuals at high and low risk for developing alcoholism.,llm_references,,
2026-09-24T15:22:47+00:00,"ad0750a,d7f55d9,HEAD",c048ab6483d37c33a06668963b725800c898a7f749c3a6086dfe4087c73c29af,765e053cd24611e5,set_aside,prospective_registration.csv,1fd38418923e17e56ec512ac1686768a,6906313109,10.17605/osf.io/9mdqc,1,10.1037/h0055756,Forming impressions of personality,llm_title_search,,
2026-09-24T15:22:47+00:00,"ad0750a,d7f55d9,HEAD",c048ab6483d37c33a06668963b725800c898a7f749c3a6086dfe4087c73c29af,765e053cd24611e5,set_aside,prospective_registration.csv,201c014782c0f3a46d898316bb74918c,2158879251,,1,10.1080/07421222.1996.11518099,Beyond Accuracy: What Data Quality Means to Data Consumers,llm_references,,
2026-09-24T15:22:47+00:00,"ad0750a,d7f55d9,HEAD",c048ab6483d37c33a06668963b725800c898a7f749c3a6086dfe4087c73c29af,765e053cd24611e5,set_aside,no_evidence.csv,201fdcc84c3009ad4eab6fff0373a274,7010887316,,1,10.1111/1467-8284.00419,Intentional action and side effects in ordinary language,llm_author_year_search,,
2026-09-24T15:22:47+00:00,"ad0750a,d7f55d9,HEAD",c048ab6483d37c33a06668963b725800c898a7f749c3a6086dfe4087c73c29af,765e053cd24611e5,set_aside,search_link_unconfirmed.csv|unidentified_original.csv,202dd61d73d7c54812cca2c257eb7e68,4409361717,10.1609/aaai.v39i25.34818,5,10.1109/tevc.2011.2112662,Cooperatively Coevolving Particle Swarms for Large Scale Optimization,llm_title_search,,
2026-09-24T15:22:47+00:00,"ad0750a,d7f55d9,HEAD",c048ab6483d37c33a06668963b725800c898a7f749c3a6086dfe4087c73c29af,765e053cd24611e5,set_aside,prospective_registration.csv,2040de15f2a6c8ee9446f0c06fc49868,7130245395,,1,10.1207/s1532785xmep0702_2,Punishing media criminals and moral judgment: The impact on enjoyment,llm_title_search,,
2026-09-24T15:22:47+00:00,"ad0750a,d7f55d9,HEAD",c048ab6483d37c33a06668963b725800c898a7f749c3a6086dfe4087c73c29af,765e053cd24611e5,superseded,,20e06f92e35eea50301bf3479bb3739f,7122698687,10.1186/s41235-025-00703-9,2,10.1177/17470218211013028,Standing out from the crowd: Both cue numerosity and social information affect attention in multi-agent contexts,llm_references,e7862d64d09cf888475fc3d35e8c530a,10.3758/s13423-018-1464-3
2026-09-24T15:22:47+00:00,"ad0750a,d7f55d9,HEAD",c048ab6483d37c33a06668963b725800c898a7f749c3a6086dfe4087c73c29af,765e053cd24611e5,set_aside,search_link_unconfirmed.csv|unidentified_original.csv,215d244b4b1e2d93268df43d78aff391,4409361717,10.1609/aaai.v39i25.34818,21,10.1126/science.1242072,Clustering by fast search and find of density peaks,llm_title_search,,
2026-09-24T15:22:47+00:00,"ad0750a,d7f55d9,HEAD",c048ab6483d37c33a06668963b725800c898a7f749c3a6086dfe4087c73c29af,765e053cd24611e5,set_aside,target_pending.csv,2175e13d556ef6a95ea0de7fc2196e3e,4382312224,10.1177/18344909231170097,1,10.3390/socsci10030108,Conspiracy Beliefs and Acceptance of COVID-Vaccine: An Exploratory Study in Italy,llm_references,,
2026-09-24T15:22:47+00:00,"ad0750a,d7f55d9,HEAD",c048ab6483d37c33a06668963b725800c898a7f749c3a6086dfe4087c73c29af,765e053cd24611e5,set_aside,target_pending.csv,21b62a0a65dff0101e5935fa0fbaa55c,7018249966,,1,10.1016/j.cognition.2021.104682,No convincing evidence outgroups are denied uniquely human characteristics: Distinguishing intergroup preference from trait-based dehumanization,llm_author_year_search,,
2026-09-24T15:22:47+00:00,"ad0750a,d7f55d9,HEAD",c048ab6483d37c33a06668963b725800c898a7f749c3a6086dfe4087c73c29af,765e053cd24611e5,set_aside,prospective_registration.csv,21d1b7852804788d9b00be4eca322a65,6906500609,10.17605/osf.io/z3y7x,1,10.1177/0146167212460282,The Use of Visual and Verbal Means of Communication Across Psychological Distance,llm_title_search,,
2026-09-24T15:22:47+00:00,"ad0750a,d7f55d9,HEAD",c048ab6483d37c33a06668963b725800c898a7f749c3a6086dfe4087c73c29af,765e053cd24611e5,set_aside,prospective_registration.csv,21dfe7883aa53650c846da95360d8ce5,6962806615,10.17605/osf.io/53tem,1,10.1177/0956797611429709,When Social Networking Is Not Working,llm_author_year_search,,
2026-09-24T15:22:47+00:00,"ad0750a,d7f55d9,HEAD",c048ab6483d37c33a06668963b725800c898a7f749c3a6086dfe4087c73c29af,765e053cd24611e5,set_aside,prospective_registration.csv,22a1cd68c8dcbd84aa2248a57535bc19,6925206021,10.17605/osf.io/peuch,1,10.1111/j.1467-9280.2008.02045.x,The Value of Believing in Free Will,llm_author_year_search,,
2026-09-24T15:22:47+00:00,"ad0750a,d7f55d9,HEAD",c048ab6483d37c33a06668963b725800c898a7f749c3a6086dfe4087c73c29af,765e053cd24611e5,set_aside,prospective_registration.csv,2374df01e91e4d4f1079e70db8ba40c3,6906536107,10.17605/osf.io/f3ycb,1,10.1023/a:1007876907268,The Affection Effect in Insurance Decisions,llm_title_search,,
2026-09-24T15:22:47+00:00,"ad0750a,d7f55d9,HEAD",c048ab6483d37c33a06668963b725800c898a7f749c3a6086dfe4087c73c29af,765e053cd24611e5,set_aside,target_pending.csv,25483c71b9118466e0860677ab858d0d,2081780000,10.2307/2392285,1,10.2307/2393885,Organizational Decision Making as a Political Process: The Case of a University Budget,llm_references,,
2026-09-24T15:22:47+00:00,"ad0750a,d7f55d9,HEAD",c048ab6483d37c33a06668963b725800c898a7f749c3a6086dfe4087c73c29af,765e053cd24611e5,set_aside,prospective_registration.csv,2552410710b22837450dccf0f730ef79,7129020701,10.17605/osf.io/sv395,1,10.1016/j.actpsy.2019.02.001,Intuitive physics of gravitational motion as shown by perceptual judgment and prediction-motion tasks,llm_title_search,,
2026-09-24T15:22:47+00:00,"ad0750a,d7f55d9,HEAD",c048ab6483d37c33a06668963b725800c898a7f749c3a6086dfe4087c73c29af,765e053cd24611e5,superseded,,25d3523547b4d71858f01f3c3a446327,2127819969,10.1177/008124630303300307,1,10.4102/sajip.v25i1.679,The comparability of the constructs of the 16PF in the South African context,llm_references,569cb607ed2d3206f8106e76fac74a52,10.1177/008124639902900204
2026-09-24T15:22:47+00:00,"ad0750a,d7f55d9,HEAD",c048ab6483d37c33a06668963b725800c898a7f749c3a6086dfe4087c73c29af,765e053cd24611e5,set_aside,unidentified_original.csv,27280b03abf284c0ffdd8b4d7917b127,1755683523,10.1002/da.21946,1,10.1001/archgenpsychiatry.2011.1574,A Latent Class Analysis of Dissociation and Posttraumatic Stress Disorder,llm_references,,
2026-09-24T15:22:47+00:00,"ad0750a,d7f55d9,HEAD",c048ab6483d37c33a06668963b725800c898a7f749c3a6086dfe4087c73c29af,765e053cd24611e5,superseded,,273cf0684f13514acef2bd4efc035c56,2104755979,10.1093/brain/awh524,9,10.1002/ana.10457,Prodynorphin gene promoter polymorphism and temporal lobe epilepsy,llm_references,1b93b148465ac330094595783b52b063|b797999727934333da16ad93f87f8cee|b0e02f91a18d75645ad6fcef66f5e386|bf951a9cdcb1c4dccc5c1eb6e5769df1|dea0f4949f4791ac28e524a704490258|a04e17772629bb0cd2d1362af4d746e1|ba753b7c8bbecea00b4cfa76bb2d3718|d8d6336914ea1fbbf367329698345a64|d7723f4010eebb6553bb52f100257855,10.1002/1531-8249(200005)47:5<571::aid-ana3>3.0.co;2-a|10.1016/s0887-8994(01)00380-0|10.1046/j.1528-1157.2003.43302.x|10.1002/ana.1108|10.1002/ana.10108|10.1212/01.wnl.0000046520.79877.d8|10.1212/01.wnl.0000096940.92986.02|10.1046/j.1528-1157.2003.t01-1-44702.x|10.1203/01.pdr.0000069696.96041.34
2026-09-24T15:22:47+00:00,"ad0750a,d7f55d9,HEAD",c048ab6483d37c33a06668963b725800c898a7f749c3a6086dfe4087c73c29af,765e053cd24611e5,superseded,,281d6f90bd5d1373290ed063ba26faac,4245917713,10.31234/osf.io/2dr9e,4,10.1016/j.jbtep.2009.10.005,Cognitive control and suppression of memories of an emotional film,llm_title_search,91582c954a017cd7328bac50eb394a76,10.1038/35066572
2026-09-24T15:22:47+00:00,"ad0750a,d7f55d9,HEAD",c048ab6483d37c33a06668963b725800c898a7f749c3a6086dfe4087c73c29af,765e053cd24611e5,set_aside,prospective_registration.csv,2871559a76c5c6343395cedc98f2d3e4,6887700541,10.17605/osf.io/f3qwz,1,10.1177/0956797617719950,"Dynamic Norms Promote Sustainable Behavior, Even if It Is Counternormative",llm_author_year_search,,
2026-09-24T15:22:47+00:00,"ad0750a,d7f55d9,HEAD",c048ab6483d37c33a06668963b725800c898a7f749c3a6086dfe4087c73c29af,765e053cd24611e5,set_aside,target_pending.csv,29196143558506a8544cf68d05cb8e9a,2059929884,10.2466/pr0.67.7.719-722,1,10.1111/j.1745-3984.1975.tb01026.x,SOME CORRELATES OF NET GAIN RESULTANT FROM ANSWER CHANGING ON OBJECTIVE ACHIEVEMENT TEST ITEMS,llm_references,,
2026-09-24T15:22:47+00:00,"ad0750a,d7f55d9,HEAD",c048ab6483d37c33a06668963b725800c898a7f749c3a6086dfe4087c73c29af,765e053cd24611e5,set_aside,prospective_registration.csv,299defb9a8f3448b53e41f3cc8b6a1c5,6907533483,10.23668/psycharchives.2652,1,10.1016/0749-5978(91)90020-t,The theory of planned behavior,llm_author_year_search,,
2026-09-24T15:22:47+00:00,"ad0750a,d7f55d9,HEAD",c048ab6483d37c33a06668963b725800c898a7f749c3a6086dfe4087c73c29af,765e053cd24611e5,set_aside,prospective_registration.csv,29ae009fea7c892ecf33808d1e334aee,6944167849,10.17605/osf.io/sg6yj,1,10.1177/0956797617719950,"Dynamic Norms Promote Sustainable Behavior, Even if It Is Counternormative",llm_author_year_search,,
2026-09-24T15:22:47+00:00,"ad0750a,d7f55d9,HEAD",c048ab6483d37c33a06668963b725800c898a7f749c3a6086dfe4087c73c29af,765e053cd24611e5,set_aside,target_pending.csv,29fc4172e2c864a1a9a7f4a1a84d7e1b,2022757614,10.3109/14992027.2012.705900,3,10.1097/mao.0b013e318168d23b,Sequence Variants in Host Cell Factor C1 Are Associated With Ménière's Disease,llm_references,,
2026-09-24T15:22:47+00:00,"ad0750a,d7f55d9,HEAD",c048ab6483d37c33a06668963b725800c898a7f749c3a6086dfe4087c73c29af,765e053cd24611e5,set_aside,search_link_unconfirmed.csv|unidentified_original.csv,2a05dc4f782e3737438d676c05f15685,2907111774,10.48550/arxiv.1901.01811,4,10.1007/978-3-642-33489-4_19,Comparing Private and Public Sector on Information Systems Development and Maintenance Efficiency,llm_title_search,,
2026-09-24T15:22:47+00:00,"ad0750a,d7f55d9,HEAD",c048ab6483d37c33a06668963b725800c898a7f749c3a6086dfe4087c73c29af,765e053cd24611e5,set_aside,prospective_registration.csv,2a138f500ed9ee2ef8af698f634d0a63,7133584001,,1,10.1037/a0015434,Patterns and sources of adult personality development: Growth curve analyses of the NEO PI- R scales in a longitudinal twin study,llm_title_search,,
2026-09-24T15:22:47+00:00,"ad0750a,d7f55d9,HEAD",c048ab6483d37c33a06668963b725800c898a7f749c3a6086dfe4087c73c29af,765e053cd24611e5,set_aside,target_pending.csv,2a5aa35f425e2c9b0dda0231c4465fcb,2965957920,10.1080/10503307.2019.1645369,1,10.1111/j.1467-6427.2010.00490.x,Individual distress and dyadic adjustment over a three‐year follow‐up period in couple therapy: a bi‐directional relationship?,llm_references,,
2026-09-24T15:22:47+00:00,"ad0750a,d7f55d9,HEAD",c048ab6483d37c33a06668963b725800c898a7f749c3a6086dfe4087c73c29af,765e053cd24611e5,set_aside,prospective_registration.csv,2a93b3585baabc7de099dac6622fbba7,6887758135,10.17605/osf.io/w2d4n,1,10.1037/h0055756,Forming impressions of personality,llm_title_search,,
2026-09-24T15:22:47+00:00,"ad0750a,d7f55d9,HEAD",c048ab6483d37c33a06668963b725800c898a7f749c3a6086dfe4087c73c29af,765e053cd24611e5,set_aside,search_link_unconfirmed.csv,2ab2dbd4fc471f2a9f23181d223da1aa,4413430298,10.1080/1057610x.2025.2545794,1,10.1080/1057610x.2023.2166000,Don’t Kill the Messenger: Perceived Credibility of Far-Right Former Extremists and Police Officers in P/CVE Communication,llm_title_search,,
2026-09-24T15:22:47+00:00,"ad0750a,d7f55d9,HEAD",c048ab6483d37c33a06668963b725800c898a7f749c3a6086dfe4087c73c29af,765e053cd24611e5,superseded,,2ad8fd7f1956823d1fabc6c571721edd,2127987812,10.1017/s1930297500003144,1,10.1126/science.1121629,On Making the Right Choice: The Deliberation-Without-Attention Effect,llm_references,d2081dabbdd7c02a04f8eef4a3255da9,10.1017/s1930297500003338
2026-09-24T15:22:47+00:00,"ad0750a,d7f55d9,HEAD",c048ab6483d37c33a06668963b725800c898a7f749c3a6086dfe4087c73c29af,765e053cd24611e5,set_aside,prospective_registration.csv,2b04d38d10ab95dd62a12baedb6be7a9,6906391815,10.17605/osf.io/fekx5,1,10.1023/a:1007876907268,The Affection Effect in Insurance Decisions,llm_author_year_search,,
2026-09-24T15:22:47+00:00,"ad0750a,d7f55d9,HEAD",c048ab6483d37c33a06668963b725800c898a7f749c3a6086dfe4087c73c29af,765e053cd24611e5,superseded,,2b2f2f128f91aa221bc23d20abe538c5,4210667094,10.1371/journal.pone.0262902,1,10.1371/journal.pone.0006598,Worth the ‘EEfRT’? The Effort Expenditure for Rewards Task as an Objective Measure of Motivation and Anhedonia,llm_references,0eab830056115a820603e4b5d0a1408f,10.1371/journal.pone.0131357
2026-09-24T15:22:47+00:00,"ad0750a,d7f55d9,HEAD",c048ab6483d37c33a06668963b725800c898a7f749c3a6086dfe4087c73c29af,765e053cd24611e5,set_aside,target_pending.csv,2b6c8a553f059507fbb172fc63ca0b65,2002592274,10.1001/archneurol.2010.292,1,10.1038/ng.440,Genome-wide association study identifies variants at CLU and PICALM associated with Alzheimer's disease,llm_references,,
2026-09-24T15:22:47+00:00,"ad0750a,d7f55d9,HEAD",c048ab6483d37c33a06668963b725800c898a7f749c3a6086dfe4087c73c29af,765e053cd24611e5,set_aside,target_pending.csv,2ce6c4e6d59a615aba4ea6f8a1d251b9,2147563934,10.1017/s0003480001008715,1,10.1007/s004390050364,DNA multiallelic systems reveal gene/longevity associations not detected by diallelic systems. The APOB locus,llm_references,,
2026-09-24T15:22:47+00:00,"ad0750a,d7f55d9,HEAD",c048ab6483d37c33a06668963b725800c898a7f749c3a6086dfe4087c73c29af,765e053cd24611e5,superseded,,2e4574dc609ae12a7372390501ec0767,4306367226,10.3390/cells11203242,1,10.3389/fncel.2016.00078,Oligodendrocyte and Interneuron Density in Hippocampal Subfields in Schizophrenia and Association of Oligodendrocyte Number with Cognitive Deficits,llm_references,f7d201c9dc9ad5761d8ee2c3db205548,10.1007/s00401-008-0430-y
2026-09-24T15:22:47+00:00,"ad0750a,d7f55d9,HEAD",c048ab6483d37c33a06668963b725800c898a7f749c3a6086dfe4087c73c29af,765e053cd24611e5,superseded,,2e5096c449df4f7bbf7b1b7b7f4fb7dd,2953383023,10.1534/g3.117.300366,1,10.1038/gim.2014.144,Contribution of copy-number variation to Down syndrome–associated atrioventricular septal defects,llm_references,9ace243e403009f93ac494df9f0da242,10.1101/gr.147991.112
2026-09-24T15:22:47+00:00,"ad0750a,d7f55d9,HEAD",c048ab6483d37c33a06668963b725800c898a7f749c3a6086dfe4087c73c29af,765e053cd24611e5,superseded,,2ecaf05d8859face344652f77f87b11a,2026245214,10.1002/art.22301,4,10.1007/s100380170045,Identification of sequence polymorphisms of the COMP (cartilage oligomeric matrix protein) gene and association study in osteoarthrosis of the knee and hip joints,llm_references,b540b37ec460fbcb92bfd67b0bb6af78,10.1093/hmg/ddi093
2026-09-24T15:22:47+00:00,"ad0750a,d7f55d9,HEAD",c048ab6483d37c33a06668963b725800c898a7f749c3a6086dfe4087c73c29af,765e053cd24611e5,set_aside,target_pending.csv,2f18026759f3bcdcfda5bab8185a2e1a,264491468,10.1080/00222216.1978.11969353,1,10.1080/00222216.1977.11970317,Leisure Activities and Need Satisfaction,llm_references,,
2026-09-24T15:22:47+00:00,"ad0750a,d7f55d9,HEAD",c048ab6483d37c33a06668963b725800c898a7f749c3a6086dfe4087c73c29af,765e053cd24611e5,set_aside,prospective_registration.csv,2f405e0e161f704c4caa39321944e851,6943976975,10.17605/osf.io/bdcrh,1,10.1038/s41467-019-10301-1,Uncovering the structure of self-regulation through data-driven ontology discovery,llm_author_year_search,,
2026-09-24T15:22:47+00:00,"ad0750a,d7f55d9,HEAD",c048ab6483d37c33a06668963b725800c898a7f749c3a6086dfe4087c73c29af,765e053cd24611e5,set_aside,target_pending.csv,2f569ed6b190d36dbcfd1381f0b5307e,4200223611,10.1145/3486011.3486428,1,10.1109/jicv51605.2020.9375768,Gender gap perceptions of computing students: a case study in two Spanish universities,llm_references,,
2026-09-24T15:22:47+00:00,"ad0750a,d7f55d9,HEAD",c048ab6483d37c33a06668963b725800c898a7f749c3a6086dfe4087c73c29af,765e053cd24611e5,superseded,,2fde755d78f540689bbb2a736a0ee7c4,2015112080,10.1191/0265532206lt332oa,1,10.1177/026553229901600205,"The relative importance of persons, items, subtests and languages to TOEFL test variance",llm_references,b444a8fc95f6f5d2e8d1ed304a286ef0,10.1191/026553299674908889
2026-09-24T15:22:47+00:00,"ad0750a,d7f55d9,HEAD",c048ab6483d37c33a06668963b725800c898a7f749c3a6086dfe4087c73c29af,765e053cd24611e5,superseded,,30c2f4f900e3bd8b458ee203183f2f51,2286950196,10.3233/blc-150027,5,10.3892/or.20.1.49,Clinical implications of the MDM2 SNP309 and p53 Arg72Pro polymorphisms in transitional cell carcinoma of the bladder,llm_references,02d3f4bcde87789cd5796f4ecd8d7504|700df9d6a448dd408efa1f700f061f55|a77aa75c83bd86d7e8200b8e71d2dc0b|1a2ff8a918d1181faeb1795c17d7a618|5bb837bf60f165f7397b6751c82335ee,10.1158/1940-6207.capr-10-0035|10.1007/s12032-009-9187-y|10.1002/ijc.28186|10.1093/carcin/bgp077|10.1080/00365590600991946
2026-09-24T15:22:47+00:00,"ad0750a,d7f55d9,HEAD",c048ab6483d37c33a06668963b725800c898a7f749c3a6086dfe4087c73c29af,765e053cd24611e5,set_aside,target_pending.csv,30c7fff987f385e7157bf08ec5188aa6,2030799861,10.2466/pr0.95.3f.1059-1071,1,10.1111/j.1944-9720.1994.tb01201.x,Toward a Social Psychological Model of Strategy Use,llm_references,,
2026-09-24T15:22:47+00:00,"ad0750a,d7f55d9,HEAD",c048ab6483d37c33a06668963b725800c898a7f749c3a6086dfe4087c73c29af,765e053cd24611e5,set_aside,prospective_registration.csv,30fe5ddefef1e33e807dff9ab64a6c60,2906337856,10.17605/osf.io/2u4dn,1,10.1073/pnas.251541498,Can race be erased? coalitional computation and cocial categorization,llm_title_search,,
2026-09-24T15:22:47+00:00,"ad0750a,d7f55d9,HEAD",c048ab6483d37c33a06668963b725800c898a7f749c3a6086dfe4087c73c29af,765e053cd24611e5,set_aside,search_link_unconfirmed.csv,31c3455da3c616b72da83ed950ee3a0e,2104315196,10.1186/s13293-015-0026-x,1,10.1210/en.2011-1982,Sexual dimorphism of growth hormone in the hypothalamus: regulation by estradiol,llm_title_search,,
2026-09-24T15:22:47+00:00,"ad0750a,d7f55d9,HEAD",c048ab6483d37c33a06668963b725800c898a7f749c3a6086dfe4087c73c29af,765e053cd24611e5,set_aside,prospective_registration.csv,3243f290f1df042fc1523cc2cfa41ef1,6906364811,10.17605/osf.io/ctfwq,1,10.1037/0022-3514.81.1.146,"Fear, anger, and risk",llm_title_search,,
2026-09-24T15:22:47+00:00,"ad0750a,d7f55d9,HEAD",c048ab6483d37c33a06668963b725800c898a7f749c3a6086dfe4087c73c29af,765e053cd24611e5,set_aside,target_pending.csv,333d3f3bd53f400f36c6a9474297bdef,2111348445,10.1109/issre.2007.14,1,10.1145/1159733.1159784,Requirement error abstraction and classification,llm_references,,
2026-09-24T15:22:47+00:00,"ad0750a,d7f55d9,HEAD",c048ab6483d37c33a06668963b725800c898a7f749c3a6086dfe4087c73c29af,765e053cd24611e5,set_aside,no_evidence.csv,341a19864168860524cd1fa77cb27527,6988076374,,1,10.1023/a:1007744326393,Insensitivity to the Value of Human Life: A Study of Psychophysical Numbing,llm_title_search,,
2026-09-24T15:22:47+00:00,"ad0750a,d7f55d9,HEAD",c048ab6483d37c33a06668963b725800c898a7f749c3a6086dfe4087c73c29af,765e053cd24611e5,set_aside,prospective_registration.csv,3437147fa391ff47054473b9e24617f5,2784651231,10.17605/osf.io/he5za,1,10.1038/nn1066,Perceiving numbers causes spatial shifts of attention,llm_title_search,,
2026-09-24T15:22:47+00:00,"ad0750a,d7f55d9,HEAD",c048ab6483d37c33a06668963b725800c898a7f749c3a6086dfe4087c73c29af,765e053cd24611e5,set_aside,search_link_unconfirmed.csv|unidentified_original.csv,347206e395c5a9b7bbf8f71bbcf0066f,4409361717,10.1609/aaai.v39i25.34818,9,10.1016/j.ins.2010.07.015,A modified artificial bee colony algorithm for real-parameter optimization,llm_title_search,,
2026-09-24T15:22:47+00:00,"ad0750a,d7f55d9,HEAD",c048ab6483d37c33a06668963b725800c898a7f749c3a6086dfe4087c73c29af,765e053cd24611e5,set_aside,api_error.csv,34c5b6b3ba75d09e4bbbfdc9604ebaad,2306850843,10.37464/2020.301.467,1,10.37464/2010.272.1722,Rethinking student night duty placements,single_candidate_after_requery,,
2026-09-24T15:22:47+00:00,"ad0750a,d7f55d9,HEAD",c048ab6483d37c33a06668963b725800c898a7f749c3a6086dfe4087c73c29af,765e053cd24611e5,set_aside,target_pending.csv,3536f26dae0d4d2ddf2e8ea6e2480f7e,2122176967,10.1080/014904099273066,1,10.1080/01490409109513147,A hierarchical model of leisure constraints,llm_references,,
2026-09-24T15:22:47+00:00,"ad0750a,d7f55d9,HEAD",c048ab6483d37c33a06668963b725800c898a7f749c3a6086dfe4087c73c29af,765e053cd24611e5,superseded,,358b00ad34152a3b25c47e144bcf2349,2286950196,10.3233/blc-150027,7,10.1093/carcin/bgt006,Genetic variations in micro-RNA biogenesis genes and clinical outcomes in non-muscle-invasive bladder cancer,llm_references,02d3f4bcde87789cd5796f4ecd8d7504|700df9d6a448dd408efa1f700f061f55|a77aa75c83bd86d7e8200b8e71d2dc0b|1a2ff8a918d1181faeb1795c17d7a618|5bb837bf60f165f7397b6751c82335ee,10.1158/1940-6207.capr-10-0035|10.1007/s12032-009-9187-y|10.1002/ijc.28186|10.1093/carcin/bgp077|10.1080/00365590600991946
2026-09-24T15:22:47+00:00,"ad0750a,d7f55d9,HEAD",c048ab6483d37c33a06668963b725800c898a7f749c3a6086dfe4087c73c29af,765e053cd24611e5,superseded,,35b669a5c34199f9558ed58e4d540dfc,7158197767,10.1017/s1478951526102119,1,10.1016/s0897-1897(99)80156-6,Predictors of oncology and hospice nurses' spiritual care perspectives and practices,llm_references,bde30929fb4134dd2c0e73bc519dfdea,10.1017/s1478951524000750
2026-09-24T15:22:47+00:00,"ad0750a,d7f55d9,HEAD",c048ab6483d37c33a06668963b725800c898a7f749c3a6086dfe4087c73c29af,765e053cd24611e5,superseded,,35f13e04babaffbc0bc0052928e3f8e2,4310030267,10.1017/s1366728922000748,1,10.1038/s41598-021-99565-6,The contribution of semantics to the sentence superiority effect,llm_references,1f9e52b0ad4f5f2a6f8ba2df71e846ba,10.3758/s13423-019-01666-x
2026-09-24T15:22:47+00:00,"ad0750a,d7f55d9,HEAD",c048ab6483d37c33a06668963b725800c898a7f749c3a6086dfe4087c73c29af,765e053cd24611e5,set_aside,prospective_registration.csv,376425ef66c6ab560ef8551d5cdc2c47,6963008242,10.17605/osf.io/96aw7,3,10.1016/s0749-5978(02)00013-4,Beyond mere ownership: transaction demand as a moderator of the endowment effect,llm_title_search,,
2026-09-24T15:22:47+00:00,"ad0750a,d7f55d9,HEAD",c048ab6483d37c33a06668963b725800c898a7f749c3a6086dfe4087c73c29af,765e053cd24611e5,set_aside,prospective_registration.csv,3781a3888b6077795dc2d056e8f4f5ea,6924995457,10.17605/osf.io/6zvht,1,10.1037/0022-3514.39.4.578,Insensitivity to sample bias: Generalizing from atypical cases.,llm_title_search,,
2026-09-24T15:22:47+00:00,"ad0750a,d7f55d9,HEAD",c048ab6483d37c33a06668963b725800c898a7f749c3a6086dfe4087c73c29af,765e053cd24611e5,superseded,,379eace440702c0c8c5be4a0d7d0e500,2313065911,10.1111/head.12807,2,10.1097/ajp.0000000000000075,Molecular Analysis of Cluster Headache,llm_references,55bd78ca4aa0670e6eb61a764f31822a,10.1111/j.1526-4610.2009.01569.x
2026-09-24T15:22:47+00:00,"ad0750a,d7f55d9,HEAD",c048ab6483d37c33a06668963b725800c898a7f749c3a6086dfe4087c73c29af,765e053cd24611e5,set_aside,prospective_registration.csv,37aa099e513cec2cf60146f32c311b6c,7113800531,,1,10.5334/joc.77,Task difficulty modulates the disrupting effects of oral respiration on visual search performance,llm_title_search,,
2026-09-24T15:22:47+00:00,"ad0750a,d7f55d9,HEAD",c048ab6483d37c33a06668963b725800c898a7f749c3a6086dfe4087c73c29af,765e053cd24611e5,set_aside,search_link_unconfirmed.csv,37de4711898e1e725bb81c7fcdfcb847,2016605632,10.1371/journal.pone.0056732,1,10.1038/nature08192,Common variants on chromosome 6p22.1 are associated with schizophrenia,llm_references,,
2026-09-24T15:22:47+00:00,"ad0750a,d7f55d9,HEAD",c048ab6483d37c33a06668963b725800c898a7f749c3a6086dfe4087c73c29af,765e053cd24611e5,superseded,,385c116b8806123c13f73a3dea807b47,4379985209,10.4013/sdrj.2022.152.07,1,10.5040/9781474294126.ch-018,Design Strategic Value Revisited: A Dynamic Theory for Design as Organizational Function,llm_references,9872f438845ddd305426d1e561225fc4,10.1111/j.1948-7169.2006.tb00038.x
2026-09-24T15:22:47+00:00,"ad0750a,d7f55d9,HEAD",c048ab6483d37c33a06668963b725800c898a7f749c3a6086dfe4087c73c29af,765e053cd24611e5,set_aside,target_pending.csv,3862df92397a63278243fdac12ee6475,2063871403,10.1080/13554790490507614,1,10.1080/026432997381619,The Independence of Phonological and Orthographic Lexical Forms: Evidence from Aphasia,llm_references,,
2026-09-24T15:22:47+00:00,"ad0750a,d7f55d9,HEAD",c048ab6483d37c33a06668963b725800c898a7f749c3a6086dfe4087c73c29af,765e053cd24611e5,set_aside,target_pending.csv,389c0cd52d130e3757bc70e3d33fde11,3007345610,10.1177/0748730420901929,1,10.1186/1741-7007-12-38,Reported Drosophila courtship song rhythms are artifacts of data analysis,llm_references,,
2026-09-24T15:22:47+00:00,"ad0750a,d7f55d9,HEAD",c048ab6483d37c33a06668963b725800c898a7f749c3a6086dfe4087c73c29af,765e053cd24611e5,set_aside,search_link_unconfirmed.csv,38db20170ded2c2db4747c0bc1ab0190,2170089538,10.4236/psych.2010.11003,1,10.1016/s0306-9877(02)00398-5,Minor thalassemia may be a risk factor for impulsiveness,llm_references,,
2026-09-24T15:22:47+00:00,"ad0750a,d7f55d9,HEAD",c048ab6483d37c33a06668963b725800c898a7f749c3a6086dfe4087c73c29af,765e053cd24611e5,set_aside,prospective_registration.csv,39084bc01fb33ee3eee7ce6a82731bfe,7086600617,,1,10.1037/xge0001210,Self-related primes reduce congruency effects in the Stroop task.,llm_author_year_search,,
2026-09-24T15:22:47+00:00,"ad0750a,d7f55d9,HEAD",c048ab6483d37c33a06668963b725800c898a7f749c3a6086dfe4087c73c29af,765e053cd24611e5,set_aside,prospective_registration.csv,3988c0c3d55684d01265a682291b3248,7042285844,,1,10.1006/cogp.2002.0779,The Human First Hypothesis: Identification of Conspecifics and Individuation of Objects in the Young Infant,llm_title_search,,
2026-09-24T15:22:47+00:00,"ad0750a,d7f55d9,HEAD",c048ab6483d37c33a06668963b725800c898a7f749c3a6086dfe4087c73c29af,765e053cd24611e5,set_aside,prospective_registration.csv,39df75febcb1879eebd8d156e0d82d50,6980334485,,1,10.1016/j.cub.2011.03.017,Political orientations are correlated with brain structure in young adults,llm_title_search,,
2026-09-24T15:22:47+00:00,"ad0750a,d7f55d9,HEAD",c048ab6483d37c33a06668963b725800c898a7f749c3a6086dfe4087c73c29af,765e053cd24611e5,superseded,,3a722ee497a83e6aa0c7267c2b4d4979,4223897951,10.1177/17470218221097047,3,10.1016/j.addbeh.2016.11.003,The influence of episodic foresight on delay discounting and demand for alcohol,llm_references,e40f92a9481e22ce9e4a1f97f3e18db9|2686797718c8f39f1713e280d531bc30|6e249a8621042ea3eb9d973c5fc0bbcb|09225fb6656194d9c2eb2161d035af53,10.1037/a0022403|10.1371/journal.pone.0144228|10.1177/0956797612451471|10.1177/1747021818819777
2026-09-24T15:22:47+00:00,"ad0750a,d7f55d9,HEAD",c048ab6483d37c33a06668963b725800c898a7f749c3a6086dfe4087c73c29af,765e053cd24611e5,set_aside,prospective_registration.csv,3ae731b6552c4e7d45ede298b5797584,6906508855,10.17605/osf.io/t5kzc,1,10.1037/0022-3514.86.5.680,Distinction Bias: Misprediction and Mischoice Due to Joint Evaluation.,llm_author_year_search,,
2026-09-24T15:22:47+00:00,"ad0750a,d7f55d9,HEAD",c048ab6483d37c33a06668963b725800c898a7f749c3a6086dfe4087c73c29af,765e053cd24611e5,set_aside,target_pending.csv,3b5d328e91c17a00ab476128b71bb9b1,2334032509,10.1108/pijpsm-10-2015-0127,1,10.4135/9781452229690.n1,The Contours of Police Integrity,llm_references,,
2026-09-24T15:22:47+00:00,"ad0750a,d7f55d9,HEAD",c048ab6483d37c33a06668963b725800c898a7f749c3a6086dfe4087c73c29af,765e053cd24611e5,set_aside,no_evidence.csv,3bd9b07d81b4d9b611cd2a2c0c9043c8,6943955026,10.17605/osf.io/ud5g7,1,10.1257/aer.20141409,Conveniently Upset: Avoiding Altruism by Distorting Beliefs about Others' Altruism,llm_author_year_search,,
2026-09-24T15:22:47+00:00,"ad0750a,d7f55d9,HEAD",c048ab6483d37c33a06668963b725800c898a7f749c3a6086dfe4087c73c29af,765e053cd24611e5,set_aside,prospective_registration.csv,3c018f0df4caf7f1e7f69a8ab2f8ae17,3159612664,10.17605/osf.io/crba4,1,10.1177/0956797611431465,The Persistence of Thought,llm_author_year_search,,
2026-09-24T15:22:47+00:00,"ad0750a,d7f55d9,HEAD",c048ab6483d37c33a06668963b725800c898a7f749c3a6086dfe4087c73c29af,765e053cd24611e5,set_aside,target_pending.csv,3c4b827439f36efaea9c9f8fcba2f5fc,2320559238,10.2307/2490702,1,10.2307/2490324,Accounting for Research and Development Costs: The Impact on Research and Development Expenditures,llm_references,,
2026-09-24T15:22:47+00:00,"ad0750a,d7f55d9,HEAD",c048ab6483d37c33a06668963b725800c898a7f749c3a6086dfe4087c73c29af,765e053cd24611e5,superseded,,3c5bc1ee0e2435ccaaec426fc218522e,2286950196,10.3233/blc-150027,2,10.1158/1078-0432.ccr-04-1101,Nucleotide Excision Repair Gene Polymorphisms and Recurrence after Treatment for Superficial Bladder Cancer,llm_references,02d3f4bcde87789cd5796f4ecd8d7504|700df9d6a448dd408efa1f700f061f55|a77aa75c83bd86d7e8200b8e71d2dc0b|1a2ff8a918d1181faeb1795c17d7a618|5bb837bf60f165f7397b6751c82335ee,10.1158/1940-6207.capr-10-0035|10.1007/s12032-009-9187-y|10.1002/ijc.28186|10.1093/carcin/bgp077|10.1080/00365590600991946
2026-09-24T15:22:47+00:00,"ad0750a,d7f55d9,HEAD",c048ab6483d37c33a06668963b725800c898a7f749c3a6086dfe4087c73c29af,765e053cd24611e5,superseded,,3c8f8a3c9d1aaecdef3e02533d4d26d2,3132038847,10.3389/fpsyg.2021.604843,1,10.1126/science.aar8644,"Sensitivity to “sunk costs” in mice, rats, and humans",llm_references,9169e5f204b0eb0b19ac28c23a963ac1|27b80c13e17e99d342a5fc0dcaeb76c7,10.3758/s13415-015-0379-y|10.3758/s13415-019-00733-z
2026-09-24T15:22:47+00:00,"ad0750a,d7f55d9,HEAD",c048ab6483d37c33a06668963b725800c898a7f749c3a6086dfe4087c73c29af,765e053cd24611e5,set_aside,target_pending.csv,3cdae01e52d37667b4c686f95c4ac9f7,2158965732,10.1002/elps.201100128,1,10.1038/ng2121,A common variant of HMGA2 is associated with adult and childhood height in the general population,llm_references,,
2026-09-24T15:22:47+00:00,"ad0750a,d7f55d9,HEAD",c048ab6483d37c33a06668963b725800c898a7f749c3a6086dfe4087c73c29af,765e053cd24611e5,set_aside,target_pending.csv,3ce3635fe033e9ebaec3f7183da0c236,2025232829,10.1901/jaba.2000.33-239,1,10.1901/jaba.1996.29-251,FEED THE HUNGRY BEE: USING POSITIVE PEER REPORTS TO IMPROVE THE SOCIAL INTERACTIONS AND ACCEPTANCE OF A SOCIALLY REJECTED GIRL IN RESIDENTIAL CARE,llm_references,,
2026-09-24T15:22:47+00:00,"ad0750a,d7f55d9,HEAD",c048ab6483d37c33a06668963b725800c898a7f749c3a6086dfe4087c73c29af,765e053cd24611e5,set_aside,target_pending.csv,3d1b814ba804effc3cb80848a812036c,1973523138,10.1024/1010-0652/a000047,1,10.1037/0022-0663.90.2.312,A split-attention effect in multimedia learning: Evidence for dual processing systems in working memory.,llm_references,,
2026-09-24T15:22:47+00:00,"ad0750a,d7f55d9,HEAD",c048ab6483d37c33a06668963b725800c898a7f749c3a6086dfe4087c73c29af,765e053cd24611e5,set_aside,prospective_registration.csv,3dadba6d0463d6c4c05855dcaae9b14b,6962531165,10.17605/osf.io/53wrg,1,10.31234/osf.io/djknb,The Incremental Validity of Average State Self-Reports Over Global Self-Reports of Personality,llm_title_search,,
2026-09-24T15:22:47+00:00,"ad0750a,d7f55d9,HEAD",c048ab6483d37c33a06668963b725800c898a7f749c3a6086dfe4087c73c29af,765e053cd24611e5,set_aside,no_evidence.csv,3e098313683a87a61c4387aa9edd2732,7043324461,,1,10.1177/1948550616660159,"When Meat Gets Personal, Animals’ Minds Matter Less",llm_author_year_search,,
2026-09-24T15:22:47+00:00,"ad0750a,d7f55d9,HEAD",c048ab6483d37c33a06668963b725800c898a7f749c3a6086dfe4087c73c29af,765e053cd24611e5,set_aside,no_evidence.csv,3e10292159dd484ff001c4ef7ec06a86,7048336058,,1,10.1037/xge0000437,The language of lies: Behavioral and autonomic costs of lying in a native compared to a foreign language.,llm_author_year_search,,
2026-09-24T15:22:47+00:00,"ad0750a,d7f55d9,HEAD",c048ab6483d37c33a06668963b725800c898a7f749c3a6086dfe4087c73c29af,765e053cd24611e5,superseded,,3e1cd69f2cb6e5f2be15d07119b8f319,2115814929,10.2466/pr0.94.2.733-735,1,10.2466/pr0.1993.73.3f.1232,Attachment Histories for People with Characteristics of Self-Defeating Personality,llm_references,feac0ec7ba18a95fa66110f9e17ad262,10.2466/pr0.2002.91.2.436
2026-09-24T15:22:47+00:00,"ad0750a,d7f55d9,HEAD",c048ab6483d37c33a06668963b725800c898a7f749c3a6086dfe4087c73c29af,765e053cd24611e5,superseded,,3e5ba677612d80a432c95598bb57044d,1977711188,10.1007/s12253-014-9822-6,3,10.1038/ng.666,Common variants at 19p13 are associated with susceptibility to ovarian cancer,llm_references,d067be2ffc76792ea6dc20e8f4b03630|646480126ec7846fcd5ee69b38ce3411,10.1038/ng.424|10.1038/ng.668
2026-09-24T15:22:47+00:00,"ad0750a,d7f55d9,HEAD",c048ab6483d37c33a06668963b725800c898a7f749c3a6086dfe4087c73c29af,765e053cd24611e5,superseded,,3ea1a3a344ff72cafe5bd4708d82179d,2165627224,10.1177/1352458511432741,3,10.1016/j.humimm.2007.09.005,The autoimmune disease–associated IL12B and IL23R polymorphisms in multiple sclerosis,llm_references,0fe20e4848554b3d0398aa1a59ff198a|193ed125200ded9a55e9c1afc061f8bb|ceea460236c59a02f674aca0c0a35398,10.1093/hmg/ddp542|10.1038/ng.584|10.1177/1352458509355071
2026-09-24T15:22:47+00:00,"ad0750a,d7f55d9,HEAD",c048ab6483d37c33a06668963b725800c898a7f749c3a6086dfe4087c73c29af,765e053cd24611e5,set_aside,prospective_registration.csv,3ee3c969884231b6e90f14ce8a3999b4,7044079428,,1,10.1606/1044-3894.1212,"Using Response Time Measures to Assess “Guilty Knowledge”. Journal of Applied Psychology, 85, 30-37. https://doi.org/10.1037/0021-9010.85.1.30",llm_fulltext,,
2026-09-24T15:22:47+00:00,"ad0750a,d7f55d9,HEAD",c048ab6483d37c33a06668963b725800c898a7f749c3a6086dfe4087c73c29af,765e053cd24611e5,set_aside,prospective_registration.csv,3f38d3cddb4d12a9096aa85be7d68b61,6962720998,10.17605/osf.io/726jc,1,10.1017/s0140525x00023992,Sex differences in human mate preferences: Evolutionary hypotheses tested in 37 cultures,llm_author_year_search,,
2026-09-24T15:22:47+00:00,"ad0750a,d7f55d9,HEAD",c048ab6483d37c33a06668963b725800c898a7f749c3a6086dfe4087c73c29af,765e053cd24611e5,set_aside,prospective_registration.csv,3faf9e33d012761837a5cdedec2f93a9,7005765176,,1,10.1007/s11121-018-0936-z,Scaling-Up Evidence-Based Programs Using a Public Funding Stream: a Randomized Trial of Functional Family Therapy for Court-Involved Youth,llm_author_year_search,,
2026-09-24T15:22:47+00:00,"ad0750a,d7f55d9,HEAD",c048ab6483d37c33a06668963b725800c898a7f749c3a6086dfe4087c73c29af,765e053cd24611e5,set_aside,search_link_unconfirmed.csv|unidentified_original.csv,401176bad77ca5913b595a52380055aa,4409361717,10.1609/aaai.v39i25.34818,22,10.48550/arxiv.1310.1531,Decaf: A deep convolutional activation feature for generic visual recognition,llm_title_search,,
2026-09-24T15:22:47+00:00,"ad0750a,d7f55d9,HEAD",c048ab6483d37c33a06668963b725800c898a7f749c3a6086dfe4087c73c29af,765e053cd24611e5,set_aside,prospective_registration.csv,403029e975637dd8d1dc0a89ada7ac9a,6906316629,10.17605/osf.io/ad6xj,1,10.1023/a:1007876907268,The Affection Effect in Insurance Decisions.,llm_title_search,,
2026-09-24T15:22:47+00:00,"ad0750a,d7f55d9,HEAD",c048ab6483d37c33a06668963b725800c898a7f749c3a6086dfe4087c73c29af,765e053cd24611e5,set_aside,target_pending.csv,4039064fae8c8bb22df4827265ff3d04,2572237296,10.1108/s0193-230620150000018001,1,10.2307/1882648,Group Size Effects in Public Goods Provision: The Voluntary Contributions Mechanism,llm_references,,
2026-09-24T15:22:47+00:00,"ad0750a,d7f55d9,HEAD",c048ab6483d37c33a06668963b725800c898a7f749c3a6086dfe4087c73c29af,765e053cd24611e5,superseded,,407251f2b5f2491cc6e7a44b5a514c30,2948883361,10.3389/fpsyg.2019.01381,1,10.1080/17439760.2012.754926,"A moral act, elevation, and prosocial behavior: Moderators of morality",llm_references,7c071d6115e6f229c8c3266d6156e703|fb20d3917557ab2d119aeb65d7f66798,10.1080/03057240.2013.785941|10.1016/j.paid.2012.11.008
2026-09-24T15:22:47+00:00,"ad0750a,d7f55d9,HEAD",c048ab6483d37c33a06668963b725800c898a7f749c3a6086dfe4087c73c29af,765e053cd24611e5,superseded,,40a15eb2999b7e8569a0bc86e79392aa,2758879064,10.1111/bjdp.12216,1,10.1016/j.jecp.2015.03.012,Laughing matters: Infant humor in the context of parental affect,llm_references,7fc0e59a0a14d8a44c047c91c2d8c1f9,10.1016/j.infbeh.2014.06.004
2026-09-24T15:22:47+00:00,"ad0750a,d7f55d9,HEAD",c048ab6483d37c33a06668963b725800c898a7f749c3a6086dfe4087c73c29af,765e053cd24611e5,set_aside,target_pending.csv,40ce77662773b493d9f267aead097cbd,2938063707,10.1145/3319008.3319033,1,10.1109/icsme.2017.52,Learning to Predict Severity of Software Vulnerability Using Only Vulnerability Description,llm_references,,
2026-09-24T15:22:47+00:00,"ad0750a,d7f55d9,HEAD",c048ab6483d37c33a06668963b725800c898a7f749c3a6086dfe4087c73c29af,765e053cd24611e5,set_aside,search_link_unconfirmed.csv,410d61ffea8fe8a80f470878fddb3dbb,1965721865,10.1046/j.1365-2648.1995.21050820.x,1,10.1097/00006247-199003000-00016,Do Head Nurses Include Staff Nurses in Problem-solving?,llm_references,,
2026-09-24T15:22:47+00:00,"ad0750a,d7f55d9,HEAD",c048ab6483d37c33a06668963b725800c898a7f749c3a6086dfe4087c73c29af,765e053cd24611e5,set_aside,prospective_registration.csv,416f9d32eb6b3fe39599bc9698e7e129,7154697664,10.17605/osf.io/t8nej,1,10.1037/xge0000714,The automaticity of semantic processing revisited: Auditory distraction by a categorical deviation.,llm_author_year_search,,
2026-09-24T15:22:47+00:00,"ad0750a,d7f55d9,HEAD",c048ab6483d37c33a06668963b725800c898a7f749c3a6086dfe4087c73c29af,765e053cd24611e5,set_aside,no_evidence.csv,41e19763a094b3d660ba2c0418a59b99,7018062869,,1,10.1002/per.2147,Successful Explanations Start with Accurate Descriptions: Questionnaire Items as Personality Markers for More Accurate Predictions,llm_title_search,,
2026-09-24T15:22:47+00:00,"ad0750a,d7f55d9,HEAD",c048ab6483d37c33a06668963b725800c898a7f749c3a6086dfe4087c73c29af,765e053cd24611e5,superseded,,41eaafd5552e9fe1f69ee4c197c95139,7165160874,10.1002/jaba.70072,2,10.1002/jaba.1019,Evaluations of heart rate during functional analyses of destructive behavior,llm_references,54e82c538726120a63a054037c08b9bf,10.1002/jaba.27
2026-09-24T15:22:47+00:00,"ad0750a,d7f55d9,HEAD",c048ab6483d37c33a06668963b725800c898a7f749c3a6086dfe4087c73c29af,765e053cd24611e5,set_aside,target_pending.csv,42117f5d955db68e3076111e782880dc,1975937361,10.2307/585496,1,10.1037//0893-3200.9.3.294,Parent motivation to enroll in parenting skills programs: A model of family context and health belief predictors.,llm_title_search,,
2026-09-24T15:22:47+00:00,"ad0750a,d7f55d9,HEAD",c048ab6483d37c33a06668963b725800c898a7f749c3a6086dfe4087c73c29af,765e053cd24611e5,set_aside,prospective_registration.csv,427483d6a56a1a3323db251af32b3e12,7045661847,,1,10.1037/pspi0000018,"Awe, the small self, and prosocial behavior.",llm_title_search,,
2026-09-24T15:22:47+00:00,"ad0750a,d7f55d9,HEAD",c048ab6483d37c33a06668963b725800c898a7f749c3a6086dfe4087c73c29af,765e053cd24611e5,set_aside,prospective_registration.csv,427b44b7baa6b1e0b8e5350709347e2d,6925394512,10.17605/osf.io/vsmjf,1,10.1037/h0028777,Defensive attribution: Effects of severity and relevance on the responsibility assigned for an accident.,llm_title_search,,
2026-09-24T15:22:47+00:00,"ad0750a,d7f55d9,HEAD",c048ab6483d37c33a06668963b725800c898a7f749c3a6086dfe4087c73c29af,765e053cd24611e5,set_aside,no_evidence.csv,4302db302d01d2abc4ac8e281a994086,6980265029,,1,10.1371/journal.pone.0213944,Visual perception of one’s own body under vestibular stimulation using biometric self-avatars in virtual reality,llm_author_year_search,,
2026-09-24T15:22:47+00:00,"ad0750a,d7f55d9,HEAD",c048ab6483d37c33a06668963b725800c898a7f749c3a6086dfe4087c73c29af,765e053cd24611e5,set_aside,search_link_unconfirmed.csv,43182861d22d17c0df67e542d210509d,7062219041,,1,10.1111/jopy.12176,The World at 7:00: Comparing the experience of situations across 20 countries,llm_title_search,,
2026-09-24T15:22:47+00:00,"ad0750a,d7f55d9,HEAD",c048ab6483d37c33a06668963b725800c898a7f749c3a6086dfe4087c73c29af,765e053cd24611e5,set_aside,prospective_registration.csv,43738e54325a6d1231905551e0900cd1,7130246372,,1,10.1177/0001839215591627,Business as Plan B,llm_author_year_search,,
2026-09-24T15:22:47+00:00,"ad0750a,d7f55d9,HEAD",c048ab6483d37c33a06668963b725800c898a7f749c3a6086dfe4087c73c29af,765e053cd24611e5,set_aside,prospective_registration.csv,437a534cff50cbc50aadafdff786f85d,7110595413,,1,10.1016/j.neuron.2008.07.005,Subliminal Instrumental Conditioning Demonstrated in the Human Brain,llm_title_search,,
2026-09-24T15:22:47+00:00,"ad0750a,d7f55d9,HEAD",c048ab6483d37c33a06668963b725800c898a7f749c3a6086dfe4087c73c29af,765e053cd24611e5,set_aside,prospective_registration.csv,437d4be60370a371a94b5b370a680579,6925369493,10.17605/osf.io/fve58,1,10.1162/003355397555208,Money Illusion,llm_author_year_search,,
2026-09-24T15:22:47+00:00,"ad0750a,d7f55d9,HEAD",c048ab6483d37c33a06668963b725800c898a7f749c3a6086dfe4087c73c29af,765e053cd24611e5,set_aside,prospective_registration.csv,4384fb983dc4e4fcaf2a501dd3b771e3,6962980793,10.17605/osf.io/r4aku,1,10.3758/bf03197186,Choosing versus rejecting: Why some options are both better and worse than others,llm_author_year_search,,
2026-09-24T15:22:47+00:00,"ad0750a,d7f55d9,HEAD",c048ab6483d37c33a06668963b725800c898a7f749c3a6086dfe4087c73c29af,765e053cd24611e5,set_aside,prospective_registration.csv,43a6a6e207b7e55689bdc17b6d7e33d0,6943703490,10.17605/osf.io/62thx,1,10.1080/00223891.2018.1491855,The Development and Validation of the Autotelic Personality Questionnaire,llm_title_search,,
2026-09-24T15:22:47+00:00,"ad0750a,d7f55d9,HEAD",c048ab6483d37c33a06668963b725800c898a7f749c3a6086dfe4087c73c29af,765e053cd24611e5,superseded,,441aed101d4d5c5b71d2bdbb56257368,3014898655,10.1177/1948550619887702,1,10.1177/1745691616652873,A Multilab Preregistered Replication of the Ego-Depletion Effect,llm_references,60b430c707abd162ed7a984150424489,10.1177/0146167218796473
2026-09-24T15:22:47+00:00,"ad0750a,d7f55d9,HEAD",c048ab6483d37c33a06668963b725800c898a7f749c3a6086dfe4087c73c29af,765e053cd24611e5,set_aside,prospective_registration.csv,44314e450c015e058ace5932c72c9071,6962977808,10.17605/osf.io/qtrjs,1,10.1167/17.11.1,Different effects of aging and gender on the temporal resolution in attentional tracking,llm_author_year_search,,
2026-09-24T15:22:47+00:00,"ad0750a,d7f55d9,HEAD",c048ab6483d37c33a06668963b725800c898a7f749c3a6086dfe4087c73c29af,765e053cd24611e5,set_aside,prospective_registration.csv,444720dc3b35bc2e2621bd4d6eb13cbf,7052544449,,1,10.1111/1467-9280.00111,Stereotype susceptibility: Identity salience and shifts in quantitative performance,llm_title_search,,
2026-09-24T15:22:47+00:00,"ad0750a,d7f55d9,HEAD",c048ab6483d37c33a06668963b725800c898a7f749c3a6086dfe4087c73c29af,765e053cd24611e5,set_aside,prospective_registration.csv,4491aef2eb87222b0ac2c62e65d40840,7065077404,,1,10.1080/02699931.2018.1451306,Negative affect varying in motivational intensity influences scope of memory,llm_title_search,,
2026-09-24T15:22:47+00:00,"ad0750a,d7f55d9,HEAD",c048ab6483d37c33a06668963b725800c898a7f749c3a6086dfe4087c73c29af,765e053cd24611e5,set_aside,prospective_registration.csv,4491fd73b9ca424a2abee92a6392f85c,6962562394,10.17605/osf.io/ynr69,1,10.1037/a0026035,Art and authenticity: The importance of originals in judgments of value.,llm_author_year_search,,
2026-09-24T15:22:47+00:00,"ad0750a,d7f55d9,HEAD",c048ab6483d37c33a06668963b725800c898a7f749c3a6086dfe4087c73c29af,765e053cd24611e5,superseded,,4576bc964f4c5bc10665317018cc4238,2762472211,10.1016/j.tranon.2017.09.008,7,10.1371/journal.pgen.1006787,Common variants upstream of MLF1 at 3q25 and within CPZ at 4p16 associated with neuroblastoma,llm_references,57f1e208c76a821aff0d74c54f07e4b7|49266535934127b6fca272c7861f3c7f|30f083042449b683e852c2d033970758|222098d674c391b77cea42039010bc75|a5732a8c5de94ee2f0fabb1c12040660,10.1056/nejmoa0708698|10.1038/ng.374|10.1371/journal.pgen.1002026|10.1038/nature09609|10.1038/ng.2387
2026-09-24T15:22:47+00:00,"ad0750a,d7f55d9,HEAD",c048ab6483d37c33a06668963b725800c898a7f749c3a6086dfe4087c73c29af,765e053cd24611e5,set_aside,prospective_registration.csv,457e00a0eacf903d1fb94ff87d6517b8,6887684039,10.17605/osf.io/8hr4t,1,10.1037/0022-3514.86.5.680,Distinction Bias: Misprediction and Mischoice Due to Joint Evaluation.,llm_author_year_search,,
2026-09-24T15:22:47+00:00,"ad0750a,d7f55d9,HEAD",c048ab6483d37c33a06668963b725800c898a7f749c3a6086dfe4087c73c29af,765e053cd24611e5,set_aside,target_pending.csv,4597c1c1855e5115745a30879e29798a,2092915922,10.2466/pr0.2002.91.2.553,1,10.2466/pr0.2000.86.2.659,Variations in Subject Pool as a Function of Earlier or Later Participation,llm_references,,
2026-09-24T15:22:47+00:00,"ad0750a,d7f55d9,HEAD",c048ab6483d37c33a06668963b725800c898a7f749c3a6086dfe4087c73c29af,765e053cd24611e5,set_aside,prospective_registration.csv,463c6556dc04c42f883f442183010b09,7117781639,10.17605/osf.io/sabxe,1,10.1016/j.cogpsych.2024.101692,Doing things efficiently: Testing an account of why simple explanations are satisfying,llm_title_search,,
2026-09-24T15:22:47+00:00,"ad0750a,d7f55d9,HEAD",c048ab6483d37c33a06668963b725800c898a7f749c3a6086dfe4087c73c29af,765e053cd24611e5,set_aside,prospective_registration.csv,46a8249460dc013d55f674f3789ff9fc,6925317750,10.17605/osf.io/g5uty,1,10.1038/s42256-021-00359-2,Large language models associate Muslims with violence,llm_title_search,,
2026-09-24T15:22:47+00:00,"ad0750a,d7f55d9,HEAD",c048ab6483d37c33a06668963b725800c898a7f749c3a6086dfe4087c73c29af,765e053cd24611e5,set_aside,prospective_registration.csv,472173984801d140e45ade4fc1abb5d7,6887670715,10.17605/osf.io/5bfjg,1,10.1037/0096-1523.1.3.288,Hindsight is not equal to foresight: The effect of outcome knowledge on judgment under uncertainty.,llm_author_year_search,,
2026-09-24T15:22:47+00:00,"ad0750a,d7f55d9,HEAD",c048ab6483d37c33a06668963b725800c898a7f749c3a6086dfe4087c73c29af,765e053cd24611e5,superseded,,475d3ab8172562c074ebdbd3ef6d0e3e,4321367483,10.1080/14794802.2022.2154826,1,10.2307/748969,The Role of Implicit Models in Solving Verbal Problems in Multiplication and Division,llm_references,a9d4d424ff136310756e9597208ca2f0,10.5951/jresematheduc.16.1.0003
2026-09-24T15:22:47+00:00,"ad0750a,d7f55d9,HEAD",c048ab6483d37c33a06668963b725800c898a7f749c3a6086dfe4087c73c29af,765e053cd24611e5,set_aside,prospective_registration.csv,476905cf7050f71554674e84d82bb0b1,4367294711,10.31234/osf.io/8q4ks,1,10.1016/s0301-0511(03)00103-0,Anxiety and error-related brain activity,llm_title_search,,
2026-09-24T15:22:47+00:00,"ad0750a,d7f55d9,HEAD",c048ab6483d37c33a06668963b725800c898a7f749c3a6086dfe4087c73c29af,765e053cd24611e5,superseded,,478e9373d627bb92f85a5d66db304f71,2286950196,10.3233/blc-150027,3,10.1016/j.cancergencyto.2008.02.015,"Anti- and proinflammatory cytokine gene polymorphism and genetic predisposition: association with smoking, tumor stage and grade, and bacillus Calmette-Guérin immunotherapy in bladder cancer",llm_references,02d3f4bcde87789cd5796f4ecd8d7504|700df9d6a448dd408efa1f700f061f55|a77aa75c83bd86d7e8200b8e71d2dc0b|1a2ff8a918d1181faeb1795c17d7a618|5bb837bf60f165f7397b6751c82335ee,10.1158/1940-6207.capr-10-0035|10.1007/s12032-009-9187-y|10.1002/ijc.28186|10.1093/carcin/bgp077|10.1080/00365590600991946
2026-09-24T15:22:47+00:00,"ad0750a,d7f55d9,HEAD",c048ab6483d37c33a06668963b725800c898a7f749c3a6086dfe4087c73c29af,765e053cd24611e5,set_aside,api_error.csv,48317232e396963d1eab46c3bd908983,2575179971,10.1080/09291016.2016.1275400,1,10.1038/srep06309,Screening of Clock Gene Polymorphisms Demonstrates Association of a PER3 Polymorphism with Morningness–Eveningness Preference and Circadian Rhythm Sleep Disorder,llm_references,,
2026-09-24T15:22:47+00:00,"ad0750a,d7f55d9,HEAD",c048ab6483d37c33a06668963b725800c898a7f749c3a6086dfe4087c73c29af,765e053cd24611e5,set_aside,prospective_registration.csv,4875d9ab04cad0eceb0ea16b2fa221d6,6986864607,,3,10.1016/j.jesp.2020.104006,Playing a different game: Situation perception mediates framing effects on cooperative behaviour,llm_author_year_search,,
2026-09-24T15:22:47+00:00,"ad0750a,d7f55d9,HEAD",c048ab6483d37c33a06668963b725800c898a7f749c3a6086dfe4087c73c29af,765e053cd24611e5,set_aside,target_pending.csv,48799eec64fc219249fc3e94f7f7aaf1,4404387819,10.1016/j.meegid.2024.105690,3,10.1016/j.meegid.2019.03.006,An exome wide association study of pulmonary tuberculosis patients and their asymptomatic household contacts,llm_references,,
2026-09-24T15:22:47+00:00,"ad0750a,d7f55d9,HEAD",c048ab6483d37c33a06668963b725800c898a7f749c3a6086dfe4087c73c29af,765e053cd24611e5,set_aside,target_pending.csv,48b30c75204765b73eb1c32eaa6ef93a,4400364772,10.15616/bsl.2024.30.2.86,1,10.1038/ng.357,A large-scale genome-wide association study of Asian populations uncovers genetic factors influencing eight quantitative traits,llm_references,,
2026-09-24T15:22:47+00:00,"ad0750a,d7f55d9,HEAD",c048ab6483d37c33a06668963b725800c898a7f749c3a6086dfe4087c73c29af,765e053cd24611e5,set_aside,target_pending.csv,48bc02865658e5ae0a9347abcbf040a5,2014717403,10.1080/03634520410001691456,1,10.1080/03637750128058,Memorable messages as guides to self-assessment of behavior: an initial investigation,llm_references,,
2026-09-24T15:22:47+00:00,"ad0750a,d7f55d9,HEAD",c048ab6483d37c33a06668963b725800c898a7f749c3a6086dfe4087c73c29af,765e053cd24611e5,set_aside,no_evidence.csv,48f42209952d4518f24c689302266cf8,6962892831,10.17605/osf.io/g2cxw,1,10.1037/a0016433,Discounting future green: Money versus the environment.,llm_title_search,,
2026-09-24T15:22:47+00:00,"ad0750a,d7f55d9,HEAD",c048ab6483d37c33a06668963b725800c898a7f749c3a6086dfe4087c73c29af,765e053cd24611e5,set_aside,prospective_registration.csv,491bef9c46e91dd1ec9b4a3f8a3e0c81,6943929600,10.17605/osf.io/69hzx,1,10.1007/bf00055564,Status quo bias in decision making,llm_author_year_search,,
2026-09-24T15:22:47+00:00,"ad0750a,d7f55d9,HEAD",c048ab6483d37c33a06668963b725800c898a7f749c3a6086dfe4087c73c29af,765e053cd24611e5,set_aside,target_pending.csv,49ac78c39b70d7718b5b4d35137e589f,3169230465,10.1080/13284207.2021.1900718,1,10.1097/ajp.0b013e31829ea1f7,Evaluation of Group and Individual Change in a Multidisciplinary Pain Management Program,llm_references,,
2026-09-24T15:22:47+00:00,"ad0750a,d7f55d9,HEAD",c048ab6483d37c33a06668963b725800c898a7f749c3a6086dfe4087c73c29af,765e053cd24611e5,set_aside,target_pending.csv,49d6c4817d29125527f62969627acaea,125376213,,1,10.1037/a0021524,Feeling the future: Experimental evidence for anomalous retroactive influences on cognition and affect.,llm_author_year_search,,
2026-09-24T15:22:47+00:00,"ad0750a,d7f55d9,HEAD",c048ab6483d37c33a06668963b725800c898a7f749c3a6086dfe4087c73c29af,765e053cd24611e5,set_aside,prospective_registration.csv,4abd37cfcf5317a271993b66bc9938b4,7005481674,,1,10.5840/jphil20111081238,"Causation, Norm Violation, and Culpable Control",llm_author_year_search,,
2026-09-24T15:22:47+00:00,"ad0750a,d7f55d9,HEAD",c048ab6483d37c33a06668963b725800c898a7f749c3a6086dfe4087c73c29af,765e053cd24611e5,superseded,,4ad925fe1db39890999ac44fee2831ef,2160009065,10.1111/j.1745-493x.2004.tb00175.x,1,10.1111/j.1540-5915.1998.tb01358.x,Interorganizational Determinants of Environmental Purchasing: Initial Evidence from the Consumer Products Industries*,llm_references,8bee3dff27040b5fe17638bb2ef2f597,10.1002/j.2158-1592.2004.tb00173.x
2026-09-24T15:22:47+00:00,"ad0750a,d7f55d9,HEAD",c048ab6483d37c33a06668963b725800c898a7f749c3a6086dfe4087c73c29af,765e053cd24611e5,set_aside,search_link_unconfirmed.csv,4bc394813b9282c77bb63c382a1b2be4,6887680676,10.17605/osf.io/8ywgh,1,10.1111/aphw.12402,Well-being and experiences of adults in German federal states under pandemic conditions,llm_title_search,,
2026-09-24T15:22:47+00:00,"ad0750a,d7f55d9,HEAD",c048ab6483d37c33a06668963b725800c898a7f749c3a6086dfe4087c73c29af,765e053cd24611e5,set_aside,prospective_registration.csv,4bcc37dbadd493c5b2cbbab032e9d990,3080930347,10.17605/osf.io/upvgy,1,10.1007/s40806-016-0048-6,"Sex Differences in Mate Preferences: a Replication Study, 20 Years Later",llm_title_search,,
2026-09-24T15:22:47+00:00,"ad0750a,d7f55d9,HEAD",c048ab6483d37c33a06668963b725800c898a7f749c3a6086dfe4087c73c29af,765e053cd24611e5,superseded,,4bf2ef11375165e0faae0a1d90442c0e,4405310822,10.1016/j.cortex.2024.11.016,1,10.1016/j.neuropsychologia.2015.11.018,The association between hemispheric specialization for language production and for spatial attention depends on left-hand preference strength,llm_references,6eaa03d43e1786ffffefb8bbf284c2c9,10.1016/j.neuropsychologia.2020.107634
2026-09-24T15:22:47+00:00,"ad0750a,d7f55d9,HEAD",c048ab6483d37c33a06668963b725800c898a7f749c3a6086dfe4087c73c29af,765e053cd24611e5,set_aside,target_pending.csv,4c1246fa7d72ac8020aad32529a37985,2069961003,10.1161/strokeaha.107.483115,1,10.1182/blood-2003-09-3015,Gene interactions and stroke risk in children with sickle cell anemia,llm_references,,
2026-09-24T15:22:47+00:00,"ad0750a,d7f55d9,HEAD",c048ab6483d37c33a06668963b725800c898a7f749c3a6086dfe4087c73c29af,765e053cd24611e5,set_aside,prospective_registration.csv,4c12e1f39cf96c1251c21c8c16182492,2797531993,,1,10.1037/mot0000060,The effects of motivational training on state anger and aggressive impulses among people varying in trait anger.,llm_author_year_search,,
2026-09-24T15:22:47+00:00,"ad0750a,d7f55d9,HEAD",c048ab6483d37c33a06668963b725800c898a7f749c3a6086dfe4087c73c29af,765e053cd24611e5,set_aside,prospective_registration.csv,4c279b25cd60ddb8c21f460f6bc71f1a,6944039988,10.17605/osf.io/c8h7d,1,10.1007/s12144-021-02171-y,The dark triad and honesty rules in romantic relationships,llm_title_search,,
2026-09-24T15:22:47+00:00,"ad0750a,d7f55d9,HEAD",c048ab6483d37c33a06668963b725800c898a7f749c3a6086dfe4087c73c29af,765e053cd24611e5,superseded,,4d31661a28c764d9669f4ef77331d0c4,3201262201,10.1007/s00426-021-01593-4,1,10.1111/j.1469-8986.1981.tb02486.x,Heart Beat Perception and Emotional Experience,llm_references,3ef3c3f95822020bd6b8b4a54c9db35f|4708561a98904418ef82c660cbaa1f81|1a607fb533c19e7dcc6002c371d64d6a|69a1f82029b09d3d33cab4e64621c65b,10.1016/j.ijpsycho.2006.09.003|10.1016/j.cogbrainres.2005.09.019|10.1016/j.ijpsycho.2007.04.007|10.1111/j.1469-8986.2009.00931.x
2026-09-24T15:22:47+00:00,"ad0750a,d7f55d9,HEAD",c048ab6483d37c33a06668963b725800c898a7f749c3a6086dfe4087c73c29af,765e053cd24611e5,set_aside,target_pending.csv,4d4f1500b64d01992cd5b2f4b74f0f02,2022757614,10.3109/14992027.2012.705900,5,10.1097/mao.0b013e318180a4b1,Gly460Trp α-Adducin Mutation as a Possible Mechanism Leading to Endolymphatic Hydrops in Ménière's Syndrome,llm_references,,
2026-09-24T15:22:47+00:00,"ad0750a,d7f55d9,HEAD",c048ab6483d37c33a06668963b725800c898a7f749c3a6086dfe4087c73c29af,765e053cd24611e5,set_aside,no_original_found.csv,4d86ca23ad495e08ed917b4d14fa0ecf,7000049184,,1,10.1111/j.1467-9922.2008.00453.x,Attention to form and meaning revisited,llm_title_search,,
2026-09-24T15:22:47+00:00,"ad0750a,d7f55d9,HEAD",c048ab6483d37c33a06668963b725800c898a7f749c3a6086dfe4087c73c29af,765e053cd24611e5,set_aside,search_link_unconfirmed.csv,4dcda6b01c76b9936daa96499186bfab,2158065485,10.11575/prism/9551,1,10.11575/prism/9552,Gambling and problem gambling in Washington state : report to the Washington State Lottery,llm_title_search,,
2026-09-24T15:22:47+00:00,"ad0750a,d7f55d9,HEAD",c048ab6483d37c33a06668963b725800c898a7f749c3a6086dfe4087c73c29af,765e053cd24611e5,set_aside,target_pending.csv,4e0c2e186889d0bfbb5b454dba4bfb7d,4205308168,10.1371/journal.pone.0262026,1,10.1177/2053168018794753,The perils of plurality rule and the major(itarian) effect of cabinet composition on human rights in presidential democracies,llm_references,,
2026-09-24T15:22:47+00:00,"ad0750a,d7f55d9,HEAD",c048ab6483d37c33a06668963b725800c898a7f749c3a6086dfe4087c73c29af,765e053cd24611e5,set_aside,target_pending.csv,4e0c5e0e774e28dde3fc8aeb004e5549,7164395134,10.3390/genes17060682,2,10.1038/ng.585,Variation in CDKN2A at 9p21.3 influences childhood acute lymphoblastic leukemia risk,llm_references,,
2026-09-24T15:22:47+00:00,"ad0750a,d7f55d9,HEAD",c048ab6483d37c33a06668963b725800c898a7f749c3a6086dfe4087c73c29af,765e053cd24611e5,set_aside,prospective_registration.csv,4e5780334e9a7a06320e135940f97eed,7140025305,10.17605/osf.io/mjzgp,1,10.1016/j.cognition.2008.06.009,Judgments of cause and blame: The effects of intentionality and foreseeability,llm_author_year_search,,
2026-09-24T15:22:47+00:00,"ad0750a,d7f55d9,HEAD",c048ab6483d37c33a06668963b725800c898a7f749c3a6086dfe4087c73c29af,765e053cd24611e5,set_aside,target_pending.csv,4f1971d5aebc188d08ce86a47d4cefe7,2124578438,10.2307/256213,1,10.1037/0021-9010.67.6.868,Role of leadership in the employee withdrawal process.,llm_references,,
2026-09-24T15:22:47+00:00,"ad0750a,d7f55d9,HEAD",c048ab6483d37c33a06668963b725800c898a7f749c3a6086dfe4087c73c29af,765e053cd24611e5,set_aside,prospective_registration.csv,5016d2d4c8fa2508eafd598566671474,7008569047,,1,10.1086/662614,"When Brands Seem Human, Do Humans Act Like Brands? Automatic Behavioral Priming Effects of Brand Anthropomorphism",llm_title_search,,
2026-09-24T15:22:47+00:00,"ad0750a,d7f55d9,HEAD",c048ab6483d37c33a06668963b725800c898a7f749c3a6086dfe4087c73c29af,765e053cd24611e5,set_aside,prospective_registration.csv,50743f424de9f552521d98cd998290e7,6925284971,10.17605/osf.io/ftzw2,1,10.1016/j.jesp.2015.08.003,When self-perceptions of expertise increase closed-minded cognition: The earned dogmatism effect,llm_author_year_search,,
2026-09-24T15:22:47+00:00,"ad0750a,d7f55d9,HEAD",c048ab6483d37c33a06668963b725800c898a7f749c3a6086dfe4087c73c29af,765e053cd24611e5,set_aside,target_pending.csv,50984d02d18131b70a77a3adbec5b621,2528127065,10.1182/blood-2016-07-728063,1,10.1182/blood-2009-08-236455,Genetic variations in the heparanase gene (HPSE) associate with increased risk of GVHD following allogeneic stem cell transplantation: effect of discrepancy between recipients and donors,llm_references,,
2026-09-24T15:22:47+00:00,"ad0750a,d7f55d9,HEAD",c048ab6483d37c33a06668963b725800c898a7f749c3a6086dfe4087c73c29af,765e053cd24611e5,set_aside,prospective_registration.csv,50dcc8d02b768bdcd253cf027dc1244d,6943971448,10.17605/osf.io/8qjnd,1,10.1037/xge0000236,How does not responding to appetitive stimuli cause devaluation: Evaluative conditioning or response inhibition,llm_title_search,,
2026-09-24T15:22:47+00:00,"ad0750a,d7f55d9,HEAD",c048ab6483d37c33a06668963b725800c898a7f749c3a6086dfe4087c73c29af,765e053cd24611e5,set_aside,target_pending.csv,522e07b84a42a460fea7ebfb0af94af0,1969156358,10.1109/compsac.2013.82,1,10.1109/issre.2008.18,Finding Faults: Manual Testing vs. Random+ Testing vs. User Reports,llm_references,,
2026-09-24T15:22:47+00:00,"ad0750a,d7f55d9,HEAD",c048ab6483d37c33a06668963b725800c898a7f749c3a6086dfe4087c73c29af,765e053cd24611e5,set_aside,prospective_registration.csv,52f4092b18bdf499efd950d550b2eb89,7024324946,,1,10.1177/0956797613476045,Women are more likely to wear red or pink at peak fertility,llm_title_search,,
2026-09-24T15:22:47+00:00,"ad0750a,d7f55d9,HEAD",c048ab6483d37c33a06668963b725800c898a7f749c3a6086dfe4087c73c29af,765e053cd24611e5,set_aside,target_pending.csv,52f74b74d27c0c5ecb9c14e2c94ef582,4386605757,10.1177/14644207231201478,1,10.1016/j.addma.2018.10.032,Plastic anisotropy of additively manufactured maraging steel: Influence of the build orientation and heat treatments,llm_references,,
2026-09-24T15:22:47+00:00,"ad0750a,d7f55d9,HEAD",c048ab6483d37c33a06668963b725800c898a7f749c3a6086dfe4087c73c29af,765e053cd24611e5,set_aside,prospective_registration.csv,536dac3aefa1677af157fd3fd80dfe72,6925130049,10.17605/osf.io/k4up5,1,10.1111/1467-9280.02431,Partition Priming in Judgment Under Uncertainty,llm_title_search,,
2026-09-24T15:22:47+00:00,"ad0750a,d7f55d9,HEAD",c048ab6483d37c33a06668963b725800c898a7f749c3a6086dfe4087c73c29af,765e053cd24611e5,set_aside,target_pending.csv,537ed27a5896e56b8c92bc0a84ce692e,6980631609,,1,10.1177/0956797615598740,"Nothing Happens by Accident, or Does It? A Low Prior for Randomness Does Not Explain Belief in Conspiracy Theories",llm_title_search,,
2026-09-24T15:22:47+00:00,"ad0750a,d7f55d9,HEAD",c048ab6483d37c33a06668963b725800c898a7f749c3a6086dfe4087c73c29af,765e053cd24611e5,set_aside,target_pending.csv,5398e3cded63956a615930d04a64d52b,4230949513,10.1363/4101209,1,10.2105/ajph.82.3.372,Reductions in HIV risk-associated sexual behaviors among black male adolescents: effects of an AIDS prevention intervention.,llm_references,,
2026-09-24T15:22:47+00:00,"ad0750a,d7f55d9,HEAD",c048ab6483d37c33a06668963b725800c898a7f749c3a6086dfe4087c73c29af,765e053cd24611e5,set_aside,target_pending.csv,53a9acaf7287c20e339f2d06cb9f75ec,2335753630,10.2307/2491034,1,10.2307/2490773,Loss Contingency Reports and Stock Prices: An Empirical Study,llm_references,,
2026-09-24T15:22:47+00:00,"ad0750a,d7f55d9,HEAD",c048ab6483d37c33a06668963b725800c898a7f749c3a6086dfe4087c73c29af,765e053cd24611e5,set_aside,prospective_registration.csv,543947e02f9b3a262312d767fe01ebab,3113043926,10.1111/lcrp.12186,1,10.3389/fpsyg.2019.00989,Cognitive Inflexibility Predicts Extremist Attitudes,llm_fulltext,,
2026-09-24T15:22:47+00:00,"ad0750a,d7f55d9,HEAD",c048ab6483d37c33a06668963b725800c898a7f749c3a6086dfe4087c73c29af,765e053cd24611e5,set_aside,prospective_registration.csv,5439aef159bcb17e2f3d6b8a549cf70c,7113029013,,1,10.1037/a0029395,A status-enhancement account of overconfidence.,llm_author_year_search,,
2026-09-24T15:22:47+00:00,"ad0750a,d7f55d9,HEAD",c048ab6483d37c33a06668963b725800c898a7f749c3a6086dfe4087c73c29af,765e053cd24611e5,set_aside,target_pending.csv,54bbf2991903610334e53e4484ee132c,7163317184,10.1002/cdq.70030,1,10.1016/j.jvb.2013.10.001,Innovative moments and change in Career Construction Counseling,llm_references,,
2026-09-24T15:22:47+00:00,"ad0750a,d7f55d9,HEAD",c048ab6483d37c33a06668963b725800c898a7f749c3a6086dfe4087c73c29af,765e053cd24611e5,set_aside,prospective_registration.csv,5536ee8cc06816c7d0bd2a64b9cd7ce4,6986864607,,2,10.1016/j.geb.2012.05.007,Social framing effects: Preferences or beliefs?,llm_author_year_search,,
2026-09-24T15:22:47+00:00,"ad0750a,d7f55d9,HEAD",c048ab6483d37c33a06668963b725800c898a7f749c3a6086dfe4087c73c29af,765e053cd24611e5,set_aside,prospective_registration.csv,5542c11eca7a1f59ee74a29440ad1527,6925519643,10.17605/osf.io/ry82m,1,10.1111/j.1551-6709.2009.01092.x,“The Effects of Feature-Label-Order and Their Implications for Symbolic Learning.” Cognitive Science 34 (6): 909–57.,llm_title_search,,
2026-09-24T15:22:47+00:00,"ad0750a,d7f55d9,HEAD",c048ab6483d37c33a06668963b725800c898a7f749c3a6086dfe4087c73c29af,765e053cd24611e5,set_aside,unidentified_original.csv,5569975b31e81d5f862ea34dc2f5c88a,2553315236,10.3389/fnins.2016.00531,1,10.1002/ana.24215,Genetic association signal near NTN 4 in T ourette syndrome,llm_references,,
2026-09-24T15:22:47+00:00,"ad0750a,d7f55d9,HEAD",c048ab6483d37c33a06668963b725800c898a7f749c3a6086dfe4087c73c29af,765e053cd24611e5,set_aside,prospective_registration.csv,557b788f85222b622acdc1dbe529760b,6906471091,10.17605/osf.io/jrcvn,1,10.1037/pspi0000018,"Awe, the small self, and prosocial behavior.",llm_title_search,,
2026-09-24T15:22:47+00:00,"ad0750a,d7f55d9,HEAD",c048ab6483d37c33a06668963b725800c898a7f749c3a6086dfe4087c73c29af,765e053cd24611e5,set_aside,target_pending.csv,55bf8a327b192370bfd6432d72930954,2081780000,10.2307/2392285,2,10.2307/2391803,The Bases and Use of Power in Organizational Decision Making: The Case of a University,llm_references,,
2026-09-24T15:22:47+00:00,"ad0750a,d7f55d9,HEAD",c048ab6483d37c33a06668963b725800c898a7f749c3a6086dfe4087c73c29af,765e053cd24611e5,set_aside,prospective_registration.csv,56471fe2b251fb1c0ecca44bcf266994,7113508487,,1,10.31234/osf.io/q5vfb,"January 26).  Changes in The Prevalence  of  Muscular,  but  Not  Thin  Bodies,  Bias  Young  Men’s  Judgments  About  Body  Size. https://doi.org/10.31234/osf.io/q5vfb",llm_title_search,,
2026-09-24T15:22:47+00:00,"ad0750a,d7f55d9,HEAD",c048ab6483d37c33a06668963b725800c898a7f749c3a6086dfe4087c73c29af,765e053cd24611e5,set_aside,prospective_registration.csv,566ebaf0c95aed4a510b829cd3653336,6943820818,10.17605/osf.io/cnakg,1,10.1037/e683162011-051,"Less is more: the lure of ambiguity, or why familiarity breeds contempt",llm_title_search,,
2026-09-24T15:22:47+00:00,"ad0750a,d7f55d9,HEAD",c048ab6483d37c33a06668963b725800c898a7f749c3a6086dfe4087c73c29af,765e053cd24611e5,set_aside,prospective_registration.csv,572b6f34fd8f1caaafaccab43257ab73,7125651408,10.17605/osf.io/wgt7m,1,10.1126/science.adh4764,Megastudy testing 25 treatments to reduce antidemocratic attitudes and partisan animosity,llm_title_search,,
2026-09-24T15:22:47+00:00,"ad0750a,d7f55d9,HEAD",c048ab6483d37c33a06668963b725800c898a7f749c3a6086dfe4087c73c29af,765e053cd24611e5,set_aside,prospective_registration.csv,58047506e309c92b6c1d76539ea39976,7024206202,,1,10.1086/658999,Celebrity Contagion and the Value of Objects,llm_author_year_search,,
2026-09-24T15:22:47+00:00,"ad0750a,d7f55d9,HEAD",c048ab6483d37c33a06668963b725800c898a7f749c3a6086dfe4087c73c29af,765e053cd24611e5,set_aside,target_pending.csv,58afc0b7c627370dbb93bf5b4941f86e,4406306507,10.1037/xge0001707,1,10.1037/xge0001072,The derring effect: Deliberate errors enhance learning.,llm_references,,
2026-09-24T15:22:47+00:00,"ad0750a,d7f55d9,HEAD",c048ab6483d37c33a06668963b725800c898a7f749c3a6086dfe4087c73c29af,765e053cd24611e5,set_aside,no_original_found.csv,5900bdc6bcc5c001e626f0456116d618,7028159078,,1,10.1037/0022-3514.92.1.56,Social exclusion decreases prosocial behavior.,llm_title_search,,
2026-09-24T15:22:47+00:00,"ad0750a,d7f55d9,HEAD",c048ab6483d37c33a06668963b725800c898a7f749c3a6086dfe4087c73c29af,765e053cd24611e5,superseded,,593ec5880b1092b689c248587a2752ef,2040842648,10.1177/0333102411421025,1,10.1111/j.1526-4610.2007.00723.x,Voxel‐Based Morphometry Reveals Gray Matter Abnormalities in Migraine,llm_references,7ee5cdaf2bbf7c899cf528c8cd825f5b|808b6075fc37a7b1fd5e3b1fd90ff1c4,10.1212/01.wnl.0000291618.32247.2d|10.1371/journal.pmed.0030402
2026-09-24T15:22:47+00:00,"ad0750a,d7f55d9,HEAD",c048ab6483d37c33a06668963b725800c898a7f749c3a6086dfe4087c73c29af,765e053cd24611e5,set_aside,prospective_registration.csv,5a8be0594cc392c89d64f8aaa2274e60,6962720998,10.17605/osf.io/726jc,4,10.1207/s15327965pli1702_1,TARGET ARTICLE: Evolutionary Foundations of Cultural Variation: Evoked Culture and Mate Preferences,llm_author_year_search,,
2026-09-24T15:22:47+00:00,"ad0750a,d7f55d9,HEAD",c048ab6483d37c33a06668963b725800c898a7f749c3a6086dfe4087c73c29af,765e053cd24611e5,set_aside,target_pending.csv,5ab893d1bbbe2e1ff4b6821922ace0de,2764210744,10.1093/humrep/dex302,1,10.1136/bmj.b4080,Immobilisation versus immediate mobilisation after intrauterine insemination: randomised controlled trial,llm_references,,
2026-09-24T15:22:47+00:00,"ad0750a,d7f55d9,HEAD",c048ab6483d37c33a06668963b725800c898a7f749c3a6086dfe4087c73c29af,765e053cd24611e5,set_aside,target_pending.csv,5bdef381edc6b7150adc1fa5590faf74,7131355240,10.1016/j.infbeh.2026.102180,1,10.1073/pnas.1414000112,Timely sleep facilitates declarative memory consolidation in infants,llm_references,,
2026-09-24T15:22:47+00:00,"ad0750a,d7f55d9,HEAD",c048ab6483d37c33a06668963b725800c898a7f749c3a6086dfe4087c73c29af,765e053cd24611e5,set_aside,prospective_registration.csv,5c093946d8c0d4bcd5e163ab9a18f30c,2776306336,10.17605/osf.io/dwxba,1,10.1037/a0017346,"Going green to be seen: Status, reputation, and conspicuous conservation.",llm_title_search,,
2026-09-24T15:22:47+00:00,"ad0750a,d7f55d9,HEAD",c048ab6483d37c33a06668963b725800c898a7f749c3a6086dfe4087c73c29af,765e053cd24611e5,set_aside,no_evidence.csv,5c8ab7ff011c9ed46983dc9d9eced845,6999687462,,1,10.1016/j.jesp.2006.06.008,Power affects basic cognition: Increased attentional inhibition and flexibility,llm_author_year_search,,
2026-09-24T15:22:47+00:00,"ad0750a,d7f55d9,HEAD",c048ab6483d37c33a06668963b725800c898a7f749c3a6086dfe4087c73c29af,765e053cd24611e5,set_aside,target_pending.csv,5cc89b937ed2ca6d658b232462fd5b1d,2115917541,10.1111/j.2044-8341.1977.tb02396.x,1,10.1111/j.2044-8341.1968.tb02036.x,Attitudes of psychiatric patients to staff roles and treatment methods in mental hospitals,llm_references,,
2026-09-24T15:22:47+00:00,"ad0750a,d7f55d9,HEAD",c048ab6483d37c33a06668963b725800c898a7f749c3a6086dfe4087c73c29af,765e053cd24611e5,set_aside,target_pending.csv,5cefa918f5606285506253e1c6a818e2,2037636910,10.1207/s15327671espr0903_4,1,10.1177/001440299806500101,Dropout Prevention for Youth with Disabilities: Efficacy of a Sustained School Engagement Procedure,llm_references,,
2026-09-24T15:22:47+00:00,"ad0750a,d7f55d9,HEAD",c048ab6483d37c33a06668963b725800c898a7f749c3a6086dfe4087c73c29af,765e053cd24611e5,superseded,,5dbd5fc80aa664e23afb1cce75bc38a8,4308518385,10.1007/s10664-022-10243-1,1,10.1109/icse43902.2021.00140,Flakeflagger: predicting flakiness without rerunning tests,llm_title_search,b3c4af19bce03e7a345321199b242e04,10.1109/re48521.2020.00028
2026-09-24T15:22:47+00:00,"ad0750a,d7f55d9,HEAD",c048ab6483d37c33a06668963b725800c898a7f749c3a6086dfe4087c73c29af,765e053cd24611e5,superseded,,5f2d9abd691377a2c7095438aaf10ba5,6944208569,10.17605/osf.io/w9gks,1,10.1016/0749-596x(86)90041-0,Encoding difficulty and memory: Toward a unifying theory,llm_title_search,5438cc8bf889eb60942f5c351c17a4c3,10.1002/acp.4230
2026-09-24T15:22:47+00:00,"ad0750a,d7f55d9,HEAD",c048ab6483d37c33a06668963b725800c898a7f749c3a6086dfe4087c73c29af,765e053cd24611e5,set_aside,prospective_registration.csv,5f4f02ad5b697e094150aa50a042abcd,6925215755,10.17605/osf.io/mw3n4,1,10.1177/1948550619856308,"Foodie calls: when women date men for a free meal (Rather than a relationship). Social Psychological and Personality Science, 11(3), 425-432. https://doi.org/10.1177/1948550619856308",llm_title_search,,
2026-09-24T15:22:47+00:00,"ad0750a,d7f55d9,HEAD",c048ab6483d37c33a06668963b725800c898a7f749c3a6086dfe4087c73c29af,765e053cd24611e5,superseded,,5f8c10d11830df1269189e4e04a3e027,2104755979,10.1093/brain/awh524,7,10.1111/j.1528-1157.1999.tb01602.x,Apolipoprotein E Polymorphisms and the Risk of Nonlesional Temporal Lobe Epilepsy,llm_references,1b93b148465ac330094595783b52b063|b797999727934333da16ad93f87f8cee|b0e02f91a18d75645ad6fcef66f5e386|bf951a9cdcb1c4dccc5c1eb6e5769df1|dea0f4949f4791ac28e524a704490258|a04e17772629bb0cd2d1362af4d746e1|ba753b7c8bbecea00b4cfa76bb2d3718|d8d6336914ea1fbbf367329698345a64|d7723f4010eebb6553bb52f100257855,10.1002/1531-8249(200005)47:5<571::aid-ana3>3.0.co;2-a|10.1016/s0887-8994(01)00380-0|10.1046/j.1528-1157.2003.43302.x|10.1002/ana.1108|10.1002/ana.10108|10.1212/01.wnl.0000046520.79877.d8|10.1212/01.wnl.0000096940.92986.02|10.1046/j.1528-1157.2003.t01-1-44702.x|10.1203/01.pdr.0000069696.96041.34
2026-09-24T15:22:47+00:00,"ad0750a,d7f55d9,HEAD",c048ab6483d37c33a06668963b725800c898a7f749c3a6086dfe4087c73c29af,765e053cd24611e5,set_aside,prospective_registration.csv,5f901423cdc59d4b88929078c4c175d6,6962315306,10.17605/osf.io/a5mx7,1,10.1037/0022-3514.49.6.1621,Global self-evaluation as determined by the desirability and controllability of trait adjectives,llm_title_search,,
2026-09-24T15:22:47+00:00,"ad0750a,d7f55d9,HEAD",c048ab6483d37c33a06668963b725800c898a7f749c3a6086dfe4087c73c29af,765e053cd24611e5,superseded,,5ff21ef12eb9abc072cd1e178eb2ea72,3099918786,10.1093/scan/nsaa153,1,10.3791/58204,Continuous Theta Burst Stimulation of the Posterior Medial Frontal Cortex to Experimentally Reduce Ideological Threat Responses,llm_references,d6101ac0aac700d67f6775e26d8a340b,10.1093/scan/nsv107
2026-09-24T15:22:47+00:00,"ad0750a,d7f55d9,HEAD",c048ab6483d37c33a06668963b725800c898a7f749c3a6086dfe4087c73c29af,765e053cd24611e5,set_aside,target_pending.csv,60046245f5094e7cada4317e70a1397f,1996286996,10.1086/499755,1,10.1177/001440290006700108,Teachers Attitudes toward Their Included Students with Disabilities,llm_references,,
2026-09-24T15:22:47+00:00,"ad0750a,d7f55d9,HEAD",c048ab6483d37c33a06668963b725800c898a7f749c3a6086dfe4087c73c29af,765e053cd24611e5,set_aside,prospective_registration.csv,60179849d597838941d0a60528857a20,6906585078,10.17605/osf.io/yq97v,1,10.1037/0022-3514.50.2.229,On the automatic activation of attitudes.,llm_author_year_search,,
2026-09-24T15:22:47+00:00,"ad0750a,d7f55d9,HEAD",c048ab6483d37c33a06668963b725800c898a7f749c3a6086dfe4087c73c29af,765e053cd24611e5,unexplained,,6093eac85c08ae8477c7a7c7dd0e54b5,1964369288,10.1186/1471-2350-13-27,3,10.1093/hmg/ddp135,Genome-wide scan identifies CDH13 as a novel susceptibility locus contributing to blood pressure determination in two European populations,llm_references,,
2026-09-24T15:22:47+00:00,"ad0750a,d7f55d9,HEAD",c048ab6483d37c33a06668963b725800c898a7f749c3a6086dfe4087c73c29af,765e053cd24611e5,set_aside,prospective_registration.csv,60a9b80822094d9b165827f4620dc405,6925347425,10.17605/osf.io/vh86a,3,10.1016/j.psyneuen.2015.02.014,Estradiol and cortisol interactions in youth externalizing psychopathology,llm_title_search,,
2026-09-24T15:22:47+00:00,"ad0750a,d7f55d9,HEAD",c048ab6483d37c33a06668963b725800c898a7f749c3a6086dfe4087c73c29af,765e053cd24611e5,superseded,,60b4accce3a0176833fa87101b896f5a,7037368941,,4,10.1109/metric.1999.809741,An empirical study of the correlations between function point elements [software metrics],llm_title_search,a7f3d2c6ef3fe71a571c7f663dcab825,10.1007/bf00125809
2026-09-24T15:22:47+00:00,"ad0750a,d7f55d9,HEAD",c048ab6483d37c33a06668963b725800c898a7f749c3a6086dfe4087c73c29af,765e053cd24611e5,set_aside,target_pending.csv,60d327a1bafc5922197980ffbd6e611b,7164395134,10.3390/genes17060682,1,10.1038/ng.430,"Loci on 7p12.2, 10q21.2 and 14q11.2 are associated with risk of childhood acute lymphoblastic leukemia",llm_references,,
2026-09-24T15:22:47+00:00,"ad0750a,d7f55d9,HEAD",c048ab6483d37c33a06668963b725800c898a7f749c3a6086dfe4087c73c29af,765e053cd24611e5,set_aside,target_pending.csv,615d08960338e045ff59d28516b7967f,2056312847,10.1111/1467-8624.00047,1,10.1007/bf00938033,Developmental and family milieu correlates of resilience in urban children who have experienced major life stress,llm_references,,
2026-09-24T15:22:47+00:00,"ad0750a,d7f55d9,HEAD",c048ab6483d37c33a06668963b725800c898a7f749c3a6086dfe4087c73c29af,765e053cd24611e5,set_aside,target_pending.csv,62d9eef0d51453c84674e29c44efe48f,4285502325,10.23919/cisti54924.2022.9820390,1,10.1109/techdebt52882.2021.00017,Business-Driven Technical Debt Prioritization: An Industrial Case Study,llm_references,,
2026-09-24T15:22:47+00:00,"ad0750a,d7f55d9,HEAD",c048ab6483d37c33a06668963b725800c898a7f749c3a6086dfe4087c73c29af,765e053cd24611e5,set_aside,prospective_registration.csv,63c33582153864b8e1de4197e39b55a9,6925388859,10.17605/osf.io/6m5tb,1,10.1037/pspp0000263,Family environment and self-esteem development: A longitudinal study from age 10 to 16,llm_title_search,,
2026-09-24T15:22:47+00:00,"ad0750a,d7f55d9,HEAD",c048ab6483d37c33a06668963b725800c898a7f749c3a6086dfe4087c73c29af,765e053cd24611e5,set_aside,prospective_registration.csv,6414fc9569203c45b2fd9bfe3ad77046,6944129289,10.17605/osf.io/qf75b,1,10.1111/j.1467-9280.2008.02066.x,More Than Meets the Eye,llm_author_year_search,,
2026-09-24T15:22:47+00:00,"ad0750a,d7f55d9,HEAD",c048ab6483d37c33a06668963b725800c898a7f749c3a6086dfe4087c73c29af,765e053cd24611e5,set_aside,target_pending.csv,660b10917a4e03631dc57dd46f09ef8b,4247679000,10.31236/osf.io/vgqzs,1,10.1111/sms.12490,"A simple method for measuring power, force, velocity properties, and mechanical effectiveness in sprint running",llm_references,,
2026-09-24T15:22:47+00:00,"ad0750a,d7f55d9,HEAD",c048ab6483d37c33a06668963b725800c898a7f749c3a6086dfe4087c73c29af,765e053cd24611e5,superseded,,66870dcd12c41e2dfb88c4b7ba2e04c2,2026245214,10.1002/art.22301,5,10.1073/pnas.0403456101,Functional variants within the secreted frizzled-related protein 3 gene are associated with hip osteoarthritis in females,llm_references,b540b37ec460fbcb92bfd67b0bb6af78,10.1093/hmg/ddi093
2026-09-24T15:22:47+00:00,"ad0750a,d7f55d9,HEAD",c048ab6483d37c33a06668963b725800c898a7f749c3a6086dfe4087c73c29af,765e053cd24611e5,superseded,,679e7ff2606d2ced054cc3890a7b863a,2551503386,10.1093/rheumatology/kew394,1,10.1007/s00296-014-3104-1,Mitochondrial DNA haplogroups modulate the radiographic progression of Spanish patients with osteoarthritis,llm_references,7712aa2eeec8f274cd7c72a44a72a0e5,10.1371/journal.pone.0112735
2026-09-24T15:22:47+00:00,"ad0750a,d7f55d9,HEAD",c048ab6483d37c33a06668963b725800c898a7f749c3a6086dfe4087c73c29af,765e053cd24611e5,set_aside,search_link_unconfirmed.csv|unidentified_original.csv,67dbe09da6169bfb8ec32a181a088359,4409361717,10.1609/aaai.v39i25.34818,20,10.1016/j.ymssp.2015.10.025,Deep neural networks: A promising tool for fault characteristic mining and intelligent diagnosis of rotating machinery with massive data,llm_title_search,,
2026-09-24T15:22:47+00:00,"ad0750a,d7f55d9,HEAD",c048ab6483d37c33a06668963b725800c898a7f749c3a6086dfe4087c73c29af,765e053cd24611e5,set_aside,prospective_registration.csv,67fb171b62e0645e3690f01435d82b6f,6887668995,10.17605/osf.io/hnrtf,1,10.1016/j.neuropsychologia.2008.07.006,Blinks of the eye predict blinks of the mind,llm_title_search,,
2026-09-24T15:22:47+00:00,"ad0750a,d7f55d9,HEAD",c048ab6483d37c33a06668963b725800c898a7f749c3a6086dfe4087c73c29af,765e053cd24611e5,set_aside,prospective_registration.csv,6824319b89db85ec3321b465c260b387,7001986380,,1,10.1016/j.paid.2023.112102,The next distinction without a difference: Do psychopathy and sadism scales assess the same construct,llm_title_search,,
2026-09-24T15:22:47+00:00,"ad0750a,d7f55d9,HEAD",c048ab6483d37c33a06668963b725800c898a7f749c3a6086dfe4087c73c29af,765e053cd24611e5,set_aside,prospective_registration.csv,68877fa86d3a782cf65435e9130adf97,3181812741,,1,10.1073/pnas.1211645109,Reading and doing arithmetic nonconsciously,llm_title_search,,
2026-09-24T15:22:47+00:00,"ad0750a,d7f55d9,HEAD",c048ab6483d37c33a06668963b725800c898a7f749c3a6086dfe4087c73c29af,765e053cd24611e5,set_aside,prospective_registration.csv,68936d5c1627f6b8d31110fb029fc119,7042861767,,1,10.1002/ejsp.2201,System-justifying behaviors: When feeling dependent on a system triggers gender stereotype-consistent academic performance,llm_title_search,,
2026-09-24T15:22:47+00:00,"ad0750a,d7f55d9,HEAD",c048ab6483d37c33a06668963b725800c898a7f749c3a6086dfe4087c73c29af,765e053cd24611e5,set_aside,target_pending.csv,689b603ffdce6610dc2266303ca3ea33,3007345610,10.1177/0748730420901929,2,10.1073/pnas.1707471114,Experimental and statistical reevaluation provides no evidence for <i>Drosophila</i> courtship song rhythms,llm_references,,
2026-09-24T15:22:47+00:00,"ad0750a,d7f55d9,HEAD",c048ab6483d37c33a06668963b725800c898a7f749c3a6086dfe4087c73c29af,765e053cd24611e5,set_aside,target_pending.csv,68bc5f5393625ed07b42f8677e44e2f1,2036875325,10.1121/1.4817929,1,10.1007/s10329-008-0117-y,A case of spontaneous acquisition of a human sound by an orangutan,llm_references,,
2026-09-24T15:22:47+00:00,"ad0750a,d7f55d9,HEAD",c048ab6483d37c33a06668963b725800c898a7f749c3a6086dfe4087c73c29af,765e053cd24611e5,set_aside,target_pending.csv,68c0f6d4080562c863affbcdd6fd0fb3,3142458079,10.1111/bjop.12496,1,10.1111/bjop.12067,Personal values and political activism: A cross‐national study,llm_references,,
2026-09-24T15:22:47+00:00,"ad0750a,d7f55d9,HEAD",c048ab6483d37c33a06668963b725800c898a7f749c3a6086dfe4087c73c29af,765e053cd24611e5,superseded,,68eee70932f867bbdf482eacab52bef1,2975860989,10.1080/00224499.2019.1669135,1,10.1037/a0037584,Measuring sexual aggression perpetration in college men: A comparison of two measures.,llm_references,944ef162ec9f0c7a9fe8f5a2f9d7d53b,10.1080/00224499.2011.646393
2026-09-24T15:22:47+00:00,"ad0750a,d7f55d9,HEAD",c048ab6483d37c33a06668963b725800c898a7f749c3a6086dfe4087c73c29af,765e053cd24611e5,set_aside,prospective_registration.csv,690ed1010bab19ba19d3f3e340894a00,6906412524,10.17605/osf.io/n4jkh,1,10.1016/j.obhdp.2006.01.005,Sympathy and callousness: The impact of deliberative thought on donations to identifiable and statistical victims,llm_title_search,,
2026-09-24T15:22:47+00:00,"ad0750a,d7f55d9,HEAD",c048ab6483d37c33a06668963b725800c898a7f749c3a6086dfe4087c73c29af,765e053cd24611e5,set_aside,no_evidence.csv,69df7eff04f3b3458f91e8dfc5ac6c74,6887690525,10.17605/osf.io/cje9b,1,10.1017/s1930297500009244,Numerate decision makers don’t use more effortful strategies unless it pays: A process tracing investigation of skilled and adaptive strategy selection in risky decision making,llm_author_year_search,,
2026-09-24T15:22:47+00:00,"ad0750a,d7f55d9,HEAD",c048ab6483d37c33a06668963b725800c898a7f749c3a6086dfe4087c73c29af,765e053cd24611e5,set_aside,search_link_unconfirmed.csv|target_pending.csv|unidentified_original.csv,6a692611c6df55342c8c20fd80dcd85c,4210982658,10.1371/journal.pone.0263879,1,10.1353/lan.2006.0217,The real-time status of island phenomena,llm_references,,
2026-09-24T15:22:47+00:00,"ad0750a,d7f55d9,HEAD",c048ab6483d37c33a06668963b725800c898a7f749c3a6086dfe4087c73c29af,765e053cd24611e5,set_aside,unidentified_original.csv,6b8faa23ae82eab202b08768a8291eff,2956669743,10.5038/1936-4660.12.2.11,1,10.1177/0092055x16681647,Correcting Misperceptions,llm_references,,
2026-09-24T15:22:47+00:00,"ad0750a,d7f55d9,HEAD",c048ab6483d37c33a06668963b725800c898a7f749c3a6086dfe4087c73c29af,765e053cd24611e5,set_aside,prospective_registration.csv,6bf45a69aa13e51f9027867510a4bbfd,6962415987,10.17605/osf.io/fzchj,1,10.1111/j.1467-9280.1992.tb00678.x,The Disjunction Effect in Choice under Uncertainty,llm_author_year_search,,
2026-09-24T15:22:47+00:00,"ad0750a,d7f55d9,HEAD",c048ab6483d37c33a06668963b725800c898a7f749c3a6086dfe4087c73c29af,765e053cd24611e5,set_aside,prospective_registration.csv,6c0131e19c6f27d44e730a46ea12a566,6887731467,10.17605/osf.io/xf76v,1,10.1016/j.cognition.2011.04.005,When ignorance is no excuse: Different roles for intent across moral domains,llm_author_year_search,,
2026-09-24T15:22:47+00:00,"ad0750a,d7f55d9,HEAD",c048ab6483d37c33a06668963b725800c898a7f749c3a6086dfe4087c73c29af,765e053cd24611e5,set_aside,target_pending.csv,6c2ba1a13bd4788f2d40b3da7d28bc80,1973523138,10.1024/1010-0652/a000047,2,10.1037/0022-0663.91.2.358,Cognitive principles of multimedia learning: The role of modality and contiguity.,llm_references,,
2026-09-24T15:22:47+00:00,"ad0750a,d7f55d9,HEAD",c048ab6483d37c33a06668963b725800c898a7f749c3a6086dfe4087c73c29af,765e053cd24611e5,set_aside,search_link_unconfirmed.csv|unidentified_original.csv,6c6709de621efdfaef912d526528694a,4409361717,10.1609/aaai.v39i25.34818,10,10.1109/tpami.2011.282,RASL: Robust Alignment by Sparse and Low-Rank Decomposition for Linearly Correlated Images,llm_title_search,,
2026-09-24T15:22:47+00:00,"ad0750a,d7f55d9,HEAD",c048ab6483d37c33a06668963b725800c898a7f749c3a6086dfe4087c73c29af,765e053cd24611e5,set_aside,prospective_registration.csv,6da4c50fe3b50ee466bb32bd23e4bcac,6992897698,,1,10.1080/09515080500264180,Surveying Freedom: Folk Intuitions about free will and moral responsibility,llm_author_year_search,,
2026-09-24T15:22:47+00:00,"ad0750a,d7f55d9,HEAD",c048ab6483d37c33a06668963b725800c898a7f749c3a6086dfe4087c73c29af,765e053cd24611e5,superseded,,6e475c79af4a5e425907b7be4fbfadf5,4386735646,10.1515/cti-2022-0032,1,10.1039/d0rp00084a,Evaluation of the students’ understanding of models in science (SUMS) for use in undergraduate chemistry,llm_references,d689620585c7f99ae96dd21a3c04dd8d,10.1080/09500690110066485
2026-09-24T15:22:47+00:00,"ad0750a,d7f55d9,HEAD",c048ab6483d37c33a06668963b725800c898a7f749c3a6086dfe4087c73c29af,765e053cd24611e5,set_aside,search_link_unconfirmed.csv,6f1b2cf8c63cea26a53243e0c8ee728b,2324738645,10.2307/2991860,1,10.3886/icpsr01129.v1,Regime Types and Status Quo Evaluations,llm_title_search,,
2026-09-24T15:22:47+00:00,"ad0750a,d7f55d9,HEAD",c048ab6483d37c33a06668963b725800c898a7f749c3a6086dfe4087c73c29af,765e053cd24611e5,superseded,,6f74425a41090b7737c2e5c3ecc85be6,2470370465,10.1002/art.39619,1,10.1136/annrheumdis-2011-201225,Genetic markers of rheumatoid arthritis susceptibility in anti-citrullinated peptide antibody negative patients,llm_references,b3b06cebd2f620bbb53866c92b87349c,10.1038/ng.2462
2026-09-24T15:22:47+00:00,"ad0750a,d7f55d9,HEAD",c048ab6483d37c33a06668963b725800c898a7f749c3a6086dfe4087c73c29af,765e053cd24611e5,set_aside,no_evidence.csv,6f79a85ebdbf26b20d64d4369e3c91f6,6943851640,10.17605/osf.io/cf4u5,1,10.1016/j.jesp.2008.04.011,Social support and the perception of geographical slant,llm_author_year_search,,
2026-09-24T15:22:47+00:00,"ad0750a,d7f55d9,HEAD",c048ab6483d37c33a06668963b725800c898a7f749c3a6086dfe4087c73c29af,765e053cd24611e5,superseded,,6f9a81f25a91282594a827bb3c2befe4,3145417634,10.1038/s41598-021-87130-0,1,10.1093/carcin/bgw080,Association of genetic polymorphisms with survival of pancreatic ductal adenocarcinoma patients,llm_references,ef8cb79be98b5a5a0709dac85af7fbfb,10.1001/jamasurg.2019.0484
2026-09-24T15:22:47+00:00,"ad0750a,d7f55d9,HEAD",c048ab6483d37c33a06668963b725800c898a7f749c3a6086dfe4087c73c29af,765e053cd24611e5,superseded,,6fb680a7380feced41b41cd10fe184a5,2161643691,10.1101/lm.1896010,1,10.1101/lm.1815010,Recognition without awareness: An elusive phenomenon,llm_references,7c69cf95e31833b42942583ba9af25a9|f11099d8f50f0db2c06f8c88f7b959b5,10.1101/lm.971208|10.1038/nn.2260
2026-09-24T15:22:47+00:00,"ad0750a,d7f55d9,HEAD",c048ab6483d37c33a06668963b725800c898a7f749c3a6086dfe4087c73c29af,765e053cd24611e5,set_aside,search_link_unconfirmed.csv,6fc07ee2bf5f337b9d4fdfe91763279c,3168207117,10.1038/s41598-021-91976-9,1,10.3389/fnsys.2014.00051,Resting state functional connectivity in early blind humans,llm_references,,
2026-09-24T15:22:47+00:00,"ad0750a,d7f55d9,HEAD",c048ab6483d37c33a06668963b725800c898a7f749c3a6086dfe4087c73c29af,765e053cd24611e5,superseded,,6fd403109812f7bc4b1137a182354d85,2286950196,10.3233/blc-150027,11,10.1371/journal.pone.0089164,Prognostic Relevance of Urinary Bladder Cancer Susceptibility Loci,llm_references,02d3f4bcde87789cd5796f4ecd8d7504|700df9d6a448dd408efa1f700f061f55|a77aa75c83bd86d7e8200b8e71d2dc0b|1a2ff8a918d1181faeb1795c17d7a618|5bb837bf60f165f7397b6751c82335ee,10.1158/1940-6207.capr-10-0035|10.1007/s12032-009-9187-y|10.1002/ijc.28186|10.1093/carcin/bgp077|10.1080/00365590600991946
2026-09-24T15:22:47+00:00,"ad0750a,d7f55d9,HEAD",c048ab6483d37c33a06668963b725800c898a7f749c3a6086dfe4087c73c29af,765e053cd24611e5,set_aside,target_pending.csv,6fe396a66e8ba3b37ac53ab74922a7ea,2591584307,10.18632/oncotarget.15871,1,10.1073/pnas.1407909111,Exome sequencing identifies FANCM as a susceptibility gene for triple-negative breast cancer,llm_references,,
2026-09-24T15:22:47+00:00,"ad0750a,d7f55d9,HEAD",c048ab6483d37c33a06668963b725800c898a7f749c3a6086dfe4087c73c29af,765e053cd24611e5,set_aside,target_pending.csv,6ff42ad40055ca1ea3784f51e5cbb74b,1973294949,10.1159/000049331,1,10.1002/1099-0879(200010)7:4<256::aid-cpp256>3.0.co;2-1,Stability of memories of parental rearing among psychiatric inpatients,llm_references,,
2026-09-24T15:22:47+00:00,"ad0750a,d7f55d9,HEAD",c048ab6483d37c33a06668963b725800c898a7f749c3a6086dfe4087c73c29af,765e053cd24611e5,set_aside,target_pending.csv,7247d256ff68c3a57598052071a422de,2087164666,10.1002/eat.10025,1,10.1001/archpsyc.55.10.927,Alterations in Serotonin Activity and Psychiatric Symptoms After Recovery From Bulimia Nervosa,llm_references,,
2026-09-24T15:22:47+00:00,"ad0750a,d7f55d9,HEAD",c048ab6483d37c33a06668963b725800c898a7f749c3a6086dfe4087c73c29af,765e053cd24611e5,set_aside,search_link_unconfirmed.csv,724a1f222f4ef204e1e7c1acfd1ee083,4403413471,10.1145/3674805.3686681,1,10.1145/3544902.3546247,What Soft Skills Does the Software Industry *Really* Want? An Exploratory Study of Software Positions in New Zealand,llm_references,,
2026-09-24T15:22:47+00:00,"ad0750a,d7f55d9,HEAD",c048ab6483d37c33a06668963b725800c898a7f749c3a6086dfe4087c73c29af,765e053cd24611e5,set_aside,prospective_registration.csv,7276c6bc07560f71e856c28aaf935784,7111866324,,1,10.1177/0956797617691361,Quantifying the sexual afterglow: The lingering benefits of sex and their implications for pair-bonded relationships,llm_title_search,,
2026-09-24T15:22:47+00:00,"ad0750a,d7f55d9,HEAD",c048ab6483d37c33a06668963b725800c898a7f749c3a6086dfe4087c73c29af,765e053cd24611e5,set_aside,prospective_registration.csv,73c819492a80388ca5989cd173195381,2779035314,10.17605/osf.io/3f9kr,1,10.1111/j.1467-9280.2008.02045.x,The Value of Believing in Free Will,llm_author_year_search,,
2026-09-24T15:22:47+00:00,"ad0750a,d7f55d9,HEAD",c048ab6483d37c33a06668963b725800c898a7f749c3a6086dfe4087c73c29af,765e053cd24611e5,set_aside,target_pending.csv,73ef61bd1afce288466d48fbeba1396c,2129738552,10.1080/02791072.1981.10471582,1,10.1001/archpsyc.1974.01760110097012,Drug Involvement in Criminal Assaults by Adolescents,llm_references,,
2026-09-24T15:22:47+00:00,"ad0750a,d7f55d9,HEAD",c048ab6483d37c33a06668963b725800c898a7f749c3a6086dfe4087c73c29af,765e053cd24611e5,set_aside,no_evidence.csv,746e39148c4426f65e65e1a8e98d322e,7160464708,,1,10.1111/j.1467-9280.2008.02227.x,With a Clean Conscience,llm_author_year_search,,
2026-09-24T15:22:47+00:00,"ad0750a,d7f55d9,HEAD",c048ab6483d37c33a06668963b725800c898a7f749c3a6086dfe4087c73c29af,765e053cd24611e5,set_aside,prospective_registration.csv,7478d3110d03be53288bd203a4250943,3210605046,10.17605/osf.io/7yfkc,1,10.1037/0022-3514.77.2.221,"Lake Wobegon be gone! The ""below-average effect"" and the egocentric nature of comparative ability judgments.",llm_title_search,,
2026-09-24T15:22:47+00:00,"ad0750a,d7f55d9,HEAD",c048ab6483d37c33a06668963b725800c898a7f749c3a6086dfe4087c73c29af,765e053cd24611e5,set_aside,api_error.csv,74cb011b504516ba0af802a1d0e5924c,2117361663,10.1177/10634266050130030401,1,10.1177/106342669800600201,First Step to Success,single_candidate_after_requery,,
2026-09-24T15:22:47+00:00,"ad0750a,d7f55d9,HEAD",c048ab6483d37c33a06668963b725800c898a7f749c3a6086dfe4087c73c29af,765e053cd24611e5,set_aside,target_pending.csv,7502d5527900e95e335e16107ab99ade,7132821586,10.1016/j.cogdev.2026.101690,1,10.31219/osf.io/2zm3v_v1,Modality matters: differences in abstract and social memory skills in children from high-stress and low-stress environments,llm_references,,
2026-09-24T15:22:47+00:00,"ad0750a,d7f55d9,HEAD",c048ab6483d37c33a06668963b725800c898a7f749c3a6086dfe4087c73c29af,765e053cd24611e5,set_aside,no_evidence.csv,75228169bdea24f63ee18477791bedff,7163832445,,1,10.1037/a0027411,Holistic person processing: Faces with bodies tell the whole story.,llm_author_year_search,,
2026-09-24T15:22:47+00:00,"ad0750a,d7f55d9,HEAD",c048ab6483d37c33a06668963b725800c898a7f749c3a6086dfe4087c73c29af,765e053cd24611e5,set_aside,no_evidence.csv,7707f886d7e9670487d3bc11b1d95b33,6996226187,,1,10.1037//0022-3514.81.5.800,On the malleability of automatic attitudes: Combating automatic prejudice with images of admired and disliked individuals.,llm_author_year_search,,
2026-09-24T15:22:47+00:00,"ad0750a,d7f55d9,HEAD",c048ab6483d37c33a06668963b725800c898a7f749c3a6086dfe4087c73c29af,765e053cd24611e5,set_aside,target_pending.csv,77c38c2f18d0fd565a4179d7fad6a859,632651302,,1,10.1016/0005-7967(75)90037-6,Practice dating as treatment for college dating inhibitions,llm_references,,
2026-09-24T15:22:47+00:00,"ad0750a,d7f55d9,HEAD",c048ab6483d37c33a06668963b725800c898a7f749c3a6086dfe4087c73c29af,765e053cd24611e5,set_aside,no_evidence.csv,77e8604247f1e76142d54194c9772ff3,7056293660,,1,10.1086/678300,Emotions Shape Decisions through Construal Level: The Case of Guilt and Shame,llm_author_year_search,,
2026-09-24T15:22:47+00:00,"ad0750a,d7f55d9,HEAD",c048ab6483d37c33a06668963b725800c898a7f749c3a6086dfe4087c73c29af,765e053cd24611e5,superseded,,78188a4d1c29779fa5b56f7aaf8c3b4b,7023991915,,1,10.1167/jov.22.14.4403,Distinct eccentricity effects on positive and negative facial-emotional valence perception,llm_author_year_search,388c234c153142e7936676ab875bdbc0,10.1038/s41598-022-24919-7
2026-09-24T15:22:47+00:00,"ad0750a,d7f55d9,HEAD",c048ab6483d37c33a06668963b725800c898a7f749c3a6086dfe4087c73c29af,765e053cd24611e5,set_aside,target_pending.csv,785d8f6a790fb0d35e99bc2ba3e9b671,4404387819,10.1016/j.meegid.2024.105690,1,10.1038/ng.639,Genome-wide association analyses identifies a susceptibility locus for tuberculosis on chromosome 18q11.2,llm_references,,
2026-09-24T15:22:47+00:00,"ad0750a,d7f55d9,HEAD",c048ab6483d37c33a06668963b725800c898a7f749c3a6086dfe4087c73c29af,765e053cd24611e5,set_aside,prospective_registration.csv,788c2bfcffe94ddf1cf0cf9219d11e6b,6944356638,10.17605/osf.io/hw4av,1,10.1037/0022-3514.90.4.543,What do i think you're doing? Action identification and mind attribution.,llm_title_search,,
2026-09-24T15:22:47+00:00,"ad0750a,d7f55d9,HEAD",c048ab6483d37c33a06668963b725800c898a7f749c3a6086dfe4087c73c29af,765e053cd24611e5,set_aside,prospective_registration.csv,7899f695fd70d461b88258ca32a7914b,6925347425,10.17605/osf.io/vh86a,2,10.1037/per0000075,Personality × hormone interactions in adolescent externalizing psychopathology.,llm_title_search,,
2026-09-24T15:22:47+00:00,"ad0750a,d7f55d9,HEAD",c048ab6483d37c33a06668963b725800c898a7f749c3a6086dfe4087c73c29af,765e053cd24611e5,set_aside,no_original_found.csv,79dc50af9e9ca3b9d9863212c0f6eb27,6980731587,,1,10.1371/journal.pone.0089177,The Eﬀects of Anti-Vaccine Conspiracy Theories on Vaccination Intentions,llm_title_search,,
2026-09-24T15:22:47+00:00,"ad0750a,d7f55d9,HEAD",c048ab6483d37c33a06668963b725800c898a7f749c3a6086dfe4087c73c29af,765e053cd24611e5,set_aside,prospective_registration.csv,79f2cc81af716ec42f9c37efc564aa83,3208442933,10.17605/osf.io/gs2rx,1,10.1037/0022-3514.90.2.197,Temporal differences in trait self-ascription: When the self is seen as an other.,llm_author_year_search,,
2026-09-24T15:22:47+00:00,"ad0750a,d7f55d9,HEAD",c048ab6483d37c33a06668963b725800c898a7f749c3a6086dfe4087c73c29af,765e053cd24611e5,superseded,,7a15b7a777589e9355bd9e5b7c74d1f1,1507990444,10.3233/jad-130380,10,10.1002/pmic.200300495,Mining biomarkers in human sera using proteomic tools,llm_title_search,135780878b6011e0a027fdb028b417d6|03af9600254c0198a1a6f926576c2f6b|4bb69eeb4630c98cc55540d498359641|34e46bbacafda81e4da16d344505301a,10.1001/archneurol.2012.1070|10.1001/archneurol.2012.1282|10.1001/archgenpsychiatry.2010.78|10.1371/journal.pone.0028527
2026-09-24T15:22:47+00:00,"ad0750a,d7f55d9,HEAD",c048ab6483d37c33a06668963b725800c898a7f749c3a6086dfe4087c73c29af,765e053cd24611e5,set_aside,prospective_registration.csv,7a41f52ae8b7edd7d3bae04afb02a249,7034289823,,1,10.1007/bf00381927,An experimental examination of the effects of individual and situational factors on unethical behavioral intentions in the workplace,llm_title_search,,
2026-09-24T15:22:47+00:00,"ad0750a,d7f55d9,HEAD",c048ab6483d37c33a06668963b725800c898a7f749c3a6086dfe4087c73c29af,765e053cd24611e5,set_aside,prospective_registration.csv,7ae2593abcd76d0f5822af6a86d87a45,6962891333,10.17605/osf.io/mr2h6,1,10.1177/0956797616634068,On the Necessity of Distinguishing Between Unintentional and Intentional Mind Wandering,llm_title_search,,
2026-09-24T15:22:47+00:00,"ad0750a,d7f55d9,HEAD",c048ab6483d37c33a06668963b725800c898a7f749c3a6086dfe4087c73c29af,765e053cd24611e5,set_aside,prospective_registration.csv,7af6e56f225d194bbf3ccf0037edbcd7,7111650895,,1,10.1016/j.paid.2022.111990,"The Napoleon complex, revisited: Those high on the Dark Triad traits are dissatisfied with their height and are short",llm_title_search,,
2026-09-24T15:22:47+00:00,"ad0750a,d7f55d9,HEAD",c048ab6483d37c33a06668963b725800c898a7f749c3a6086dfe4087c73c29af,765e053cd24611e5,set_aside,prospective_registration.csv,7b7e32d86f85b7d74ebf23698840ab86,6962720998,10.17605/osf.io/726jc,3,10.1016/0162-3095(93)90009-7,Pathogen prevalence and human mate preferences,llm_author_year_search,,
2026-09-24T15:22:47+00:00,"ad0750a,d7f55d9,HEAD",c048ab6483d37c33a06668963b725800c898a7f749c3a6086dfe4087c73c29af,765e053cd24611e5,set_aside,target_pending.csv,7bd091b1ed573cf348f1f337bce7a349,2145264134,10.1002/1098-2337(1992)18:1<21::aid-ab2480180103>3.0.co;2-s,1,10.1111/j.1467-6494.1967.tb01430.x,Aggressive behavior and physiological arousal as a function of provocation and the tendency to inhibit aggression1,llm_references,,
2026-09-24T15:22:47+00:00,"ad0750a,d7f55d9,HEAD",c048ab6483d37c33a06668963b725800c898a7f749c3a6086dfe4087c73c29af,765e053cd24611e5,set_aside,prospective_registration.csv,7bee60e54328a2044aa09aa530c74f4f,7036805551,,1,10.1152/japplphysiol.91324.2008,Mental fatigue impairs physical performance in humans,llm_title_search,,
2026-09-24T15:22:47+00:00,"ad0750a,d7f55d9,HEAD",c048ab6483d37c33a06668963b725800c898a7f749c3a6086dfe4087c73c29af,765e053cd24611e5,set_aside,prospective_registration.csv,7c1acc90488e41575ec32001f2cf8cc4,6962720998,10.17605/osf.io/726jc,6,10.1177/0956797612441004,Stepping Out of the Caveman’s Shadow,llm_author_year_search,,
2026-09-24T15:22:47+00:00,"ad0750a,d7f55d9,HEAD",c048ab6483d37c33a06668963b725800c898a7f749c3a6086dfe4087c73c29af,765e053cd24611e5,set_aside,prospective_registration.csv,7c24da10059a766dd961de4348dec71e,6996174755,,1,10.2139/ssrn.1996631,Measuring the prevalence of questionable research practices with incentives for truth telling,llm_title_search,,
2026-09-24T15:22:47+00:00,"ad0750a,d7f55d9,HEAD",c048ab6483d37c33a06668963b725800c898a7f749c3a6086dfe4087c73c29af,765e053cd24611e5,set_aside,search_link_unconfirmed.csv|unidentified_original.csv,7c432ebf2e86ef0ce62838808c9c69d1,4409361717,10.1609/aaai.v39i25.34818,14,10.48550/arxiv.1405.4053,Distributed representations of sentences and documents,llm_title_search,,
2026-09-24T15:22:47+00:00,"ad0750a,d7f55d9,HEAD",c048ab6483d37c33a06668963b725800c898a7f749c3a6086dfe4087c73c29af,765e053cd24611e5,set_aside,target_pending.csv,7c456e89f9a9a8ce87c8010a4840d56d,1976377795,10.1080/00223891.2013.765883,1,10.1080/00223890802634340,Circumplex Structure of the Impact Message Inventory (IMI–C): An Empirical Test With the Dutch Version,llm_references,,
2026-09-24T15:22:47+00:00,"ad0750a,d7f55d9,HEAD",c048ab6483d37c33a06668963b725800c898a7f749c3a6086dfe4087c73c29af,765e053cd24611e5,set_aside,target_pending.csv,7e53cf917d5e2b89e737ef7386c41016,2093345556,10.2307/2112261,1,10.2307/2092399,The American Occupational Structure.,llm_references,,
2026-09-24T15:22:47+00:00,"ad0750a,d7f55d9,HEAD",c048ab6483d37c33a06668963b725800c898a7f749c3a6086dfe4087c73c29af,765e053cd24611e5,set_aside,prospective_registration.csv,7e9383c4b8af98b1a82ff6a5cc23dfdf,6925280281,10.17605/osf.io/9h827,1,10.1167/17.11.1,Different effects of aging and gender on the temporal resolution in attentional tracking,llm_author_year_search,,
2026-09-24T15:22:47+00:00,"ad0750a,d7f55d9,HEAD",c048ab6483d37c33a06668963b725800c898a7f749c3a6086dfe4087c73c29af,765e053cd24611e5,set_aside,target_pending.csv,7ef61314b188e4e292d1dfe3ddfba145,2011035406,10.2466/pr0.1967.20.3c.1023,1,10.1126/science.139.3559.1048,Conditioning of a Free Operant Response in Planaria,llm_references,,
2026-09-24T15:22:47+00:00,"ad0750a,d7f55d9,HEAD",c048ab6483d37c33a06668963b725800c898a7f749c3a6086dfe4087c73c29af,765e053cd24611e5,set_aside,prospective_registration.csv,7f2f99c15b91216b6a18c5bea9f6672e,2780062826,10.17605/osf.io/j3fyq,2,10.1037/a0019689,"Red, rank, and romance in women viewing men.",llm_author_year_search,,
2026-09-24T15:22:47+00:00,"ad0750a,d7f55d9,HEAD",c048ab6483d37c33a06668963b725800c898a7f749c3a6086dfe4087c73c29af,765e053cd24611e5,set_aside,target_pending.csv,819a5160fda6962a1ce3a1fffba70426,2903945671,10.23668/psycharchives.2344,1,10.1037/a0037924,Control perceptions moderate attitudinal and normative effects on intention to quit smoking,llm_title_search,,
2026-09-24T15:22:47+00:00,"ad0750a,d7f55d9,HEAD",c048ab6483d37c33a06668963b725800c898a7f749c3a6086dfe4087c73c29af,765e053cd24611e5,set_aside,prospective_registration.csv,81a9505fe39bded972b99be668521a7c,6962615437,10.17605/osf.io/srm2v,1,10.1016/j.jesp.2018.02.011,The Judgment Bias Task: A flexible method for assessing individual differences in social judgment biases,llm_title_search,,
2026-09-24T15:22:47+00:00,"ad0750a,d7f55d9,HEAD",c048ab6483d37c33a06668963b725800c898a7f749c3a6086dfe4087c73c29af,765e053cd24611e5,set_aside,prospective_registration.csv,81e3c26993acef6983369341eecbd753,7112045754,,1,10.1080/00207590344000178,A two‐process model of strategic monitoring in event‐based prospective memory: Activation/retrieval mode and checking,llm_title_search,,
2026-09-24T15:22:47+00:00,"ad0750a,d7f55d9,HEAD",c048ab6483d37c33a06668963b725800c898a7f749c3a6086dfe4087c73c29af,765e053cd24611e5,set_aside,prospective_registration.csv,827c03ff7784df78b9c66f7cfdcbe2f5,6925447697,10.17605/osf.io/xc5kq,1,10.1177/1948550617691098,Religious People Endorse Different Standards of Evidence When Evaluating Religious Versus Scientific Claims,llm_author_year_search,,
2026-09-24T15:22:47+00:00,"ad0750a,d7f55d9,HEAD",c048ab6483d37c33a06668963b725800c898a7f749c3a6086dfe4087c73c29af,765e053cd24611e5,superseded,,82970dcd8104ff2c5c16ac001308f8c5,6998836366,,1,10.1016/j.jrp.2022.104312,Schizotypal ambivalence is associated with schizophrenia-spectrum and borderline personality traits in young adults: Converging results from three interview studies,llm_author_year_search,9659e2000dc25397cecd6eff08711148,10.1037/per0000488
2026-09-24T15:22:47+00:00,"ad0750a,d7f55d9,HEAD",c048ab6483d37c33a06668963b725800c898a7f749c3a6086dfe4087c73c29af,765e053cd24611e5,set_aside,prospective_registration.csv,845084370a969215fbb4a462f977ccef,2780104414,10.17605/osf.io/4kr6e,1,10.1111/j.1467-9280.2008.02066.x,More Than Meets the Eye,llm_author_year_search,,
2026-09-24T15:22:47+00:00,"ad0750a,d7f55d9,HEAD",c048ab6483d37c33a06668963b725800c898a7f749c3a6086dfe4087c73c29af,765e053cd24611e5,set_aside,target_pending.csv,8539adca39d866bdca234e84c825f172,4407891383,10.7717/peerj.18682,1,10.1371/journal.pone.0004964,Psychological Typhoon Eye in the 2008 Wenchuan Earthquake,llm_references,,
2026-09-24T15:22:47+00:00,"ad0750a,d7f55d9,HEAD",c048ab6483d37c33a06668963b725800c898a7f749c3a6086dfe4087c73c29af,765e053cd24611e5,set_aside,search_link_unconfirmed.csv,85937a2c318c37eb5b220f7e71e229a0,4399631976,10.1145/3643916.3644436,1,10.1007/s10664-015-9378-4,Comparing and experimenting machine learning techniques for code smell detection,llm_title_search,,
2026-09-24T15:22:47+00:00,"ad0750a,d7f55d9,HEAD",c048ab6483d37c33a06668963b725800c898a7f749c3a6086dfe4087c73c29af,765e053cd24611e5,set_aside,target_pending.csv,8622dcfe3324790dcb64b9ae6e1f2522,2072276782,10.1001/archpsyc.1996.01830080033007,1,10.1007/978-1-4615-7715-7_4,Psychopathology in Adopted-out Children of Alcoholics The Stockholm Adoption Study,llm_references,,
2026-09-24T15:22:47+00:00,"ad0750a,d7f55d9,HEAD",c048ab6483d37c33a06668963b725800c898a7f749c3a6086dfe4087c73c29af,765e053cd24611e5,set_aside,search_link_unconfirmed.csv,862a614df5c38ed43578f11880edd41a,2923670081,10.1111/cogs.12721,1,10.7208/chicago/9780226514642.001.0001,Gesture and Thought,llm_references,,
2026-09-24T15:22:47+00:00,"ad0750a,d7f55d9,HEAD",c048ab6483d37c33a06668963b725800c898a7f749c3a6086dfe4087c73c29af,765e053cd24611e5,set_aside,prospective_registration.csv,86300f33dc8af008b8d973980e70c809,6925263306,10.17605/osf.io/rsqbe,1,10.1142/9789813232747_0025,Do More Expensive Wines Taste Better? Evidence from a Large Sample of Blind Tastings,llm_title_search,,
2026-09-24T15:22:47+00:00,"ad0750a,d7f55d9,HEAD",c048ab6483d37c33a06668963b725800c898a7f749c3a6086dfe4087c73c29af,765e053cd24611e5,set_aside,target_pending.csv,866b0c96c9cef34d69f9f12864022f27,2101692886,10.3233/jad-2012-112123,1,10.1212/wnl.0b013e3181b6bbe3,Effect of a <i>CYP2D6</i> polymorphism on the efficacy of donepezil in patients with Alzheimer disease,llm_references,,
2026-09-24T15:22:47+00:00,"ad0750a,d7f55d9,HEAD",c048ab6483d37c33a06668963b725800c898a7f749c3a6086dfe4087c73c29af,765e053cd24611e5,set_aside,prospective_registration.csv,86ca31ddc256f4f6f87f995c4b6444fa,6944308346,10.17605/osf.io/sz5ub,1,10.1017/s1754470x24000205,"Extreme weather, climate change, climate action and uncertainty distress: An exploratory study using network analysis",llm_title_search,,
2026-09-24T15:22:47+00:00,"ad0750a,d7f55d9,HEAD",c048ab6483d37c33a06668963b725800c898a7f749c3a6086dfe4087c73c29af,765e053cd24611e5,superseded,,876c9e35e2fbf8e30b47cf2e0ae85075,2104755979,10.1093/brain/awh524,10,10.1046/j.1528-1157.2003.11003.x,Association Analysis of a Polymorphism of Interleukin 1β (IL‐1β) Gene with Temporal Lobe Epilepsy in a Chinese Population,llm_references,1b93b148465ac330094595783b52b063|b797999727934333da16ad93f87f8cee|b0e02f91a18d75645ad6fcef66f5e386|bf951a9cdcb1c4dccc5c1eb6e5769df1|dea0f4949f4791ac28e524a704490258|a04e17772629bb0cd2d1362af4d746e1|ba753b7c8bbecea00b4cfa76bb2d3718|d8d6336914ea1fbbf367329698345a64|d7723f4010eebb6553bb52f100257855,10.1002/1531-8249(200005)47:5<571::aid-ana3>3.0.co;2-a|10.1016/s0887-8994(01)00380-0|10.1046/j.1528-1157.2003.43302.x|10.1002/ana.1108|10.1002/ana.10108|10.1212/01.wnl.0000046520.79877.d8|10.1212/01.wnl.0000096940.92986.02|10.1046/j.1528-1157.2003.t01-1-44702.x|10.1203/01.pdr.0000069696.96041.34
2026-09-24T15:22:47+00:00,"ad0750a,d7f55d9,HEAD",c048ab6483d37c33a06668963b725800c898a7f749c3a6086dfe4087c73c29af,765e053cd24611e5,set_aside,prospective_registration.csv,87c2ff4714011180551b518c4864defe,7071055904,,1,10.1523/jneurosci.0411-11.2011,Tagging the neuronal entrainment to beat and meter,llm_title_search,,
2026-09-24T15:22:47+00:00,"ad0750a,d7f55d9,HEAD",c048ab6483d37c33a06668963b725800c898a7f749c3a6086dfe4087c73c29af,765e053cd24611e5,superseded,,87f2f0a2f92f8e9a1c1d8116c8793398,2080211902,10.1371/journal.pone.0057410,2,10.1037/a0022639,Working memory capacity and categorization: Individual differences and modeling,llm_title_search,0e8f745fc7f559bf99e4e6e43e53272b|a6942822b0beba865f295cdaa7482333|e2e8822124a9a646ff7e4ff2fd53c91a|116e7b3677a596df765b7419ea58f0ff|eead00ec3e84a90f5fb60a650ab29a27,10.1037/h0054651|10.3758/bf03203267|10.1037/h0028843|10.3758/bf03196307|10.1037/h0093825
2026-09-24T15:22:47+00:00,"ad0750a,d7f55d9,HEAD",c048ab6483d37c33a06668963b725800c898a7f749c3a6086dfe4087c73c29af,765e053cd24611e5,set_aside,search_link_unconfirmed.csv,8804f198e32dde47f66d73c30495dd2d,3010094252,,1,10.1177/0956797612452574,Objects Don’t Object,llm_author_year_search,,
2026-09-24T15:22:47+00:00,"ad0750a,d7f55d9,HEAD",c048ab6483d37c33a06668963b725800c898a7f749c3a6086dfe4087c73c29af,765e053cd24611e5,superseded,,88b0f3ff718cb69b933d41357e913dc3,4401019660,10.1089/cyber.2024.0136,1,10.1073/pnas.1222447110,Marital satisfaction and break-ups differ across on-line and off-line meeting venues,llm_references,c9142a241fcf7b4b19b2ed5637db1328,10.1016/j.chb.2023.107973
2026-09-24T15:22:47+00:00,"ad0750a,d7f55d9,HEAD",c048ab6483d37c33a06668963b725800c898a7f749c3a6086dfe4087c73c29af,765e053cd24611e5,superseded,,8906c103f0dbcbc619a6679a7b87e3a5,2166474758,10.1038/sj.bjc.6605977,4,10.1038/ng.262,Meta-analysis of genome-wide association data identifies four new susceptibility loci for colorectal cancer,llm_title_search,fa0b9aa2fdb71b309812bea985005a82|114c539cb5b4c8197eb1fdd7d0d120dc|3350609d2d85371df953fb6bae4b68b0|904a87482bb75f959672e9684825e6d7|3fd8aa83ec8e60839eb602a32b83ffe2,10.1038/ng.2007.18|10.1038/ng2085|10.1038/ng.111|10.1038/ng.2007.41|10.1038/ng.133
2026-09-24T15:22:47+00:00,"ad0750a,d7f55d9,HEAD",c048ab6483d37c33a06668963b725800c898a7f749c3a6086dfe4087c73c29af,765e053cd24611e5,set_aside,prospective_registration.csv,8933d7f1d21dfe433fe03bd16e70c556,6944169014,10.17605/osf.io/tez7m,1,10.1177/0146167202286008,The Bias Blind Spot: Perceptions of Bias in Self Versus Others,llm_author_year_search,,
2026-09-24T15:22:47+00:00,"ad0750a,d7f55d9,HEAD",c048ab6483d37c33a06668963b725800c898a7f749c3a6086dfe4087c73c29af,765e053cd24611e5,set_aside,target_pending.csv,8972c60f76ec279386b9253d6cb89a92,6912565691,10.5281/zenodo.4815776,1,10.1371/journal.pone.0085880,Temporal Reliability and Lateralization of the Resting-State Language Network,llm_title_search,,
2026-09-24T15:22:47+00:00,"ad0750a,d7f55d9,HEAD",c048ab6483d37c33a06668963b725800c898a7f749c3a6086dfe4087c73c29af,765e053cd24611e5,set_aside,prospective_registration.csv,8a446335d9b4f852f4baf47b073f61ff,6962688917,10.17605/osf.io/9kxye,1,10.1086/670020,"Selling the Forest, Buying the Trees: The Effect of Construal Level on Seller-Buyer Price Discrepancy",llm_title_search,,
2026-09-24T15:22:47+00:00,"ad0750a,d7f55d9,HEAD",c048ab6483d37c33a06668963b725800c898a7f749c3a6086dfe4087c73c29af,765e053cd24611e5,set_aside,search_link_unconfirmed.csv|unidentified_original.csv,8a6e02f00b5bc5689794b867d3fe3906,4409361717,10.1609/aaai.v39i25.34818,12,10.3390/s16010115,Deep convolutional and lstm recurrent neural networks for multimodal wearable activity recognition,llm_title_search,,
2026-09-24T15:22:47+00:00,"ad0750a,d7f55d9,HEAD",c048ab6483d37c33a06668963b725800c898a7f749c3a6086dfe4087c73c29af,765e053cd24611e5,set_aside,prospective_registration.csv,8aea169d0dbe0938d3ade62f69f81674,6962963371,10.17605/osf.io/njbue,1,10.1023/a:1007876907268,The Affection Effect in Insurance Decisions,llm_author_year_search,,
2026-09-24T15:22:47+00:00,"ad0750a,d7f55d9,HEAD",c048ab6483d37c33a06668963b725800c898a7f749c3a6086dfe4087c73c29af,765e053cd24611e5,set_aside,no_evidence.csv,8b8632072b43b29f0271add6574951c1,7053755058,,1,10.1017/mor.2020.3,Exploring Firm-Level Antecedents that Drive Motives of Internationalization: A Study of Knowledge Intensive Indian Firms,llm_author_year_search,,
2026-09-24T15:22:47+00:00,"ad0750a,d7f55d9,HEAD",c048ab6483d37c33a06668963b725800c898a7f749c3a6086dfe4087c73c29af,765e053cd24611e5,superseded,,8bbbc871dc5e2a172997adf2c0b9d24a,4293769666,10.1101/2022.08.29.505635,1,10.1038/s41380-020-0754-0,Brain aging in major depressive disorder: results from the ENIGMA major depressive disorder working group,llm_references,1160834b3bbf9f3aac6fe9f72ddb9725,10.1101/560623
2026-09-24T15:22:47+00:00,"ad0750a,d7f55d9,HEAD",c048ab6483d37c33a06668963b725800c898a7f749c3a6086dfe4087c73c29af,765e053cd24611e5,superseded,,8bdc584d38626417362e14d0564b89f3,2104755979,10.1093/brain/awh524,1,10.1212/01.wnl.0000141021.42763.f6,Association of an ABCB1 gene haplotype with pharmacoresistance in temporal lobe epilepsy,llm_references,1b93b148465ac330094595783b52b063|b797999727934333da16ad93f87f8cee|b0e02f91a18d75645ad6fcef66f5e386|bf951a9cdcb1c4dccc5c1eb6e5769df1|dea0f4949f4791ac28e524a704490258|a04e17772629bb0cd2d1362af4d746e1|ba753b7c8bbecea00b4cfa76bb2d3718|d8d6336914ea1fbbf367329698345a64|d7723f4010eebb6553bb52f100257855,10.1002/1531-8249(200005)47:5<571::aid-ana3>3.0.co;2-a|10.1016/s0887-8994(01)00380-0|10.1046/j.1528-1157.2003.43302.x|10.1002/ana.1108|10.1002/ana.10108|10.1212/01.wnl.0000046520.79877.d8|10.1212/01.wnl.0000096940.92986.02|10.1046/j.1528-1157.2003.t01-1-44702.x|10.1203/01.pdr.0000069696.96041.34
2026-09-24T15:22:47+00:00,"ad0750a,d7f55d9,HEAD",c048ab6483d37c33a06668963b725800c898a7f749c3a6086dfe4087c73c29af,765e053cd24611e5,set_aside,search_link_unconfirmed.csv,8c41b9f9fa9c54ed2f7ec113ccc69460,4234792801,10.1126/science.150.3704.1749.b,1,10.1126/science.149.3684.656,Transfer of a Response to Naive Rats by Injection of Ribonucleic Acid Extracted from Trained Rats,llm_references,,
2026-09-24T15:22:47+00:00,"ad0750a,d7f55d9,HEAD",c048ab6483d37c33a06668963b725800c898a7f749c3a6086dfe4087c73c29af,765e053cd24611e5,set_aside,target_pending.csv,8caa14ee3a31082743845e69282f4d28,2799762029,10.1042/bsr20171688,1,10.1016/j.jhep.2013.07.021,Common genetic variants regulating ADD3 gene expression alter biliary atresia risk,llm_references,,
2026-09-24T15:22:47+00:00,"ad0750a,d7f55d9,HEAD",c048ab6483d37c33a06668963b725800c898a7f749c3a6086dfe4087c73c29af,765e053cd24611e5,set_aside,prospective_registration.csv,8cd739907b5237c24dc761eb7de0a82b,7010793513,,1,10.1037/0022-3514.90.4.543,What do i think you're doing? Action identification and mind attribution.,llm_title_search,,
2026-09-24T15:22:47+00:00,"ad0750a,d7f55d9,HEAD",c048ab6483d37c33a06668963b725800c898a7f749c3a6086dfe4087c73c29af,765e053cd24611e5,superseded,,8cfb5600158808b3f94c188db2813fb1,2952989629,10.5334/joc.64,1,10.1037/0278-7393.33.6.1050,Disruption of short-term memory by changing and deviant sounds: Support for a duplex-mechanism account of auditory distraction.,llm_references,45415ba13821985ad06262fa109cd9bb|990b870e2014031aa81ea56bdf74752d,10.1080/14640749208401304|10.1037/0278-7393.31.4.736
2026-09-24T15:22:47+00:00,"ad0750a,d7f55d9,HEAD",c048ab6483d37c33a06668963b725800c898a7f749c3a6086dfe4087c73c29af,765e053cd24611e5,set_aside,target_pending.csv,8d65683e60b1f2637b6f656d60f127fb,1978493004,10.1002/ajmg.10645,1,10.1002/ana.69,Genome scan of idiopathic generalized epilepsy: Evidence for major susceptibility gene and modifying genes influencing the seizure type,llm_references,,
2026-09-24T15:22:47+00:00,"ad0750a,d7f55d9,HEAD",c048ab6483d37c33a06668963b725800c898a7f749c3a6086dfe4087c73c29af,765e053cd24611e5,set_aside,prospective_registration.csv,8d6f3e11ed9eb39135bac0bc005e98c2,7061197222,,1,10.1177/0261927x01020004004,Name Your Favorite Musician,llm_title_search,,
2026-09-24T15:22:47+00:00,"ad0750a,d7f55d9,HEAD",c048ab6483d37c33a06668963b725800c898a7f749c3a6086dfe4087c73c29af,765e053cd24611e5,superseded,,8d754911e457abd7ef04970738e64e40,6887677297,10.17605/osf.io/eqy76,5,10.1007/s00127-006-0060-4,Childhood victimisation and developmental expression of non-clinical delusional ideation and hallucinatory experiences,llm_author_year_search,facb669d83ae40d9579b988fd28ac7ed,10.1080/13546805.2010.530472
2026-09-24T15:22:47+00:00,"ad0750a,d7f55d9,HEAD",c048ab6483d37c33a06668963b725800c898a7f749c3a6086dfe4087c73c29af,765e053cd24611e5,set_aside,prospective_registration.csv,8dc5d101bb8a4ca6d3c411724804cce2,6962928548,10.17605/osf.io/qdn2m,1,10.1023/a:1019923923537,The preference for indirect harm,llm_title_search,,
2026-09-24T15:22:47+00:00,"ad0750a,d7f55d9,HEAD",c048ab6483d37c33a06668963b725800c898a7f749c3a6086dfe4087c73c29af,765e053cd24611e5,set_aside,target_pending.csv,8df6703ddab77d355c8cca9b254bb577,6906657401,10.17605/osf.io/e47jh,1,10.1002/bdm.447,The lure of choice,llm_title_search,,
2026-09-24T15:22:47+00:00,"ad0750a,d7f55d9,HEAD",c048ab6483d37c33a06668963b725800c898a7f749c3a6086dfe4087c73c29af,765e053cd24611e5,set_aside,prospective_registration.csv,8dfa141713c2e458f947d530dbd49d7f,6887719539,10.17605/osf.io/t4equ,1,10.1016/j.jesp.2015.08.003,When self-perceptions of expertise increase closed-minded cognition: The earned dogmatism effect,llm_author_year_search,,
2026-09-24T15:22:47+00:00,"ad0750a,d7f55d9,HEAD",c048ab6483d37c33a06668963b725800c898a7f749c3a6086dfe4087c73c29af,765e053cd24611e5,superseded,,8e7eb31de0ceae06b5cfe689ee53fb1e,7071382105,,2,10.1101/193201,"Electrophysiological correlates of semantic dissimilarity reflect the comprehension of natural, narrative speech",llm_title_search,662b90e4887d9fda8b0eea2269573449,10.1016/j.cub.2018.01.080
2026-09-24T15:22:47+00:00,"ad0750a,d7f55d9,HEAD",c048ab6483d37c33a06668963b725800c898a7f749c3a6086dfe4087c73c29af,765e053cd24611e5,set_aside,target_pending.csv,8ec18e6729d4ca1763e9390bc450e7bf,4210325795,10.1177/02698811211058933,1,10.1177/0269881117735685,The relationships of classic psychedelic use with criminal behavior in the United States adult population,llm_references,,
2026-09-24T15:22:47+00:00,"ad0750a,d7f55d9,HEAD",c048ab6483d37c33a06668963b725800c898a7f749c3a6086dfe4087c73c29af,765e053cd24611e5,set_aside,prospective_registration.csv,8edc92c536405478d0a9d82341828726,6962535975,10.17605/osf.io/7dqsr,1,10.1002/hbm.25162,Spatiotemporal complexity patterns of resting‐state bioelectrical activity explain fluid intelligence: Sex matters,llm_author_year_search,,
2026-09-24T15:22:47+00:00,"ad0750a,d7f55d9,HEAD",c048ab6483d37c33a06668963b725800c898a7f749c3a6086dfe4087c73c29af,765e053cd24611e5,set_aside,not_a_replication.csv,8f0aeb139604937e41764667f7a02156,6925269232,10.17605/osf.io/rwdn6,1,10.1037/a0037207,Selfish or selfless? On the signal value of emotion in altruistic behavior.,llm_title_search,,
2026-09-24T15:22:47+00:00,"ad0750a,d7f55d9,HEAD",c048ab6483d37c33a06668963b725800c898a7f749c3a6086dfe4087c73c29af,765e053cd24611e5,set_aside,prospective_registration.csv,8f0b4247cf71b4f07dfb8dc18b532a36,4402555086,10.1136/bmjopen-2023-081355,1,10.1093/geroni/igaa023,Dementia as fixed or malleable: development and validation of the dementia mindset scale,llm_title_search,,
2026-09-24T15:22:47+00:00,"ad0750a,d7f55d9,HEAD",c048ab6483d37c33a06668963b725800c898a7f749c3a6086dfe4087c73c29af,765e053cd24611e5,set_aside,prospective_registration.csv,8fd73882f414d5b06ec9e63e17ee8e11,6906532565,10.17605/osf.io/4j5cr,1,10.1017/s0272263197001010,"ACCENT, INTELLIGIBILITY, AND COMPREHENSIBILITY",llm_title_search,,
2026-09-24T15:22:47+00:00,"ad0750a,d7f55d9,HEAD",c048ab6483d37c33a06668963b725800c898a7f749c3a6086dfe4087c73c29af,765e053cd24611e5,set_aside,prospective_registration.csv,8fde8b7e9f676468d875220dcdb71a5f,6887762039,10.17605/osf.io/s26kq,1,10.1016/j.bandc.2020.105670,More mental rotation time does not imply more mental effort: Pupillary diameters do not change with angular distance,llm_title_search,,
2026-09-24T15:22:47+00:00,"ad0750a,d7f55d9,HEAD",c048ab6483d37c33a06668963b725800c898a7f749c3a6086dfe4087c73c29af,765e053cd24611e5,set_aside,search_link_unconfirmed.csv|unidentified_original.csv,908396728af0c265b808d2297c1c8bae,4409361717,10.1609/aaai.v39i25.34818,11,10.1109/tpami.2015.2456899,Classification with noisy labels by importance reweighting,llm_title_search,,
2026-09-24T15:22:47+00:00,"ad0750a,d7f55d9,HEAD",c048ab6483d37c33a06668963b725800c898a7f749c3a6086dfe4087c73c29af,765e053cd24611e5,set_aside,prospective_registration.csv,908c1ca2de1d56b807a8cb28e1df1dc5,7111434629,,1,10.1027/1864-9335/a000249,The Effects of Multiple Stigmas on Discrimination in the German 					Housing Market,llm_title_search,,
2026-09-24T15:22:47+00:00,"ad0750a,d7f55d9,HEAD",c048ab6483d37c33a06668963b725800c898a7f749c3a6086dfe4087c73c29af,765e053cd24611e5,set_aside,prospective_registration.csv,90a2f3c8062941adde5df01fcf32092c,6943595167,10.17605/osf.io/4cpk3,1,10.1037/0022-3514.53.2.298,Pluralistic ignorance: When similarity is interpreted as dissimilarity.,llm_author_year_search,,
2026-09-24T15:22:47+00:00,"ad0750a,d7f55d9,HEAD",c048ab6483d37c33a06668963b725800c898a7f749c3a6086dfe4087c73c29af,765e053cd24611e5,superseded,,90b3157051a33ca6959677e665b02d6d,6924832148,10.17605/osf.io/47ycp,1,10.1177/0956797615573516,You Call It “Self-Exuberance”; I Call It “Bragging”,llm_title_search,67d221a3046d3d1ceba5b872d2343bea,10.2139/ssrn.2502012
2026-09-24T15:22:47+00:00,"ad0750a,d7f55d9,HEAD",c048ab6483d37c33a06668963b725800c898a7f749c3a6086dfe4087c73c29af,765e053cd24611e5,set_aside,unidentified_original.csv,90f2c3624033097d827ff84b6539266b,7162801694,10.5753/cibse.2026.42437,1,10.5753/cibse.2025.35291,Evaluación de la calidad de historias de usuario usando modelos de lenguaje de gran tamaño: un estudio en la industria,llm_references,,
2026-09-24T15:22:47+00:00,"ad0750a,d7f55d9,HEAD",c048ab6483d37c33a06668963b725800c898a7f749c3a6086dfe4087c73c29af,765e053cd24611e5,set_aside,target_pending.csv,91d5e88d3449a4371863aafde41dd685,4394788565,10.31857/s0016675823090060,1,10.1038/s41588-018-0152-6,"Genome-wide association meta-analysis in 269,867 individuals identifies new genetic and functional links to intelligence",llm_references,,
2026-09-24T15:22:47+00:00,"ad0750a,d7f55d9,HEAD",c048ab6483d37c33a06668963b725800c898a7f749c3a6086dfe4087c73c29af,765e053cd24611e5,set_aside,target_pending.csv,9242731ce5814491dd15360f3cee980e,2327425149,10.1007/bf01067033,1,10.1007/bf01040619,Effects of expert psychological advice on human performance in judging the validity of eyewitness testimony.,llm_references,,
2026-09-24T15:22:47+00:00,"ad0750a,d7f55d9,HEAD",c048ab6483d37c33a06668963b725800c898a7f749c3a6086dfe4087c73c29af,765e053cd24611e5,superseded,,9261ecfe3de933001cc6047b37d3fae0,3114714162,10.1371/journal.pone.0244189,3,10.1111/j.1601-183x.2007.00341.x,Individual differences in allocation of funds in the dictator game associated with length of the arginine vasopressin 1a receptor RS3 promoter region and correlation between RS3 length and hippocampal mRNA,llm_references,7757f654b9ac0952f1a1a43ed240e449,10.1037/a0032877
2026-09-24T15:22:47+00:00,"ad0750a,d7f55d9,HEAD",c048ab6483d37c33a06668963b725800c898a7f749c3a6086dfe4087c73c29af,765e053cd24611e5,set_aside,prospective_registration.csv,92b17f7b2a7bdc73a56b18de6548f323,6998788882,,1,10.1111/ajpy.12248,Scholarly productivity and citation impact of Australian academic psychologists,llm_author_year_search,,
2026-09-24T15:22:47+00:00,"ad0750a,d7f55d9,HEAD",c048ab6483d37c33a06668963b725800c898a7f749c3a6086dfe4087c73c29af,765e053cd24611e5,set_aside,prospective_registration.csv,93553975299f8927bdabbd073df665d1,6962838379,10.17605/osf.io/9k4wj,1,10.31234/osf.io/5hs7j,Accuracy of self-reported gambling frequency and outcomes: Comparisons with account data,llm_author_year_search,,
2026-09-24T15:22:47+00:00,"ad0750a,d7f55d9,HEAD",c048ab6483d37c33a06668963b725800c898a7f749c3a6086dfe4087c73c29af,765e053cd24611e5,set_aside,prospective_registration.csv,94b6d2414c0d781b48acfef494286bda,4282828114,10.31234/osf.io/m49y3,1,10.1177/0956797611402513,Are we more moral than we think,llm_title_search,,
2026-09-24T15:22:47+00:00,"ad0750a,d7f55d9,HEAD",c048ab6483d37c33a06668963b725800c898a7f749c3a6086dfe4087c73c29af,765e053cd24611e5,superseded,,955221c925a6125d15e2b3d9209072f8,4366412447,10.1007/s10763-023-10368-9,1,10.1080/02602938.2014.961124,Students’ views of oral performance assessment in mathematics: straddling the ‘assessment of’ and ‘assessment for’ learning divide,llm_references,7e0d9f3a205837c073b475d0e1f70b91,10.1007/s10649-020-09937-4
2026-09-24T15:22:47+00:00,"ad0750a,d7f55d9,HEAD",c048ab6483d37c33a06668963b725800c898a7f749c3a6086dfe4087c73c29af,765e053cd24611e5,set_aside,target_pending.csv,95d6998ac8a381aeb133283b027ffa62,6906456462,10.17605/osf.io/4yafc,1,10.31234/osf.io/rtqnx,A conditional judgment procedure for probing evaluative conditioning effects in the absence of feelings of remembering,llm_author_year_search,,
2026-09-24T15:22:47+00:00,"ad0750a,d7f55d9,HEAD",c048ab6483d37c33a06668963b725800c898a7f749c3a6086dfe4087c73c29af,765e053cd24611e5,set_aside,prospective_registration.csv,9693ce5fdcbe227f7f6a486b0c02edb5,6925235944,10.17605/osf.io/c2xur,1,10.1037/ebs0000028,Germs and the out-group: Chronic and situational disease concerns affect intergroup categorization,llm_title_search,,
2026-09-24T15:22:47+00:00,"ad0750a,d7f55d9,HEAD",c048ab6483d37c33a06668963b725800c898a7f749c3a6086dfe4087c73c29af,765e053cd24611e5,set_aside,prospective_registration.csv,96d43b94ffbcbf7ffed15f3e2d6d875f,7052281027,,1,10.1037/a0037454,Determinants of congruency sequence effects without  learning  and  memory  confounds,llm_title_search,,
2026-09-24T15:22:47+00:00,"ad0750a,d7f55d9,HEAD",c048ab6483d37c33a06668963b725800c898a7f749c3a6086dfe4087c73c29af,765e053cd24611e5,set_aside,target_pending.csv,970d8d14c17ccb7940381f97c0e5990b,2130126045,10.1081/ada-120037389,1,10.1037/0022-006x.63.1.133,"Psychiatric comorbidity, health status, and functional impairment associated with alcohol abuse and dependence in primary care patients: Findings of the PRIME MD-1000 study.",llm_references,,
2026-09-24T15:22:47+00:00,"ad0750a,d7f55d9,HEAD",c048ab6483d37c33a06668963b725800c898a7f749c3a6086dfe4087c73c29af,765e053cd24611e5,superseded,,9776316c7a47563ad191c90996e7b882,2080211902,10.1371/journal.pone.0057410,1,10.3758/bf03200862,"Comparing models of rule-based classification learning: A replication and extension of Shepard, Hovland, and Jenkins (1961)",llm_title_search,0e8f745fc7f559bf99e4e6e43e53272b|a6942822b0beba865f295cdaa7482333|e2e8822124a9a646ff7e4ff2fd53c91a|116e7b3677a596df765b7419ea58f0ff|eead00ec3e84a90f5fb60a650ab29a27,10.1037/h0054651|10.3758/bf03203267|10.1037/h0028843|10.3758/bf03196307|10.1037/h0093825
2026-09-24T15:22:47+00:00,"ad0750a,d7f55d9,HEAD",c048ab6483d37c33a06668963b725800c898a7f749c3a6086dfe4087c73c29af,765e053cd24611e5,set_aside,prospective_registration.csv,97cd748896d15d99728d711954330311,7126568007,,1,10.5334/joc.77,Task difficulty modulates the disrupting effects of oral respiration on visual search performance,llm_title_search,,
2026-09-24T15:22:47+00:00,"ad0750a,d7f55d9,HEAD",c048ab6483d37c33a06668963b725800c898a7f749c3a6086dfe4087c73c29af,765e053cd24611e5,set_aside,prospective_registration.csv,983a649d11601daa6a34d6cc05a6ec3f,6943818414,10.17605/osf.io/rpvde,1,10.1523/jneurosci.0411-11.2011,Tagging the neuronal entrainment to beat and meter,llm_title_search,,
2026-09-24T15:22:47+00:00,"ad0750a,d7f55d9,HEAD",c048ab6483d37c33a06668963b725800c898a7f749c3a6086dfe4087c73c29af,765e053cd24611e5,set_aside,prospective_registration.csv,98ae8b98c980620bda5a6b2082e97af8,6943860547,10.17605/osf.io/ztrne,1,10.1007/978-3-319-56294-0_35,Measuring Grit Among First-Generation College Students: A Psychometric Analysis,llm_author_year_search,,
2026-09-24T15:22:47+00:00,"ad0750a,d7f55d9,HEAD",c048ab6483d37c33a06668963b725800c898a7f749c3a6086dfe4087c73c29af,765e053cd24611e5,set_aside,target_pending.csv,98b817eced972dd6b1b80b3e8dd2eec3,1780106974,10.1037/bne0000055,1,10.1016/j.neuropsychologia.2012.12.014,A task to assess behavioral pattern separation (BPS) in humans: Data from healthy aging and mild cognitive impairment,llm_references,,
2026-09-24T15:22:47+00:00,"ad0750a,d7f55d9,HEAD",c048ab6483d37c33a06668963b725800c898a7f749c3a6086dfe4087c73c29af,765e053cd24611e5,set_aside,target_pending.csv,9923073eed019114f07fb4920ee14525,1516369071,10.1002/pits.21750,1,10.1016/j.jsp.2011.04.006,An investigation of the partial-assignment completion effect on students' assignment choice behavior,llm_references,,
2026-09-24T15:22:47+00:00,"ad0750a,d7f55d9,HEAD",c048ab6483d37c33a06668963b725800c898a7f749c3a6086dfe4087c73c29af,765e053cd24611e5,set_aside,target_pending.csv,995a44ea42bd8b2398c6f8af04e6807a,2045167314,10.1002/ajmg.b.30056,1,10.1086/342288,The Brain-Derived Neurotrophic Factor Gene Confers Susceptibility to Bipolar Disorder: Evidence from a Family-Based Association Study,llm_references,,
2026-09-24T15:22:47+00:00,"ad0750a,d7f55d9,HEAD",c048ab6483d37c33a06668963b725800c898a7f749c3a6086dfe4087c73c29af,765e053cd24611e5,set_aside,prospective_registration.csv,99a4c9c565461a6ea685e32b5b745da4,6906318641,10.17605/osf.io/db5zf,1,10.1016/0030-5073(76)90005-2,Knee-deep in the big muddy: A study of escalating commitment to a  chosen  course  of  action,llm_title_search,,
2026-09-24T15:22:47+00:00,"ad0750a,d7f55d9,HEAD",c048ab6483d37c33a06668963b725800c898a7f749c3a6086dfe4087c73c29af,765e053cd24611e5,not_admitted,c048ab6483d37c33a06668963b725800c898a7f749c3a6086dfe4087c73c29af,9a913c31cb09e8e12f47d532c7c5953c,7042867417,,1,10.3758/pbr.17.5.644,Subtle linguistic cues influence perceived blame and financial liability,llm_title_search,,
2026-09-24T15:22:47+00:00,"ad0750a,d7f55d9,HEAD",c048ab6483d37c33a06668963b725800c898a7f749c3a6086dfe4087c73c29af,765e053cd24611e5,set_aside,target_pending.csv,9b1406f7d6de3a76926d08fde8977c86,2149160772,10.1098/rspb.2009.1765,1,10.1038/35019148,Five plus two equals yellow,llm_references,,
2026-09-24T15:22:47+00:00,"ad0750a,d7f55d9,HEAD",c048ab6483d37c33a06668963b725800c898a7f749c3a6086dfe4087c73c29af,765e053cd24611e5,set_aside,target_pending.csv,9b434ee21fa3982d3e5ea794917b56db,4307431860,10.1177/17470218221137007,1,10.1037/xhp0000415,"Neighing, barking, and drumming horses—object related sounds help and hinder picture naming.",llm_references,,
2026-09-24T15:22:47+00:00,"ad0750a,d7f55d9,HEAD",c048ab6483d37c33a06668963b725800c898a7f749c3a6086dfe4087c73c29af,765e053cd24611e5,set_aside,prospective_registration.csv,9cb3a7a54c8aa80f23fdd630a9f0740d,6925108725,10.17605/osf.io/z8vd9,1,10.1016/j.jesp.2015.08.003,When self-perceptions of expertise increase closed-minded cognition: The earned dogmatism effect,llm_author_year_search,,
2026-09-24T15:22:47+00:00,"ad0750a,d7f55d9,HEAD",c048ab6483d37c33a06668963b725800c898a7f749c3a6086dfe4087c73c29af,765e053cd24611e5,superseded,,9d9e9c65571e9969c03a113bec29a94c,1536696946,10.1111/ijsa.12095,2,10.1097/acm.0b013e3181b17e55,The Devil is in the Third Year: A Longitudinal Study of Erosion of Empathy in Medical School,llm_references,a7fb26981bc653d78578aa890577ef38,10.1080/08959285.2014.929692
2026-09-24T15:22:47+00:00,"ad0750a,d7f55d9,HEAD",c048ab6483d37c33a06668963b725800c898a7f749c3a6086dfe4087c73c29af,765e053cd24611e5,superseded,,9daa6f309476eafd6e71445a63f751ef,4416352361,10.1080/20008066.2025.2586981,1,10.1097/00005053-198612000-00004,"Development, Reliability, and Validity of a Dissociation Scale",llm_references,bd54fc6793184cfa54a81ac942a88ecf|cb7c8bc63cfb4f6f241cfcd3cd75ee08,10.1080/15299732.2019.1572045|10.1080/15299732.2024.2407799
2026-09-24T15:22:47+00:00,"ad0750a,d7f55d9,HEAD",c048ab6483d37c33a06668963b725800c898a7f749c3a6086dfe4087c73c29af,765e053cd24611e5,set_aside,target_pending.csv,9ddca41330acb4aed4a99aeee321e60f,2058642628,10.1093/pan/10.2.210,1,10.2307/2991769,Heterogeneity and Representation: The Senate and Free Trade,llm_references,,
2026-09-24T15:22:47+00:00,"ad0750a,d7f55d9,HEAD",c048ab6483d37c33a06668963b725800c898a7f749c3a6086dfe4087c73c29af,765e053cd24611e5,set_aside,target_pending.csv,9ddf5b8a569717521bcd2ae0ed25b885,2618368139,10.13182/fst90-a29305,3,10.1016/0022-0728(89)80141-x,Electrochemically induced nuclear fusion of deuterium,llm_references,,
2026-09-24T15:22:47+00:00,"ad0750a,d7f55d9,HEAD",c048ab6483d37c33a06668963b725800c898a7f749c3a6086dfe4087c73c29af,765e053cd24611e5,set_aside,search_link_unconfirmed.csv,9e46fc39cc4c2a15a23f8eac2ddebfaf,2795078589,10.1177/1091142118765786,1,10.1016/j.jpubeco.2008.04.009,"Openness, country size, and government size: Additional evidence from a large cross-country panel",llm_references,,
2026-09-24T15:22:47+00:00,"ad0750a,d7f55d9,HEAD",c048ab6483d37c33a06668963b725800c898a7f749c3a6086dfe4087c73c29af,765e053cd24611e5,set_aside,target_pending.csv,9ea365bb388320de0a36efda332c1d5f,2022757614,10.3109/14992027.2012.705900,4,10.1093/hmg/8.8.1425,High Prevalence of Symptoms of Meniere's Disease in three Families With a Mutation in the COCH Gene,llm_references,,
2026-09-24T15:22:47+00:00,"ad0750a,d7f55d9,HEAD",c048ab6483d37c33a06668963b725800c898a7f749c3a6086dfe4087c73c29af,765e053cd24611e5,set_aside,prospective_registration.csv,9f397c98945b7b82666039b3b361eb2f,6963008242,10.17605/osf.io/96aw7,1,10.1002/ejsp.2420170402,Affective consequences of mere ownership: The name letter effect in twelve European languages,llm_title_search,,
2026-09-24T15:22:47+00:00,"ad0750a,d7f55d9,HEAD",c048ab6483d37c33a06668963b725800c898a7f749c3a6086dfe4087c73c29af,765e053cd24611e5,set_aside,prospective_registration.csv,9f46915c4300764a66e5aa95dca3d2c5,7042903036,,1,10.3390/ijerph191811304,Chronic Stress Is Associated with Reduced Mindful Acceptance Skills but Not with Mindful Attention Monitoring: A Cross-Sectional Study,llm_author_year_search,,
2026-09-24T15:22:47+00:00,"ad0750a,d7f55d9,HEAD",c048ab6483d37c33a06668963b725800c898a7f749c3a6086dfe4087c73c29af,765e053cd24611e5,set_aside,prospective_registration.csv,9f87d89ee455e71278e32b1b9c3b93c5,6925073568,10.17605/osf.io/yp7s3,1,10.1016/j.cognition.2010.09.012,Fortune favors the ( ): Effects of disfluency on educational outcomes,llm_author_year_search,,
2026-09-24T15:22:47+00:00,"ad0750a,d7f55d9,HEAD",c048ab6483d37c33a06668963b725800c898a7f749c3a6086dfe4087c73c29af,765e053cd24611e5,set_aside,target_pending.csv,9feb868d19ae50cf790add0b4890cbb4,2022757614,10.3109/14992027.2012.705900,1,10.1016/s0378-5955(02)00452-5,Aquaporin-2 expression in the mammalian cochlea and investigation of its role in Meniere’s disease,llm_references,,
2026-09-24T15:22:47+00:00,"ad0750a,d7f55d9,HEAD",c048ab6483d37c33a06668963b725800c898a7f749c3a6086dfe4087c73c29af,765e053cd24611e5,set_aside,prospective_registration.csv,a0143caa20533123f32f0f7ed5d09041,7052739376,,1,10.1177/1948550615616170,"Does self-love or self-hate predict conspiracy beliefs? Narcissism, self-esteem, and the endorsement of conspiracy theories",llm_title_search,,
2026-09-24T15:22:47+00:00,"ad0750a,d7f55d9,HEAD",c048ab6483d37c33a06668963b725800c898a7f749c3a6086dfe4087c73c29af,765e053cd24611e5,not_admitted,c048ab6483d37c33a06668963b725800c898a7f749c3a6086dfe4087c73c29af,a098585f0369d23bc979d5f0cb2527fd,3090766329,10.3758/s13414-019-01950-x,1,10.1037/a0036229,In competition for the attentional template: Can multiple items within visual working memory guide attention?,llm_author_year_search,,
2026-09-24T15:22:47+00:00,"ad0750a,d7f55d9,HEAD",c048ab6483d37c33a06668963b725800c898a7f749c3a6086dfe4087c73c29af,765e053cd24611e5,set_aside,prospective_registration.csv,a153f4e2abbcb4fdea7032edf5b536dd,6887644759,10.17605/osf.io/erza6,1,10.1177/0956797610382786,Relational Mobility Explains Between- and Within-Culture Differences in Self-Disclosure to Close Friends,llm_title_search,,
2026-09-24T15:22:47+00:00,"ad0750a,d7f55d9,HEAD",c048ab6483d37c33a06668963b725800c898a7f749c3a6086dfe4087c73c29af,765e053cd24611e5,set_aside,prospective_registration.csv,a167935c718f1457d7c62b2468d31368,2887066575,,1,10.1017/s193029750000588x,"Is saving lives your task or God’s? Religiosity, belief in god, and moral judgment",llm_title_search,,
2026-09-24T15:22:47+00:00,"ad0750a,d7f55d9,HEAD",c048ab6483d37c33a06668963b725800c898a7f749c3a6086dfe4087c73c29af,765e053cd24611e5,set_aside,prospective_registration.csv,a1ba6fac5c43945d147695a7a0bce38e,6925384126,10.17605/osf.io/yqhsk,1,10.1006/obhd.1996.0013,Consequences of Regret Aversion: Effects of Expected Feedback on Risky Decision Making,llm_author_year_search,,
2026-09-24T15:22:47+00:00,"ad0750a,d7f55d9,HEAD",c048ab6483d37c33a06668963b725800c898a7f749c3a6086dfe4087c73c29af,765e053cd24611e5,set_aside,prospective_registration.csv,a2635f32d4eafd7eb6ba17548d0d75df,6944269823,10.17605/osf.io/vn6w9,2,10.7554/elife.103007,Unique longitudinal contributions of sulcal interruptions to reading acquisition in children,llm_author_year_search,,
2026-09-24T15:22:47+00:00,"ad0750a,d7f55d9,HEAD",c048ab6483d37c33a06668963b725800c898a7f749c3a6086dfe4087c73c29af,765e053cd24611e5,set_aside,prospective_registration.csv,a2cd0866c1dbf692bb19604ab75e986e,6887855992,10.17605/osf.io/txjbv,1,10.1037/a0013748,Moral typecasting: Divergent perceptions of moral agents and moral patients,llm_title_search,,
2026-09-24T15:22:47+00:00,"ad0750a,d7f55d9,HEAD",c048ab6483d37c33a06668963b725800c898a7f749c3a6086dfe4087c73c29af,765e053cd24611e5,set_aside,target_pending.csv,a306825c4fab64cc0dac0e83fe456965,102226440,10.1176/ajp.154.4.551,1,10.1001/archpsyc.1993.01820180046005,Outcome After Rapid vs Gradual Discontinuation of Lithium Treatment in Bipolar Disorders,llm_references,,
2026-09-24T15:22:47+00:00,"ad0750a,d7f55d9,HEAD",c048ab6483d37c33a06668963b725800c898a7f749c3a6086dfe4087c73c29af,765e053cd24611e5,set_aside,target_pending.csv,a31aebc2d737c765865d8d87e8327162,1984334116,10.1207/s15327752jpa4905_11,1,10.1111/j.1467-6494.1981.tb00934.x,"Type A behavior, academic aspirations, and academic success1",llm_references,,
2026-09-24T15:22:47+00:00,"ad0750a,d7f55d9,HEAD",c048ab6483d37c33a06668963b725800c898a7f749c3a6086dfe4087c73c29af,765e053cd24611e5,set_aside,no_evidence.csv,a39609b0e2b9e84c17eff5423b09a6b5,7140006386,,1,10.1177/0956797610368810,Power Increases Hypocrisy,llm_author_year_search,,
2026-09-24T15:22:47+00:00,"ad0750a,d7f55d9,HEAD",c048ab6483d37c33a06668963b725800c898a7f749c3a6086dfe4087c73c29af,765e053cd24611e5,set_aside,target_pending.csv,a39cce02054c57eb0613da212222f58f,2322102514,10.2307/2600119,1,10.2307/3013531,The Search for Structural Order in the International System: Some Models and Preliminary Results,llm_references,,
2026-09-24T15:22:47+00:00,"ad0750a,d7f55d9,HEAD",c048ab6483d37c33a06668963b725800c898a7f749c3a6086dfe4087c73c29af,765e053cd24611e5,set_aside,search_link_unconfirmed.csv|unidentified_original.csv,a3d5c9a60b7deda8e2448e069e4d0323,4409361717,10.1609/aaai.v39i25.34818,1,10.1109/tpami.2012.28,Measuring the objectness of image windows,llm_title_search,,
2026-09-24T15:22:47+00:00,"ad0750a,d7f55d9,HEAD",c048ab6483d37c33a06668963b725800c898a7f749c3a6086dfe4087c73c29af,765e053cd24611e5,set_aside,prospective_registration.csv,a4bcc08f57b1f85b6f1558f4977f9d47,6906657950,10.17605/osf.io/ycxh3,1,10.1016/0749-5978(86)90018-x,Psychological sources of ambiguity avoidance,llm_title_search,,
2026-09-24T15:22:47+00:00,"ad0750a,d7f55d9,HEAD",c048ab6483d37c33a06668963b725800c898a7f749c3a6086dfe4087c73c29af,765e053cd24611e5,set_aside,prospective_registration.csv,a53acf2b500bb90b93de9d5fb6801acc,6962638136,10.17605/osf.io/6uwfd,1,10.1037/apl0000876,"How employees react to unsolicited and solicited advice in the workplace: Implications for using advice, learning, and performance.",llm_author_year_search,,
2026-09-24T15:22:47+00:00,"ad0750a,d7f55d9,HEAD",c048ab6483d37c33a06668963b725800c898a7f749c3a6086dfe4087c73c29af,765e053cd24611e5,set_aside,prospective_registration.csv,a569339e81511897968016e0116990e1,7037903918,,2,10.1016/j.evolhumbehav.2016.10.006,Estrogenic and progestogenic effects of hormonal contraceptives in relation to sexual behavior: insights into extended sexuality,llm_title_search,,
2026-09-24T15:22:47+00:00,"ad0750a,d7f55d9,HEAD",c048ab6483d37c33a06668963b725800c898a7f749c3a6086dfe4087c73c29af,765e053cd24611e5,set_aside,prospective_registration.csv,a59017e5c6116e71b064a420121ea256,6925165840,10.17605/osf.io/b5nkj,1,10.3928/0048-5713-19951201-07,The Formation of False Memories,llm_author_year_search,,
2026-09-24T15:22:47+00:00,"ad0750a,d7f55d9,HEAD",c048ab6483d37c33a06668963b725800c898a7f749c3a6086dfe4087c73c29af,765e053cd24611e5,set_aside,no_evidence.csv,a605a318fc9bc10ff3b5808e4d6ddc85,2792899437,,1,10.2307/3151859,Attribute-Task Compatibility as a Determinant of Consumer Preference Reversals,llm_author_year_search,,
2026-09-24T15:22:47+00:00,"ad0750a,d7f55d9,HEAD",c048ab6483d37c33a06668963b725800c898a7f749c3a6086dfe4087c73c29af,765e053cd24611e5,set_aside,target_pending.csv,a63db43b1b3f30ee59e079697706a4a1,1988616736,10.1093/sf/64.1.168,1,10.1086/225260,The Impact of Suburban Population Growth on Central City Service Functions,llm_references,,
2026-09-24T15:22:47+00:00,"ad0750a,d7f55d9,HEAD",c048ab6483d37c33a06668963b725800c898a7f749c3a6086dfe4087c73c29af,765e053cd24611e5,superseded,,a6a1b5cb99e359903cb09fae41539d0d,2754306982,10.18718/81781.2,1,10.1162/rest_a_00437,Does Online Availability Increase Citations? Theory and Evidence from a Panel of Economics and Business Journals,llm_references,d05f16dc0af2b852a97f116f42c49c17,10.2139/ssrn.1746243
2026-09-24T15:22:47+00:00,"ad0750a,d7f55d9,HEAD",c048ab6483d37c33a06668963b725800c898a7f749c3a6086dfe4087c73c29af,765e053cd24611e5,set_aside,prospective_registration.csv,a6e151d53ad805c7ae86bcce6803104a,7027759331,,1,10.1016/j.cognition.2014.08.006,Analytic thinking reduces belief in conspiracy theories,llm_title_search,,
2026-09-24T15:22:47+00:00,"ad0750a,d7f55d9,HEAD",c048ab6483d37c33a06668963b725800c898a7f749c3a6086dfe4087c73c29af,765e053cd24611e5,set_aside,prospective_registration.csv,a6f5e6a5243b8ac1085fd65dc5ffbc37,6944156210,10.17605/osf.io/5qnzb,1,10.1037/pspi0000092,Racial bias in judgments of physical size and formidability: From size to threat,llm_title_search,,
2026-09-24T15:22:47+00:00,"ad0750a,d7f55d9,HEAD",c048ab6483d37c33a06668963b725800c898a7f749c3a6086dfe4087c73c29af,765e053cd24611e5,set_aside,target_pending.csv,a76e2b188fdef83ac89c470d43db1303,2086797424,10.1037/a0015139,1,10.1037/h0085321,The processes and outcomes of psychotherapists' personal treatment experiences.,llm_references,,
2026-09-24T15:22:47+00:00,"ad0750a,d7f55d9,HEAD",c048ab6483d37c33a06668963b725800c898a7f749c3a6086dfe4087c73c29af,765e053cd24611e5,set_aside,no_evidence.csv,a78fafd669d79996c46be00d7f287636,7005604596,,1,10.1038/s41562-017-0151,Global evidence of extreme intuitive moral prejudice against atheists,llm_author_year_search,,
2026-09-24T15:22:47+00:00,"ad0750a,d7f55d9,HEAD",c048ab6483d37c33a06668963b725800c898a7f749c3a6086dfe4087c73c29af,765e053cd24611e5,set_aside,prospective_registration.csv,a9116618471fbe91d685eff1265f1373,6925235645,10.17605/osf.io/5a8p9,1,10.1002/per.2166,"Personality and Integrative Negotiations: A HEXACO Investigation of Actor, Partner, and Actor– Partner Interaction Effects on Objective and Subjective Outcomes",llm_title_search,,
2026-09-24T15:22:47+00:00,"ad0750a,d7f55d9,HEAD",c048ab6483d37c33a06668963b725800c898a7f749c3a6086dfe4087c73c29af,765e053cd24611e5,superseded,,a9541615e68c7aad1ea329b605c9c9db,1685966668,10.1167/15.4.12,2,10.1523/jneurosci.3325-11.2012,Object Ensemble Processing in Human Anterior-Medial Ventral Visual Cortex,llm_references,e76c5c7b115314c85376ccba55250d8c,10.1068/p5727
2026-09-24T15:22:47+00:00,"ad0750a,d7f55d9,HEAD",c048ab6483d37c33a06668963b725800c898a7f749c3a6086dfe4087c73c29af,765e053cd24611e5,set_aside,target_pending.csv,a9be2c629560ecd283ff8cbd4faa6f7f,1567325983,10.1002/eat.22304,1,10.1001/archpsyc.63.1.82,Perinatal Factors and the Risk of Developing Anorexia Nervosa and Bulimia Nervosa,llm_references,,
2026-09-24T15:22:47+00:00,"ad0750a,d7f55d9,HEAD",c048ab6483d37c33a06668963b725800c898a7f749c3a6086dfe4087c73c29af,765e053cd24611e5,set_aside,prospective_registration.csv,aa50ffe3ff37c2ebe7836df6f514079b,2991022653,10.23668/psycharchives.4807,1,10.1016/0749-5978(91)90020-t,The theory of planned behavior,llm_author_year_search,,
2026-09-24T15:22:47+00:00,"ad0750a,d7f55d9,HEAD",c048ab6483d37c33a06668963b725800c898a7f749c3a6086dfe4087c73c29af,765e053cd24611e5,set_aside,no_evidence.csv,aa67f2342631e8e8bd826e37fd483887,6997243042,,1,10.1037/a0019006,"Music-evoked nostalgia: Affect, memory, and personality.",llm_author_year_search,,
2026-09-24T15:22:47+00:00,"ad0750a,d7f55d9,HEAD",c048ab6483d37c33a06668963b725800c898a7f749c3a6086dfe4087c73c29af,765e053cd24611e5,set_aside,prospective_registration.csv,aad27f5aa2bd7af2b56b2358bb5c5a19,2780062826,10.17605/osf.io/j3fyq,1,10.1037/0022-3514.95.5.1150,Romantic red: red enhances men’s attraction to women,llm_title_search,,
2026-09-24T15:22:47+00:00,"ad0750a,d7f55d9,HEAD",c048ab6483d37c33a06668963b725800c898a7f749c3a6086dfe4087c73c29af,765e053cd24611e5,set_aside,target_pending.csv,aaf017ba7f017e4f6078d0ba2b654f44,2572237296,10.1108/s0193-230620150000018001,4,10.1257/aer.90.4.980,Cooperation and Punishment in Public Goods Experiments,llm_references,,
2026-09-24T15:22:47+00:00,"ad0750a,d7f55d9,HEAD",c048ab6483d37c33a06668963b725800c898a7f749c3a6086dfe4087c73c29af,765e053cd24611e5,set_aside,prospective_registration.csv,ab0a19c8895a7e7bcd43db2ebcf1fbae,6925344553,10.17605/osf.io/2xvwd,1,10.1037/pspi0000092,Racial bias in judgments of physical size and formidability: From size to threat,llm_title_search,,
2026-09-24T15:22:47+00:00,"ad0750a,d7f55d9,HEAD",c048ab6483d37c33a06668963b725800c898a7f749c3a6086dfe4087c73c29af,765e053cd24611e5,set_aside,prospective_registration.csv,ab54223f8efb96ed2a0634150d8ea88c,4232938409,10.31234/osf.io/pqf8k,1,10.1016/j.cortex.2011.10.005,Moving the hands and feet specifically impairs working memory for  arm-  and leg-related  action  words,llm_title_search,,
2026-09-24T15:22:47+00:00,"ad0750a,d7f55d9,HEAD",c048ab6483d37c33a06668963b725800c898a7f749c3a6086dfe4087c73c29af,765e053cd24611e5,set_aside,prospective_registration.csv,adcad37aa23f5883664f0a71caf77765,2899465991,,1,10.1016/j.jbtep.2018.07.002,Trigger warning: Empirical evidence ahead,llm_title_search,,
2026-09-24T15:22:47+00:00,"ad0750a,d7f55d9,HEAD",c048ab6483d37c33a06668963b725800c898a7f749c3a6086dfe4087c73c29af,765e053cd24611e5,set_aside,target_pending.csv,adf02813d80d446a14cded0c4324fa58,6906533223,10.17605/osf.io/6m9sy,1,10.4324/9781315802725-10,Flowing Waters or Teeming Crowds: Mental Models of Electricity,llm_title_search,,
2026-09-24T15:22:47+00:00,"ad0750a,d7f55d9,HEAD",c048ab6483d37c33a06668963b725800c898a7f749c3a6086dfe4087c73c29af,765e053cd24611e5,set_aside,search_link_unconfirmed.csv,adfc83f0c5b7897add34af530f590d0c,2049023055,10.1371/journal.pone.0030320,1,10.1046/j.0956-7976.2003.psci_1475.x,Socioeconomic Status Modifies Heritability of IQ in Young Children,llm_references,,
2026-09-24T15:22:47+00:00,"ad0750a,d7f55d9,HEAD",c048ab6483d37c33a06668963b725800c898a7f749c3a6086dfe4087c73c29af,765e053cd24611e5,set_aside,prospective_registration.csv,ae145d5cd1c17007e90a9c5058b3d15e,6925030765,10.17605/osf.io/839ax,1,10.1037/a0018066,"Wealth and happiness across the world: Material prosperity predicts life evaluation, whereas psychosocial prosperity predicts positive feeling.",llm_author_year_search,,
2026-09-24T15:22:47+00:00,"ad0750a,d7f55d9,HEAD",c048ab6483d37c33a06668963b725800c898a7f749c3a6086dfe4087c73c29af,765e053cd24611e5,set_aside,no_evidence.csv,ae2839b4660120948ef2f725e3d1d4e3,7055770757,,1,10.1111/j.1467-9922.2010.00613.x,Deliberate Learning and Vocabulary Acquisition in a Second Language,llm_title_search,,
2026-09-24T15:22:47+00:00,"ad0750a,d7f55d9,HEAD",c048ab6483d37c33a06668963b725800c898a7f749c3a6086dfe4087c73c29af,765e053cd24611e5,set_aside,prospective_registration.csv,ae4a75194c1020f693a9392a4a7e2547,6963057633,10.17605/osf.io/5zk2x,1,10.1073/pnas.0705345104,native language of social cognition,llm_title_search,,
2026-09-24T15:22:47+00:00,"ad0750a,d7f55d9,HEAD",c048ab6483d37c33a06668963b725800c898a7f749c3a6086dfe4087c73c29af,765e053cd24611e5,set_aside,prospective_registration.csv,aef1af3c1d4b80bdfa26cab8634f1fef,4387940155,10.24072/pci.rr.100497,1,10.1167/jov.22.14.3569,The orienting response drives pseudoneglect: Evidence from a new pupillometry-based test.,llm_author_year_search,,
2026-09-24T15:22:47+00:00,"ad0750a,d7f55d9,HEAD",c048ab6483d37c33a06668963b725800c898a7f749c3a6086dfe4087c73c29af,765e053cd24611e5,unexplained,,afd729f030849ab25403e1ed5a299723,1964369288,10.1186/1471-2350-13-27,2,10.1073/pnas.0808358106,Whole-genome association study identifies <i>STK39</i> as a hypertension susceptibility gene,llm_references,,
2026-09-24T15:22:47+00:00,"ad0750a,d7f55d9,HEAD",c048ab6483d37c33a06668963b725800c898a7f749c3a6086dfe4087c73c29af,765e053cd24611e5,superseded,,b001dc108de60a226329f5285e07a4c9,7000028966,,1,10.1504/ijhd.2013.055643,Does social connection turn good deeds into good feelings? On the value of putting the 'social' in prosocial spending,llm_author_year_search,15b79dcb41fa12a8a3fbd51486789bb6,10.1037/a0031578
2026-09-24T15:22:47+00:00,"ad0750a,d7f55d9,HEAD",c048ab6483d37c33a06668963b725800c898a7f749c3a6086dfe4087c73c29af,765e053cd24611e5,superseded,,b01ec0ec5bbccfecfde91878cfb1ecf2,4415966494,10.1002/jcv2.70064,2,10.1016/j.ecresq.2022.07.008,Effects of training parents in dialogic book‐sharing: The Early‐Years Provision in Children's Centers (EPICC) study,llm_references,2aa0b76f27339ea29fcac421ad2f7092,10.1111/jcpp.12819
2026-09-24T15:22:47+00:00,"ad0750a,d7f55d9,HEAD",c048ab6483d37c33a06668963b725800c898a7f749c3a6086dfe4087c73c29af,765e053cd24611e5,set_aside,target_pending.csv,b0a21dc5f3e9a4c326cb1d2f5fa0293f,2783731660,,1,10.1177/0956797611398497,A Bad Taste in the Mouth,llm_author_year_search,,
2026-09-24T15:22:47+00:00,"ad0750a,d7f55d9,HEAD",c048ab6483d37c33a06668963b725800c898a7f749c3a6086dfe4087c73c29af,765e053cd24611e5,set_aside,prospective_registration.csv,b0b04b57e61456945cfd38ddeca60833,7112514122,,1,10.1101/2025.06.11.658898,Functional connectivity in infants’ visual cortex: Links to motion processing and autism,llm_author_year_search,,
2026-09-24T15:22:47+00:00,"ad0750a,d7f55d9,HEAD",c048ab6483d37c33a06668963b725800c898a7f749c3a6086dfe4087c73c29af,765e053cd24611e5,superseded,,b0d307e40467de65eb0ed896d730abf4,4321599384,10.32872/spb.8557,1,10.1016/j.jesp.2016.02.005,"Red, white, and blue enough to be green: Effects of moral framing on climate change attitudes and conservation behaviors",llm_references,d30ef04e0dfffa53866abf728a83fac2|c5ff0815691e637285f2438b95b1019c,10.1177/0956797612449177|10.1016/j.jenvp.2020.101394
2026-09-24T15:22:47+00:00,"ad0750a,d7f55d9,HEAD",c048ab6483d37c33a06668963b725800c898a7f749c3a6086dfe4087c73c29af,765e053cd24611e5,superseded,,b22c7c44f85d87b3971d0eb2e5096ace,4308592550,10.3389/fnint.2022.1041423,1,10.12688/f1000research.4170,"Simple, biologically-constrained ca1 pyramidal cell models using an intact, whole hippocampus context",llm_title_search,e6a9dd82dd47f08e95d11e2738f1efbc,10.12688/f1000research.3894.1
2026-09-24T15:22:47+00:00,"ad0750a,d7f55d9,HEAD",c048ab6483d37c33a06668963b725800c898a7f749c3a6086dfe4087c73c29af,765e053cd24611e5,set_aside,prospective_registration.csv,b292ad01ff72efed04460332a80e72cd,6943931358,10.17605/osf.io/r2x4w,1,10.1093/jcr/ucx039,Color Saturation Increases Perceived Product Size,llm_title_search,,
2026-09-24T15:22:47+00:00,"ad0750a,d7f55d9,HEAD",c048ab6483d37c33a06668963b725800c898a7f749c3a6086dfe4087c73c29af,765e053cd24611e5,set_aside,prospective_registration.csv,b3d2018919f96d0b2b26c0f6bc9b1c6f,7028085664,,1,10.3402/ejpt.v7.29476,Blurring emotional memories using eye movements: individual differences and speed of eye movements,llm_title_search,,
2026-09-24T15:22:47+00:00,"ad0750a,d7f55d9,HEAD",c048ab6483d37c33a06668963b725800c898a7f749c3a6086dfe4087c73c29af,765e053cd24611e5,set_aside,prospective_registration.csv,b4aa8d054c5c592c8f284eaeec405a33,6925251830,10.17605/osf.io/5nwgb,1,10.1073/pnas.1211286109,Science faculty’s subtle gender biases favor male students,llm_author_year_search,,
2026-09-24T15:22:47+00:00,"ad0750a,d7f55d9,HEAD",c048ab6483d37c33a06668963b725800c898a7f749c3a6086dfe4087c73c29af,765e053cd24611e5,set_aside,prospective_registration.csv,b5136e5202cce50e2a1519c50ff26164,3137183937,10.17605/osf.io/rgyv5,1,10.3758/bf03196169,The cocktail party phenomenon revisited: The importance of working memory capacity,llm_title_search,,
2026-09-24T15:22:47+00:00,"ad0750a,d7f55d9,HEAD",c048ab6483d37c33a06668963b725800c898a7f749c3a6086dfe4087c73c29af,765e053cd24611e5,superseded,,b54f6fa9e4a90c0db474aa14de3d2b9c,2091044308,10.1287/mnsc.29.8.975,1,10.35613/ccl.1978.1079,Studies of Managerial Work: Results and Methods,llm_references,480ca96d38f98261ed26b08f2a40c96e,10.2307/3007945
2026-09-24T15:22:47+00:00,"ad0750a,d7f55d9,HEAD",c048ab6483d37c33a06668963b725800c898a7f749c3a6086dfe4087c73c29af,765e053cd24611e5,set_aside,prospective_registration.csv,b554c141bb2a9f01d0d6cdf91b3f9d02,2777073598,10.17605/osf.io/tp32p,1,10.1007/s40806-015-0017-5,Do (non-American) Men Overestimate Women’s Sexual Intentions?,llm_author_year_search,,
2026-09-24T15:22:47+00:00,"ad0750a,d7f55d9,HEAD",c048ab6483d37c33a06668963b725800c898a7f749c3a6086dfe4087c73c29af,765e053cd24611e5,superseded,,b5cb63adba7fb303d8b142b1a7bbf51a,2040842648,10.1177/0333102411421025,4,10.1111/j.1526-4610.2006.00723.x,Voxel-Based Morphometry Reveals Gray Matter Abnormalities in Migraine,llm_references,7ee5cdaf2bbf7c899cf528c8cd825f5b|808b6075fc37a7b1fd5e3b1fd90ff1c4,10.1212/01.wnl.0000291618.32247.2d|10.1371/journal.pmed.0030402
2026-09-24T15:22:47+00:00,"ad0750a,d7f55d9,HEAD",c048ab6483d37c33a06668963b725800c898a7f749c3a6086dfe4087c73c29af,765e053cd24611e5,superseded,,b6abbd2cc2328f303e7e045baea31d7d,2314745095,10.1177/153944928900900404,1,10.1177/153944928600600404,Improving Prehension Skills of Children with Cerebral Palsy: A Clinical Study,llm_references,d175af9a2541a12d2a01003841a7126f,10.1177/153944928900900302
2026-09-24T15:22:47+00:00,"ad0750a,d7f55d9,HEAD",c048ab6483d37c33a06668963b725800c898a7f749c3a6086dfe4087c73c29af,765e053cd24611e5,set_aside,target_pending.csv,b6c3ec1e2b9014b3902ca940de5aee47,2034559642,10.1111/head.12240,3,10.1038/ng.2307,Genome-wide association analysis identifies susceptibility loci for migraine without aura,llm_references,,
2026-09-24T15:22:47+00:00,"ad0750a,d7f55d9,HEAD",c048ab6483d37c33a06668963b725800c898a7f749c3a6086dfe4087c73c29af,765e053cd24611e5,set_aside,prospective_registration.csv,b6fe834118686c39d85595ff13f491f9,4387606013,10.1145/3584931.3607007,1,10.1145/3546155.3546663,Shoulder-Surfing Resistant Authentication for Augmented Reality,llm_title_search,,
2026-09-24T15:22:47+00:00,"ad0750a,d7f55d9,HEAD",c048ab6483d37c33a06668963b725800c898a7f749c3a6086dfe4087c73c29af,765e053cd24611e5,superseded,,b71ea24d749f43b51c126b02a0c16778,3211618671,10.1111/exsy.12871,1,10.48550/arxiv.1205.2618,BPR: Bayesian Personalized Ranking from Implicit Feedback,llm_references,b96e4bcb013e6b2947c9f815a135c6e8|459ee76504705dff488992aa6a9e5cdf,10.1145/3397271.3401155|10.1145/3397271.3401063
2026-09-24T15:22:47+00:00,"ad0750a,d7f55d9,HEAD",c048ab6483d37c33a06668963b725800c898a7f749c3a6086dfe4087c73c29af,765e053cd24611e5,set_aside,prospective_registration.csv,b78e1fdda6b837c382700c6af33b31b0,6962908985,10.17605/osf.io/2o5xu,1,10.1371/journal.pone.0059837,“Not for All the Tea in China!” Political Ideology and the Avoidance of Dissonance-Arousing Situations,llm_title_search,,
2026-09-24T15:22:47+00:00,"ad0750a,d7f55d9,HEAD",c048ab6483d37c33a06668963b725800c898a7f749c3a6086dfe4087c73c29af,765e053cd24611e5,superseded,,b81b0c703473d58c9ddd94eb2adeaf05,1974525994,10.7717/peerj.263,1,10.1016/s0167-4870(98)00008-7,Stackelberg reasoning in mixed-motive games: An experimental investigation,llm_references,7729c1ae837739badfe50f618ffd46f8,10.1037/dec0000001
2026-09-24T15:22:47+00:00,"ad0750a,d7f55d9,HEAD",c048ab6483d37c33a06668963b725800c898a7f749c3a6086dfe4087c73c29af,765e053cd24611e5,set_aside,target_pending.csv,b83cb8275cfc7df41f5d5562dc5434d4,2378248426,10.17105/spr45-1.73-92,1,10.1016/j.jsp.2011.09.003,Reducing developmental risk for emotional/behavioral problems: A randomized controlled trial examining the Tools for Getting Along curriculum,llm_title_search,,
2026-09-24T15:22:47+00:00,"ad0750a,d7f55d9,HEAD",c048ab6483d37c33a06668963b725800c898a7f749c3a6086dfe4087c73c29af,765e053cd24611e5,set_aside,no_evidence.csv,b83d75217a16941c05714a738671be80,3122846579,,1,10.1177/2329488415613338,Delivering Feedback: Supervisors’ Source Credibility and Communication Competence,llm_title_search,,
2026-09-24T15:22:47+00:00,"ad0750a,d7f55d9,HEAD",c048ab6483d37c33a06668963b725800c898a7f749c3a6086dfe4087c73c29af,765e053cd24611e5,set_aside,prospective_registration.csv,b892b075a0709daf5eed4fbcbfbf183e,6925092111,10.17605/osf.io/3dpf7,1,10.1016/j.paid.2023.112401,Rethinking human excellence in the AI age: The relationship between intellectual humility and attitudes toward ChatGPT,llm_title_search,,
2026-09-24T15:22:47+00:00,"ad0750a,d7f55d9,HEAD",c048ab6483d37c33a06668963b725800c898a7f749c3a6086dfe4087c73c29af,765e053cd24611e5,superseded,,b8ce7fe4503bb3236aa67cf59cd5bede,2104755979,10.1093/brain/awh524,8,10.1046/j.1528-1157.2003.18003.x,Prodynorphin Gene Promoter Polymorphism and Temporal Lobe Epilepsy,llm_references,1b93b148465ac330094595783b52b063|b797999727934333da16ad93f87f8cee|b0e02f91a18d75645ad6fcef66f5e386|bf951a9cdcb1c4dccc5c1eb6e5769df1|dea0f4949f4791ac28e524a704490258|a04e17772629bb0cd2d1362af4d746e1|ba753b7c8bbecea00b4cfa76bb2d3718|d8d6336914ea1fbbf367329698345a64|d7723f4010eebb6553bb52f100257855,10.1002/1531-8249(200005)47:5<571::aid-ana3>3.0.co;2-a|10.1016/s0887-8994(01)00380-0|10.1046/j.1528-1157.2003.43302.x|10.1002/ana.1108|10.1002/ana.10108|10.1212/01.wnl.0000046520.79877.d8|10.1212/01.wnl.0000096940.92986.02|10.1046/j.1528-1157.2003.t01-1-44702.x|10.1203/01.pdr.0000069696.96041.34
2026-09-24T15:22:47+00:00,"ad0750a,d7f55d9,HEAD",c048ab6483d37c33a06668963b725800c898a7f749c3a6086dfe4087c73c29af,765e053cd24611e5,superseded,,b8f8fecf9eed1586c5b9d5054e1163bf,7047723544,,1,10.1521/soco.2008.26.2.143,When We Need A Human: Motivational Determinants of Anthropomorphism,llm_author_year_search,5a5fd01ad3b257cc2ca193b4870de5be|d4e6db40dd2a5c064c67323a6a17072f,10.1111/j.1467-9280.2008.02056.x|10.1177/0956797616668510
2026-09-24T15:22:47+00:00,"ad0750a,d7f55d9,HEAD",c048ab6483d37c33a06668963b725800c898a7f749c3a6086dfe4087c73c29af,765e053cd24611e5,set_aside,prospective_registration.csv,b94982608f61f8921481bba76b1c5d4a,7045477209,,1,10.1037/0022-3514.50.2.229,On the automatic activation of attitudes.,llm_author_year_search,,
2026-09-24T15:22:47+00:00,"ad0750a,d7f55d9,HEAD",c048ab6483d37c33a06668963b725800c898a7f749c3a6086dfe4087c73c29af,765e053cd24611e5,set_aside,prospective_registration.csv,b9e5d6187778163d68022c49dfebb991,6963041483,10.17605/osf.io/2jyw5,1,10.1016/j.cognition.2012.05.011,Mortality salience and morality: Thinking about death makes people less utilitarian,llm_author_year_search,,
2026-09-24T15:22:47+00:00,"ad0750a,d7f55d9,HEAD",c048ab6483d37c33a06668963b725800c898a7f749c3a6086dfe4087c73c29af,765e053cd24611e5,superseded,,ba2b58ca6c112f760ac1807651d73f30,2045545921,10.1037/0022-0167.24.6.464,1,10.1002/j.1556-6978.1977.tb01610.x,Comparative Perceptions of Practicum Counselor Behavior,llm_references,b2c4ece6ffb994884ae8de94aeea20bb,10.1037/0022-0167.22.6.471
2026-09-24T15:22:47+00:00,"ad0750a,d7f55d9,HEAD",c048ab6483d37c33a06668963b725800c898a7f749c3a6086dfe4087c73c29af,765e053cd24611e5,set_aside,search_link_unconfirmed.csv,ba67c6ecb5627713e3f858a4479cf6c5,2104315196,10.1186/s13293-015-0026-x,2,10.1210/en.2013-1234,Neural Growth Hormone Implicated in Body Weight Sex Differences,llm_references,,
2026-09-24T15:22:47+00:00,"ad0750a,d7f55d9,HEAD",c048ab6483d37c33a06668963b725800c898a7f749c3a6086dfe4087c73c29af,765e053cd24611e5,set_aside,prospective_registration.csv,ba720328cb6a4577788d3d1948033c4a,4361867028,10.5281/zenodo.7789952,1,10.1126/sciadv.abo2190,Extreme weather events and the politics of climate change attribution,llm_author_year_search,,
2026-09-24T15:22:47+00:00,"ad0750a,d7f55d9,HEAD",c048ab6483d37c33a06668963b725800c898a7f749c3a6086dfe4087c73c29af,765e053cd24611e5,superseded,,baae17e388033f8de35b577f7877e26c,3114714162,10.1371/journal.pone.0244189,2,10.1371/journal.pone.0005535,The Oxytocin Receptor (OXTR) Contributes to Prosocial Fund Allocations in the Dictator Game and the Social Value Orientations Task,llm_references,7757f654b9ac0952f1a1a43ed240e449,10.1037/a0032877
2026-09-24T15:22:47+00:00,"ad0750a,d7f55d9,HEAD",c048ab6483d37c33a06668963b725800c898a7f749c3a6086dfe4087c73c29af,765e053cd24611e5,set_aside,target_pending.csv,bab8e74a7c94377b5a6decb91b11a3fe,2027569702,10.2307/585007,1,10.2307/583902,Becoming Successful Parents: Can Age-Paced Newsletters Help?,llm_references,,
2026-09-24T15:22:47+00:00,"ad0750a,d7f55d9,HEAD",c048ab6483d37c33a06668963b725800c898a7f749c3a6086dfe4087c73c29af,765e053cd24611e5,unexplained,,babce048baf5485fde551383a808b533,1964369288,10.1186/1471-2350-13-27,1,10.1371/journal.pgen.1000564,A Genome-Wide Association Study of Hypertension and Blood Pressure in African Americans,llm_references,,
2026-09-24T15:22:47+00:00,"ad0750a,d7f55d9,HEAD",c048ab6483d37c33a06668963b725800c898a7f749c3a6086dfe4087c73c29af,765e053cd24611e5,set_aside,prospective_registration.csv,baed1bea8e35ba215d9a71590b72600b,6990458391,,1,10.1509/jmr.12.0430.1,Framing Influences Willingness to Pay but not Willingness to Accept,llm_author_year_search,,
2026-09-24T15:22:47+00:00,"ad0750a,d7f55d9,HEAD",c048ab6483d37c33a06668963b725800c898a7f749c3a6086dfe4087c73c29af,765e053cd24611e5,superseded,,bb59687ba210c95e2ea339cab2714b7d,4403422378,10.1371/journal.pone.0312088,1,10.2139/ssrn.2319992,Motivated Numeracy and Enlightened Self-Government,llm_references,de5a09ca1fa30db77144a5b3695e5e27,10.1017/bpp.2016.2
2026-09-24T15:22:47+00:00,"ad0750a,d7f55d9,HEAD",c048ab6483d37c33a06668963b725800c898a7f749c3a6086dfe4087c73c29af,765e053cd24611e5,set_aside,target_pending.csv,bb990d827dfcc1e680e293022b4a9f4e,4284683027,10.1002/ski2.149,1,10.1016/j.jaclp.2021.12.007,Depression and Suicidality in Patients With Psoriasis and the Role of Psoriatic Arthritis: A Cross-sectional Study in a Tertiary Setting,llm_references,,
2026-09-24T15:22:47+00:00,"ad0750a,d7f55d9,HEAD",c048ab6483d37c33a06668963b725800c898a7f749c3a6086dfe4087c73c29af,765e053cd24611e5,superseded,,bbdd8598726b3283bdf05229bae3aab9,4408395537,10.1162/jocn_a_02320,1,10.1080/23273798.2018.1427878,Wait a second! delayed impact of argument roles on on-line verb prediction,llm_references,a6cc6b6907c58206dafbb7d610a74d67,10.31234/osf.io/xeuqt
2026-09-24T15:22:47+00:00,"ad0750a,d7f55d9,HEAD",c048ab6483d37c33a06668963b725800c898a7f749c3a6086dfe4087c73c29af,765e053cd24611e5,set_aside,target_pending.csv,bc5fb61db6e6f3c797008c617fb98847,2147856605,10.1177/0022022100031003001,1,10.2307/2393017,Culture's Consequences: International Differences in Work-Related Values.,llm_references,,
2026-09-24T15:22:47+00:00,"ad0750a,d7f55d9,HEAD",c048ab6483d37c33a06668963b725800c898a7f749c3a6086dfe4087c73c29af,765e053cd24611e5,set_aside,target_pending.csv,bc9832eea596f3e697ee8a5da0f79935,6962320119,10.17605/osf.io/dftmb,1,10.1038/s41562-018-0399-z,Evaluating the replicability of social science experiments in Nature and Science between 2010 and 2015,llm_author_year_search,,
2026-09-24T15:22:47+00:00,"ad0750a,d7f55d9,HEAD",c048ab6483d37c33a06668963b725800c898a7f749c3a6086dfe4087c73c29af,765e053cd24611e5,set_aside,target_pending.csv,bdec761f5c4056b739a840a1e5a50418,7155032707,10.1177/17470218261446824,1,10.1177/1747021819879826,Testing the independence of self-reported interoceptive accuracy and attention,llm_references,,
2026-09-24T15:22:47+00:00,"ad0750a,d7f55d9,HEAD",c048ab6483d37c33a06668963b725800c898a7f749c3a6086dfe4087c73c29af,765e053cd24611e5,superseded,,beb605a46a8e5097b0c5e0a6b448eeda,2132143717,10.1136/jmg.2008.062992,2,10.1056/nejmoa072743,A Genetic Risk Factor for Periodic Limb Movements in Sleep,llm_references,5035e6a9887a07b614b0f3af84d0d845,10.1038/ng2099
2026-09-24T15:22:47+00:00,"ad0750a,d7f55d9,HEAD",c048ab6483d37c33a06668963b725800c898a7f749c3a6086dfe4087c73c29af,765e053cd24611e5,set_aside,prospective_registration.csv,bed45463d878275b633ce2c2511087e9,6962554213,10.17605/osf.io/9vsxt,1,10.1037/a0027407,"I am what I do, not what I have: The differential centrality of experiential and material purchases to the self",llm_title_search,,
2026-09-24T15:22:47+00:00,"ad0750a,d7f55d9,HEAD",c048ab6483d37c33a06668963b725800c898a7f749c3a6086dfe4087c73c29af,765e053cd24611e5,set_aside,no_evidence.csv,bf95b32954b60497b4e9f47a76415e37,6925372355,10.17605/osf.io/n7yc4,1,10.1177/1948550617720269,The Dark Side of a Smiley,llm_title_search,,
2026-09-24T15:22:47+00:00,"ad0750a,d7f55d9,HEAD",c048ab6483d37c33a06668963b725800c898a7f749c3a6086dfe4087c73c29af,765e053cd24611e5,set_aside,no_original_found.csv,bfa9db1e2ae53dd42e30c9e249410e41,6980731587,,2,10.1027/1864-9335/a000347,Powerful Pharma and Its Marginalized Alternatives?,llm_author_year_search,,
2026-09-24T15:22:47+00:00,"ad0750a,d7f55d9,HEAD",c048ab6483d37c33a06668963b725800c898a7f749c3a6086dfe4087c73c29af,765e053cd24611e5,set_aside,search_link_unconfirmed.csv,c038f1be118d08ad8f77cc56eaa5807d,4408286160,10.1007/s00787-025-02681-1,1,10.1016/j.jaac.2022.07.864,An Optimized Version of the Positive and Negative Symptoms Scale (PANSS) for Pediatric Trials,llm_references,,
2026-09-24T15:22:47+00:00,"ad0750a,d7f55d9,HEAD",c048ab6483d37c33a06668963b725800c898a7f749c3a6086dfe4087c73c29af,765e053cd24611e5,set_aside,prospective_registration.csv,c080f552d682d90947001eaaf415b053,6887733950,10.17605/osf.io/j7tps,1,10.1037/0021-9010.92.2.545,The role of anticipated regret in escalation of commitment,llm_title_search,,
2026-09-24T15:22:47+00:00,"ad0750a,d7f55d9,HEAD",c048ab6483d37c33a06668963b725800c898a7f749c3a6086dfe4087c73c29af,765e053cd24611e5,set_aside,prospective_registration.csv,c1f3af008211ba3f3eb13b26bc69c430,7037903918,,1,10.1177/0956797613485965,Women’s Luteal-Phase Sexual Proceptivity and the Functions of Extended Sexuality,llm_title_search,,
2026-09-24T15:22:47+00:00,"ad0750a,d7f55d9,HEAD",c048ab6483d37c33a06668963b725800c898a7f749c3a6086dfe4087c73c29af,765e053cd24611e5,set_aside,prospective_registration.csv,c207844613793ffcd5bcffc0f50c1dc9,7117364127,10.17605/osf.io/v3umq,1,10.1111/j.1469-8986.2005.00270.x,On the ERN and the significance of errors,llm_title_search,,
2026-09-24T15:22:47+00:00,"ad0750a,d7f55d9,HEAD",c048ab6483d37c33a06668963b725800c898a7f749c3a6086dfe4087c73c29af,765e053cd24611e5,set_aside,prospective_registration.csv,c23761855653bd487debae397e6f0a57,6887742578,10.17605/osf.io/b6y8r,1,10.1016/j.jesp.2017.11.001,Educationism and the irony of meritocracy: Negative attitudes of higher educated people towards the less educated,llm_title_search,,
2026-09-24T15:22:47+00:00,"ad0750a,d7f55d9,HEAD",c048ab6483d37c33a06668963b725800c898a7f749c3a6086dfe4087c73c29af,765e053cd24611e5,set_aside,prospective_registration.csv,c2b2ee6e136bc78f813f9bacebceb43a,6944237383,10.17605/osf.io/wtpsr,1,10.1006/jesp.1996.1314,The folk concept of intentionality,llm_title_search,,
2026-09-24T15:22:47+00:00,"ad0750a,d7f55d9,HEAD",c048ab6483d37c33a06668963b725800c898a7f749c3a6086dfe4087c73c29af,765e053cd24611e5,set_aside,target_pending.csv,c30fb4804e3a6bd471bc8ecdfd0bdc02,4386962580,10.1108/ijwbr-12-2022-0049,1,10.1108/ijwbr-12-2017-0072,Extending the double jeopardy and duplication of purchase laws to the wine market,llm_references,,
2026-09-24T15:22:47+00:00,"ad0750a,d7f55d9,HEAD",c048ab6483d37c33a06668963b725800c898a7f749c3a6086dfe4087c73c29af,765e053cd24611e5,superseded,,c34c2bfab273f0e8cd9f9a9c6931dec3,2011616241,10.1080/00220388.2013.807501,2,10.1093/oxfordjournals.jae.a020932,Sources of Slow Growth in African Economies,llm_references,2de37ea7b68f079a2ca1ef30f23b7bba,10.3386/w5398
2026-09-24T15:22:47+00:00,"ad0750a,d7f55d9,HEAD",c048ab6483d37c33a06668963b725800c898a7f749c3a6086dfe4087c73c29af,765e053cd24611e5,superseded,,c403bc90aa36881503b8ace73f7326a7,3044016183,10.3389/fgene.2020.00827,1,10.1093/hmg/ddr460,"A genome-wide association study identifies a potential novel gene locus for keratoconus, one of the commonest causes for corneal transplantation in developed countries",llm_references,851bd61b7c24bdaa0b7ce59340138bfc,10.1001/jamaophthalmol.2019.5293
2026-09-24T15:22:47+00:00,"ad0750a,d7f55d9,HEAD",c048ab6483d37c33a06668963b725800c898a7f749c3a6086dfe4087c73c29af,765e053cd24611e5,set_aside,prospective_registration.csv,c40cdca86b66cdf2ab3044055cc3ebe5,6887711755,10.17605/osf.io/pvr6t,1,10.1037/0022-3514.49.6.1621,Global self-evaluation as determined by the desirability and controllability of trait adjectives.,llm_author_year_search,,
2026-09-24T15:22:47+00:00,"ad0750a,d7f55d9,HEAD",c048ab6483d37c33a06668963b725800c898a7f749c3a6086dfe4087c73c29af,765e053cd24611e5,set_aside,prospective_registration.csv,c564e380006347689e127432e9bff98d,6948260060,10.5167/uzh-255731,1,10.1038/nature02447,Neural activity predicts individual differences in visual working memory capacity,llm_title_search,,
2026-09-24T15:22:47+00:00,"ad0750a,d7f55d9,HEAD",c048ab6483d37c33a06668963b725800c898a7f749c3a6086dfe4087c73c29af,765e053cd24611e5,superseded,,c5d446a7bd49285dcb3a78b2e27e410e,4242919532,10.31219/osf.io/9fgu8,2,10.1177/0261927x12474654,Emotional Language and Political Aggression,llm_author_year_search,05fbe7ec7a54a743966fb221abc5f3e1|3cc43f2240fdfef2ae6145ce751f9f17,10.1177/0261927x12438532|10.1177/0261927x12460666
2026-09-24T15:22:47+00:00,"ad0750a,d7f55d9,HEAD",c048ab6483d37c33a06668963b725800c898a7f749c3a6086dfe4087c73c29af,765e053cd24611e5,set_aside,no_original_found.csv,c62cbda4ee26c9cfd1a1c5ffe3bf9802,1987830443,10.1371/journal.pone.0031470,1,10.1007/s00439-010-0883-7,FTO influences on longitudinal BMI over childhood and adulthood and modulation on relationship between birth weight and longitudinal BMI,llm_references,,
2026-09-24T15:22:47+00:00,"ad0750a,d7f55d9,HEAD",c048ab6483d37c33a06668963b725800c898a7f749c3a6086dfe4087c73c29af,765e053cd24611e5,superseded,,c63757cd448fd24dc3e28fc632e7d320,4409242339,10.3390/bs15040487,1,10.5817/cp2023-4-8,The psychological impacts of content moderation on content moderators: A qualitative study,llm_references,3145d21aba89ba77a6937ab6c50d243e,10.1089/cyber.2023.0298
2026-09-24T15:22:47+00:00,"ad0750a,d7f55d9,HEAD",c048ab6483d37c33a06668963b725800c898a7f749c3a6086dfe4087c73c29af,765e053cd24611e5,set_aside,prospective_registration.csv,c659198a109d6362a1175d3df753ce37,6906391278,10.17605/osf.io/jgf2c,1,10.3390/ijerph18168400,The dark factor of personality and risk-taking,llm_title_search,,
2026-09-24T15:22:47+00:00,"ad0750a,d7f55d9,HEAD",c048ab6483d37c33a06668963b725800c898a7f749c3a6086dfe4087c73c29af,765e053cd24611e5,set_aside,prospective_registration.csv,c6c291e315cb041b147c89469ef6cd04,7130282438,,1,10.1207/s1532785xmep0404_01,Moral Judgment as a Predictor of Enjoyment of Crime Drama,llm_title_search,,
2026-09-24T15:22:47+00:00,"ad0750a,d7f55d9,HEAD",c048ab6483d37c33a06668963b725800c898a7f749c3a6086dfe4087c73c29af,765e053cd24611e5,set_aside,target_pending.csv,c70a125bf25e944ea6f86fe2b9f558fe,2016429785,10.1037/0022-0167.37.3.269,1,10.1016/0001-8791(81)90028-2,Traditionality of choice and sex-role identification as moderators of the congruence of occupational choice in college women,llm_references,,
2026-09-24T15:22:47+00:00,"ad0750a,d7f55d9,HEAD",c048ab6483d37c33a06668963b725800c898a7f749c3a6086dfe4087c73c29af,765e053cd24611e5,set_aside,prospective_registration.csv,c75e28a73451541a05dfc18bf00db37f,6962573819,10.17605/osf.io/ea4r9,1,10.1023/a:1019923923537,The preference for indirect harm,llm_title_search,,
2026-09-24T15:22:47+00:00,"ad0750a,d7f55d9,HEAD",c048ab6483d37c33a06668963b725800c898a7f749c3a6086dfe4087c73c29af,765e053cd24611e5,set_aside,search_link_unconfirmed.csv,c79e69c83f98f45098e0a0a2979163ce,3006325128,10.1111/jcpp.13229,1,10.3390/cells8090943,Mismatched Prenatal and Postnatal Maternal Depressive Symptoms and Child Behaviours: A Sex-Dependent Role for NR3C1 DNA Methylation in the Wirral Child Health and Development Study,llm_references,,
2026-09-24T15:22:47+00:00,"ad0750a,d7f55d9,HEAD",c048ab6483d37c33a06668963b725800c898a7f749c3a6086dfe4087c73c29af,765e053cd24611e5,set_aside,no_evidence.csv,c84b2487f1ef1d461a1bb110272db4d8,7030103660,,1,10.1177/0305735606067168,Songs and emotions: are lyrics and melodies equal partners?,llm_author_year_search,,
2026-09-24T15:22:47+00:00,"ad0750a,d7f55d9,HEAD",c048ab6483d37c33a06668963b725800c898a7f749c3a6086dfe4087c73c29af,765e053cd24611e5,set_aside,api_error.csv,c8ad700c85919eb4c30161ed041f581f,1977734316,10.1167/iovs.08-2382,1,10.1167/iovs.06-0214,Two-Stage Genome-Wide Linkage Scan in Keratoconus Sib Pair Families,llm_references,,
2026-09-24T15:22:47+00:00,"ad0750a,d7f55d9,HEAD",c048ab6483d37c33a06668963b725800c898a7f749c3a6086dfe4087c73c29af,765e053cd24611e5,set_aside,target_pending.csv,c8d1a1a9a0c3847d3285684989fbfb82,1972762203,10.1111/j.1360-0443.1996.tb02327.x,1,10.1111/j.1360-0443.1996.tb02326.x,Taxonomy of high-risk situations for alcohol relapse: evolution and development of a cognitive-behavioral model,llm_references,,
2026-09-24T15:22:47+00:00,"ad0750a,d7f55d9,HEAD",c048ab6483d37c33a06668963b725800c898a7f749c3a6086dfe4087c73c29af,765e053cd24611e5,set_aside,target_pending.csv,c90ca8d5890d2ba44f86b9f95c343f31,2230640574,10.1002/ajmg.b.20004,1,10.1016/s0140-6736(94)91581-4,Association of dopamine D2 receptor molecular variant with schizophrenia,llm_references,,
2026-09-24T15:22:47+00:00,"ad0750a,d7f55d9,HEAD",c048ab6483d37c33a06668963b725800c898a7f749c3a6086dfe4087c73c29af,765e053cd24611e5,superseded,,c94a79aa6745328582aab0a67d55c7c9,2286950196,10.3233/blc-150027,9,10.1080/02841860600812693,"Polymorphisms inXPD,XPCand the risk of death in patients with urinary bladder neoplasms",llm_references,02d3f4bcde87789cd5796f4ecd8d7504|700df9d6a448dd408efa1f700f061f55|a77aa75c83bd86d7e8200b8e71d2dc0b|1a2ff8a918d1181faeb1795c17d7a618|5bb837bf60f165f7397b6751c82335ee,10.1158/1940-6207.capr-10-0035|10.1007/s12032-009-9187-y|10.1002/ijc.28186|10.1093/carcin/bgp077|10.1080/00365590600991946
2026-09-24T15:22:47+00:00,"ad0750a,d7f55d9,HEAD",c048ab6483d37c33a06668963b725800c898a7f749c3a6086dfe4087c73c29af,765e053cd24611e5,superseded,,c94d915e8c89e957c6cb3f911485f101,2026245214,10.1002/art.22301,3,10.1359/jbmr.2002.17.7.1290,Association Analysis of Single Nucleotide Polymorphisms in Cartilage-Specific Collagen Genes With Knee and Hip Osteoarthritis in the Japanese Population,llm_references,b540b37ec460fbcb92bfd67b0bb6af78,10.1093/hmg/ddi093
2026-09-24T15:22:47+00:00,"ad0750a,d7f55d9,HEAD",c048ab6483d37c33a06668963b725800c898a7f749c3a6086dfe4087c73c29af,765e053cd24611e5,set_aside,target_pending.csv,c94e94ded218c422288bbd13ec26b981,4386476095,10.1016/j.ijhcs.2023.103143,1,10.1016/j.chb.2018.07.031,Does a prosocial decision in video games lead to increased prosocial real-life behavior? The impact of reward and reasoning,llm_references,,
2026-09-24T15:22:47+00:00,"ad0750a,d7f55d9,HEAD",c048ab6483d37c33a06668963b725800c898a7f749c3a6086dfe4087c73c29af,765e053cd24611e5,set_aside,prospective_registration.csv,c9a0b7a83f88d9a44d65bf553bb492c5,7112309071,,1,10.1017/s1930297500000966,Memory reflected in our decisions: Higher working memory capacity predicts greater bias in risky choice,llm_title_search,,
2026-09-24T15:22:47+00:00,"ad0750a,d7f55d9,HEAD",c048ab6483d37c33a06668963b725800c898a7f749c3a6086dfe4087c73c29af,765e053cd24611e5,set_aside,prospective_registration.csv,c9a9acf5b476a780420fc8e30df77e09,7161241207,10.23668/psycharchives.22126,1,10.1037/ocp0000117,"Finding peace of mind when there still is so much left undone —A diary study on how job stress, competence need satisfaction, and proactive work behavior contribute to work-related rumination during the weekend",llm_title_search,,
2026-09-24T15:22:47+00:00,"ad0750a,d7f55d9,HEAD",c048ab6483d37c33a06668963b725800c898a7f749c3a6086dfe4087c73c29af,765e053cd24611e5,set_aside,prospective_registration.csv,c9f6d3c2be841e4c106ee6601aaf42f2,3039816094,10.17605/osf.io/7hz3x,1,10.1152/japplphysiol.91324.2008,Mental fatigue impairs physical performance in humans,llm_title_search,,
2026-09-24T15:22:47+00:00,"ad0750a,d7f55d9,HEAD",c048ab6483d37c33a06668963b725800c898a7f749c3a6086dfe4087c73c29af,765e053cd24611e5,superseded,,ca56e844296b43099bc0562813b771d7,2029996644,10.1073/pnas.0508189103,1,10.1111/j.1399-0004.2006.00600.x,Linkage with the Ser9Gly DRD3 polymorphism in essential tremor families,llm_references,28bc495ddb4a7335add7ce009b8b8434,10.1038/ng0997-84
2026-09-24T15:22:47+00:00,"ad0750a,d7f55d9,HEAD",c048ab6483d37c33a06668963b725800c898a7f749c3a6086dfe4087c73c29af,765e053cd24611e5,set_aside,search_link_unconfirmed.csv,ca847b38f0ebf7b9e2767c2daf4f9656,4391065910,10.1016/j.xjmad.2024.100050,1,10.1016/j.brat.2022.104227,No joy - why bother? Higher anhedonia relates to reduced pleasure from and motivation for threat avoidance,llm_references,,
2026-09-24T15:22:47+00:00,"ad0750a,d7f55d9,HEAD",c048ab6483d37c33a06668963b725800c898a7f749c3a6086dfe4087c73c29af,765e053cd24611e5,set_aside,target_pending.csv,caa5ee448d0d44f36835c1a4e57354b2,6887659333,10.17605/osf.io/fx8qa,1,10.1002/bdm.767,The Martyrdom Effect: When Pain and Effort Increase Prosocial Contributions,llm_title_search,,
2026-09-24T15:22:47+00:00,"ad0750a,d7f55d9,HEAD",c048ab6483d37c33a06668963b725800c898a7f749c3a6086dfe4087c73c29af,765e053cd24611e5,set_aside,prospective_registration.csv,cab93b8574e24cd6e4a2615e0b0eaa03,6906272154,10.17605/osf.io/5frwn,1,10.1016/0749-5978(85)90049-4,The psychology of sunk cost,llm_author_year_search,,
2026-09-24T15:22:47+00:00,"ad0750a,d7f55d9,HEAD",c048ab6483d37c33a06668963b725800c898a7f749c3a6086dfe4087c73c29af,765e053cd24611e5,set_aside,prospective_registration.csv,cafc1159e6f34e1ceb56b88e86ff13a1,6925521240,10.17605/osf.io/qez7u,1,10.1177/0956797616649604,How to Improve Adolescent Stress Responses,llm_author_year_search,,
2026-09-24T15:22:47+00:00,"ad0750a,d7f55d9,HEAD",c048ab6483d37c33a06668963b725800c898a7f749c3a6086dfe4087c73c29af,765e053cd24611e5,superseded,,cb3a2e8ca7ba6363195919c85c32eef3,3200469149,10.1007/s11251-021-09556-3,1,10.1007/s42010-018-0021-0,Der Einfluss der Lernumgebung auf die (wahrgenommene) Authentizität der linguistischen Wissenschaftsvermittlung und das Situationale Interesse von Lernenden,llm_references,3135fe4fd0f845f8567c23c02f38eb15,10.1007/s42010-018-0020-1
2026-09-24T15:22:47+00:00,"ad0750a,d7f55d9,HEAD",c048ab6483d37c33a06668963b725800c898a7f749c3a6086dfe4087c73c29af,765e053cd24611e5,set_aside,search_link_unconfirmed.csv|unidentified_original.csv,cb5e02654bdffd63c0eab135f093b8f0,4409361717,10.1609/aaai.v39i25.34818,13,10.1109/tpami.2011.272,Context-aware saliency detection,llm_title_search,,
2026-09-24T15:22:47+00:00,"ad0750a,d7f55d9,HEAD",c048ab6483d37c33a06668963b725800c898a7f749c3a6086dfe4087c73c29af,765e053cd24611e5,set_aside,prospective_registration.csv,cbfc13c4db2986326023df967f7a0fec,6943944637,10.17605/osf.io/d3j2y,1,10.1037/a0013748,Moral typecasting: Divergent perceptions of moral agents and moral patients,llm_title_search,,
2026-09-24T15:22:47+00:00,"ad0750a,d7f55d9,HEAD",c048ab6483d37c33a06668963b725800c898a7f749c3a6086dfe4087c73c29af,765e053cd24611e5,superseded,,cc1bbd500075e207acf3c96d75e87e78,3036032493,10.3389/fnhum.2020.00230,2,10.1016/j.neuropsychologia.2015.07.013,Decreasing propensity to mind-wander with transcranial direct current stimulation,llm_references,a95ceb25f80b9f856dfc8ef26cd01a1e,10.1073/pnas.1421435112
2026-09-24T15:22:47+00:00,"ad0750a,d7f55d9,HEAD",c048ab6483d37c33a06668963b725800c898a7f749c3a6086dfe4087c73c29af,765e053cd24611e5,set_aside,prospective_registration.csv,cd1bc2e5ddbae8f383947422112c74ff,6996285846,,1,10.1177/0956797619881133,Not Learning From Failure—the Greatest Failure of All,llm_author_year_search,,
2026-09-24T15:22:47+00:00,"ad0750a,d7f55d9,HEAD",c048ab6483d37c33a06668963b725800c898a7f749c3a6086dfe4087c73c29af,765e053cd24611e5,set_aside,search_link_unconfirmed.csv,ce0f42cb8159df8a14df3b0eef43d667,3123252901,10.1098/rsos.200830,1,10.1152/jn.00755.2006,Perceptual Correlate of Nociceptive Long-Term Potentiation (LTP) in Humans Shares the Time Course of Early-LTP,llm_references,,
2026-09-24T15:22:47+00:00,"ad0750a,d7f55d9,HEAD",c048ab6483d37c33a06668963b725800c898a7f749c3a6086dfe4087c73c29af,765e053cd24611e5,superseded,,ce1ad2550128f996e271a277105fac85,4245917713,10.31234/osf.io/2dr9e,3,10.1016/j.paid.2005.05.009,Dissociation and memory suppression: A comparison of high and low dissociative individuals’ performance on the Think–No Think task,llm_fulltext,91582c954a017cd7328bac50eb394a76,10.1038/35066572
2026-09-24T15:22:47+00:00,"ad0750a,d7f55d9,HEAD",c048ab6483d37c33a06668963b725800c898a7f749c3a6086dfe4087c73c29af,765e053cd24611e5,set_aside,prospective_registration.csv,ce3ac8fb69407cde7fa3302fcdbe79ca,4417411299,10.71240/lcyc.568858,1,10.3758/pbr.16.2.328,Reading habits for both words and numbers contribute to the SNARC effect,llm_author_year_search,,
2026-09-24T15:22:47+00:00,"ad0750a,d7f55d9,HEAD",c048ab6483d37c33a06668963b725800c898a7f749c3a6086dfe4087c73c29af,765e053cd24611e5,set_aside,no_evidence.csv,ce3d4cf34cdd0f701f8f9a49f97163e4,7125469821,,1,10.1080/10410236.2023.2235733,Inoculating Against Anti-Vaccination Conspiracies,llm_author_year_search,,
2026-09-24T15:22:47+00:00,"ad0750a,d7f55d9,HEAD",c048ab6483d37c33a06668963b725800c898a7f749c3a6086dfe4087c73c29af,765e053cd24611e5,superseded,,ce49ab3a413ae03a4173e54c68fffb7d,3133294682,10.18718/81781.19,1,10.3368/jhr.54.2.0217.8561r1,The Labor Market Effects of a Refugee Wave,llm_references,b9ba836d43f87e5808c9b21ae6f18b54,10.2139/ssrn.2940595
2026-09-24T15:22:47+00:00,"ad0750a,d7f55d9,HEAD",c048ab6483d37c33a06668963b725800c898a7f749c3a6086dfe4087c73c29af,765e053cd24611e5,set_aside,api_error.csv,ce9f223260671ff691ba554e2bf6b4fa,2575179971,10.1080/09291016.2016.1275400,2,10.1016/j.neulet.2013.08.016,A novel association of two non-synonymous polymorphisms in PER2 and PER3 genes with specific diurnal preference subscales,llm_references,,
2026-09-24T15:22:47+00:00,"ad0750a,d7f55d9,HEAD",c048ab6483d37c33a06668963b725800c898a7f749c3a6086dfe4087c73c29af,765e053cd24611e5,set_aside,target_pending.csv,ceb55a7cc89387061336ebb00092e7f5,2528127065,10.1182/blood-2016-07-728063,2,10.1016/j.bbmt.2011.07.004,Polymorphisms in CCR6 Are Associated with Chronic Graft-versus-Host Disease and Invasive Fungal Disease in Matched-Related Hematopoietic Stem Cell Transplantation,llm_references,,
2026-09-24T15:22:47+00:00,"ad0750a,d7f55d9,HEAD",c048ab6483d37c33a06668963b725800c898a7f749c3a6086dfe4087c73c29af,765e053cd24611e5,set_aside,prospective_registration.csv,ceeb994df7b2784ce2115ba9bf43f841,3134579078,,1,10.1073/pnas.1407535111,A computational and neural model of momentary subjective well-being,llm_title_search,,
2026-09-24T15:22:47+00:00,"ad0750a,d7f55d9,HEAD",c048ab6483d37c33a06668963b725800c898a7f749c3a6086dfe4087c73c29af,765e053cd24611e5,superseded,,cefa8bb501350db55d94da386c2ea635,7075309549,,2,10.1007/s10902-011-9267-5,Happiness runs in a circular motion: Evidence for a positive feedback loop between prosocial spending and happiness,llm_title_search,4855354b39fdbb251464632f3147a329,10.1126/science.1150952
2026-09-24T15:22:47+00:00,"ad0750a,d7f55d9,HEAD",c048ab6483d37c33a06668963b725800c898a7f749c3a6086dfe4087c73c29af,765e053cd24611e5,set_aside,target_pending.csv,cf362d71a0351b99f0d93fe795e07791,7148347611,10.1002/ovs2.70024,1,10.1097/opx.0000000000001698,OculoMotor Assessment Tool Test Procedure and Normative Data,llm_references,,
2026-09-24T15:22:47+00:00,"ad0750a,d7f55d9,HEAD",c048ab6483d37c33a06668963b725800c898a7f749c3a6086dfe4087c73c29af,765e053cd24611e5,set_aside,prospective_registration.csv,cfa1fd90826dd22806eb73828dccd166,7113062100,,1,10.1016/j.cognition.2012.11.003,To push or not to push? Affective influences on moral judgment depend on decision frame,llm_title_search,,
2026-09-24T15:22:47+00:00,"ad0750a,d7f55d9,HEAD",c048ab6483d37c33a06668963b725800c898a7f749c3a6086dfe4087c73c29af,765e053cd24611e5,set_aside,prospective_registration.csv,d054a1429e353acb9cef589fdd7ba06b,6887718279,10.17605/osf.io/9vkat,1,10.1037/e683322011-018,"Money, kisses, and electric shocks: On the affective psychology of risk",llm_title_search,,
2026-09-24T15:22:47+00:00,"ad0750a,d7f55d9,HEAD",c048ab6483d37c33a06668963b725800c898a7f749c3a6086dfe4087c73c29af,765e053cd24611e5,set_aside,target_pending.csv,d0af51943a0fe86698993d536d5d2d79,3195256135,10.1002/jeab.713,1,10.1002/jeab.539,Baseline training sequence affects speed of emergent conditional discriminations,llm_references,,
2026-09-24T15:22:47+00:00,"ad0750a,d7f55d9,HEAD",c048ab6483d37c33a06668963b725800c898a7f749c3a6086dfe4087c73c29af,765e053cd24611e5,set_aside,target_pending.csv,d1ba5a8320f146c6fe589c5d875e0f8b,2073819448,10.1348/135532505x83587,1,10.1080/14999013.2005.10471213,Predicting Institutional Adjustment with the Lifestyle Criminality Screening Form and Psychological Inventory of Criminal Thinking Styles,llm_references,,
2026-09-24T15:22:47+00:00,"ad0750a,d7f55d9,HEAD",c048ab6483d37c33a06668963b725800c898a7f749c3a6086dfe4087c73c29af,765e053cd24611e5,set_aside,prospective_registration.csv,d201d2233fab7b7af45f3a4671cd22e8,6925436616,10.17605/osf.io/ejucx,1,10.1016/j.cogpsych.2018.01.001,The speed of memory errors shows the influence of misleading information: Testing the diffusion model and discrete-state models,llm_title_search,,
2026-09-24T15:22:47+00:00,"ad0750a,d7f55d9,HEAD",c048ab6483d37c33a06668963b725800c898a7f749c3a6086dfe4087c73c29af,765e053cd24611e5,set_aside,prospective_registration.csv,d2538e56692604be2f352f35802d57e2,6887682528,10.17605/osf.io/gu942,1,10.1016/0030-5073(76)90005-2,Knee-deep in the big muddy: a study of escalating commitment to a chosen course of action,llm_author_year_search,,
2026-09-24T15:22:47+00:00,"ad0750a,d7f55d9,HEAD",c048ab6483d37c33a06668963b725800c898a7f749c3a6086dfe4087c73c29af,765e053cd24611e5,set_aside,target_pending.csv,d25694c543682ca1242115d4ff9c59d5,4318764318,10.1093/ijpor/edac040,1,10.1093/jssam/smx020,Mitigating Satisficing in Cognitively Demanding Grid Questions: Evidence from Two Web-Based Experiments,llm_references,,
2026-09-24T15:22:47+00:00,"ad0750a,d7f55d9,HEAD",c048ab6483d37c33a06668963b725800c898a7f749c3a6086dfe4087c73c29af,765e053cd24611e5,set_aside,prospective_registration.csv,d2b111c44d1903aaa302742173701eb6,6962720998,10.17605/osf.io/726jc,5,10.1037/0003-066x.54.6.408,The origins of sex differences in human behavior: Evolved dispositions versus social roles.,llm_author_year_search,,
2026-09-24T15:22:47+00:00,"ad0750a,d7f55d9,HEAD",c048ab6483d37c33a06668963b725800c898a7f749c3a6086dfe4087c73c29af,765e053cd24611e5,set_aside,target_pending.csv,d2e022335ba8f2d5afcb5ec1a30cb863,1905079993,10.1002/alr.21275,1,10.1002/alr.21140,Genetics of the taste receptor T2R38 correlates with chronic rhinosinusitis necessitating surgical intervention,llm_references,,
2026-09-24T15:22:47+00:00,"ad0750a,d7f55d9,HEAD",c048ab6483d37c33a06668963b725800c898a7f749c3a6086dfe4087c73c29af,765e053cd24611e5,set_aside,prospective_registration.csv,d316851da1e3be40960369f34e6d81ed,6906420637,10.17605/osf.io/a8stv,1,10.2139/ssrn.977085,Alone in a crowd of sheep: Asymmetric perceptions of conformity and their roots in an introspection illusion,llm_title_search,,
2026-09-24T15:22:47+00:00,"ad0750a,d7f55d9,HEAD",c048ab6483d37c33a06668963b725800c898a7f749c3a6086dfe4087c73c29af,765e053cd24611e5,set_aside,search_link_unconfirmed.csv,d3867b7399eb869c1586ff5cbddc904a,7165969795,10.31210/spi2026.29.01.40,1,10.1038/s41598-023-40048-1,"Development and validation of a sleep questionnaire, SNoRE 3.0, to evaluate sleep in companion dogs",llm_title_search,,
2026-09-24T15:22:47+00:00,"ad0750a,d7f55d9,HEAD",c048ab6483d37c33a06668963b725800c898a7f749c3a6086dfe4087c73c29af,765e053cd24611e5,set_aside,prospective_registration.csv,d3cf80dd98fe7462489cd7958ca8e5af,7053584814,,1,10.1606/1044-3894.1212,"Using Response Time Measures to Assess “Guilty Knowledge”. Journal of Applied Psychology, 85, 30-37. https://doi.org/10.1037/0021-9010.85.1.30",llm_fulltext,,
2026-09-24T15:22:47+00:00,"ad0750a,d7f55d9,HEAD",c048ab6483d37c33a06668963b725800c898a7f749c3a6086dfe4087c73c29af,765e053cd24611e5,set_aside,target_pending.csv,d3e86414479b101a06655e5e3ddb0b3b,4404730650,10.1007/s10608-024-10550-5,1,10.1017/s0033291718002106,Why dysfunctional expectations in depression persist – Results from two experimental studies investigating cognitive immunization,llm_references,,
2026-09-24T15:22:47+00:00,"ad0750a,d7f55d9,HEAD",c048ab6483d37c33a06668963b725800c898a7f749c3a6086dfe4087c73c29af,765e053cd24611e5,set_aside,target_pending.csv,d4ac90d0f0e2a5c12a628abc0619c064,2611033029,10.3928/01484834-20170421-06,1,10.3928/01484834-20070201-09,A Survey of Physical Assessment Techniques Performed by RNs: Lessons for Nursing Education,llm_references,,
2026-09-24T15:22:47+00:00,"ad0750a,d7f55d9,HEAD",c048ab6483d37c33a06668963b725800c898a7f749c3a6086dfe4087c73c29af,765e053cd24611e5,set_aside,prospective_registration.csv,d4b36f9c8fe4215e84694e6901469b4d,6906323829,10.17605/osf.io/btm7v,1,10.1037/a0024608,Unconscious addition: When we unconsciously initiate and follow arithmetic rules,llm_title_search,,
2026-09-24T15:22:47+00:00,"ad0750a,d7f55d9,HEAD",c048ab6483d37c33a06668963b725800c898a7f749c3a6086dfe4087c73c29af,765e053cd24611e5,set_aside,target_pending.csv,d4fd0b7e12288bc5f8402dd990cfe246,1573958836,10.1111/j.1533-8525.1989.tb01519.x,1,10.2307/2093381,Leaders and Ruling Elites: The Interorganizational Bases of Community Power,llm_references,,
2026-09-24T15:22:47+00:00,"ad0750a,d7f55d9,HEAD",c048ab6483d37c33a06668963b725800c898a7f749c3a6086dfe4087c73c29af,765e053cd24611e5,set_aside,prospective_registration.csv,d5ca315741deb9ec6fff050e69cbdfb9,6924957410,10.17605/osf.io/5rw2s,1,10.1145/3544548.3581296,Do You Mind? User Perceptions of Machine Consciousness,llm_title_search,,
2026-09-24T15:22:47+00:00,"ad0750a,d7f55d9,HEAD",c048ab6483d37c33a06668963b725800c898a7f749c3a6086dfe4087c73c29af,765e053cd24611e5,set_aside,prospective_registration.csv,d5d3a1f7d341569a9cbef4151458adee,7017422332,,1,10.1073/pnas.1211286109,Science faculty’s subtle gender biases favor male students,llm_author_year_search,,
2026-09-24T15:22:47+00:00,"ad0750a,d7f55d9,HEAD",c048ab6483d37c33a06668963b725800c898a7f749c3a6086dfe4087c73c29af,765e053cd24611e5,set_aside,prospective_registration.csv,d6cf0177ce9cd407539efc7aef0b15a7,2785196395,,1,10.31219/osf.io/p7kfh,The woman who wasn’t there: Converging evidence that subliminal social comparison affects self-evaluation.,llm_title_search,,
2026-09-24T15:22:47+00:00,"ad0750a,d7f55d9,HEAD",c048ab6483d37c33a06668963b725800c898a7f749c3a6086dfe4087c73c29af,765e053cd24611e5,superseded,,d6e8b51cd5048db4fd608a8bf0ea1a6a,2026245214,10.1002/art.22301,1,10.1038/ng1496,An aspartic acid repeat polymorphism in asporin inhibits chondrogenesis and increases susceptibility to osteoarthritis,llm_references,b540b37ec460fbcb92bfd67b0bb6af78,10.1093/hmg/ddi093
2026-09-24T15:22:47+00:00,"ad0750a,d7f55d9,HEAD",c048ab6483d37c33a06668963b725800c898a7f749c3a6086dfe4087c73c29af,765e053cd24611e5,set_aside,no_evidence.csv,d77707683e781ea27e4ca96c1d19bcb0,7026874008,,1,10.1111/lang.12278,A Cognitive Linguistics Application for Second Language Pedagogy: The English Preposition Tutor,llm_author_year_search,,
2026-09-24T15:22:47+00:00,"ad0750a,d7f55d9,HEAD",c048ab6483d37c33a06668963b725800c898a7f749c3a6086dfe4087c73c29af,765e053cd24611e5,set_aside,target_pending.csv,d883c9fa1622732a1587f918c6defbc0,2159848139,10.2337/db07-1365,1,10.1038/ng1790,A common genetic variant in the NOS1 regulator NOS1AP modulates cardiac repolarization,llm_references,,
2026-09-24T15:22:47+00:00,"ad0750a,d7f55d9,HEAD",c048ab6483d37c33a06668963b725800c898a7f749c3a6086dfe4087c73c29af,765e053cd24611e5,set_aside,prospective_registration.csv,d95c980edea82824fe6566bf89c50c6b,6944042639,10.17605/osf.io/jgrz3,1,10.1177/0146167211399583,Finding the faithless: Perceived atheist prevalence reduces anti-atheist prejudice,llm_title_search,,
2026-09-24T15:22:47+00:00,"ad0750a,d7f55d9,HEAD",c048ab6483d37c33a06668963b725800c898a7f749c3a6086dfe4087c73c29af,765e053cd24611e5,set_aside,search_link_unconfirmed.csv,d96e14c8d4e8551ed64dc587409fea18,7066094115,,1,10.1006/jesp.1999.1402,Distinguishing Gains from Nonlosses and Losses from Nongains: A Regulatory Focus Perspective on Hedonic Intensity,llm_author_year_search,,
2026-09-24T15:22:47+00:00,"ad0750a,d7f55d9,HEAD",c048ab6483d37c33a06668963b725800c898a7f749c3a6086dfe4087c73c29af,765e053cd24611e5,set_aside,prospective_registration.csv,da865f41419965e5795584d3f4d7efd6,1125956708,,1,10.1111/j.1547-5069.2004.04016.x,"Job Stress, Job Performance, and Social Support Among Hospital Nurses",llm_author_year_search,,
2026-09-24T15:22:47+00:00,"ad0750a,d7f55d9,HEAD",c048ab6483d37c33a06668963b725800c898a7f749c3a6086dfe4087c73c29af,765e053cd24611e5,set_aside,no_original_found.csv,dbd75d54d9a3a68a621cf0a4b3fff672,3094081590,10.17605/osf.io/8gjqx,1,10.1016/j.ijpsycho.2015.11.013,Individual differences in dopamine level modulate the ego depletion effect,llm_title_search,,
2026-09-24T15:22:47+00:00,"ad0750a,d7f55d9,HEAD",c048ab6483d37c33a06668963b725800c898a7f749c3a6086dfe4087c73c29af,765e053cd24611e5,set_aside,prospective_registration.csv,dc099974e6ed59ff55888f91a335ccd2,6925164667,10.17605/osf.io/k5x4z,1,10.1177/0146167213508791,Value judgments and the true self,llm_title_search,,
2026-09-24T15:22:47+00:00,"ad0750a,d7f55d9,HEAD",c048ab6483d37c33a06668963b725800c898a7f749c3a6086dfe4087c73c29af,765e053cd24611e5,set_aside,search_link_unconfirmed.csv,dca4d3bf451fe3912a694dbeb2f282ce,3106038557,10.1093/hropen/hoaa047,1,10.1093/humrep/dey329,Is IUI with ovarian stimulation effective in couples with unexplained subfertility?,llm_title_search,,
2026-09-24T15:22:47+00:00,"ad0750a,d7f55d9,HEAD",c048ab6483d37c33a06668963b725800c898a7f749c3a6086dfe4087c73c29af,765e053cd24611e5,set_aside,target_pending.csv,dcc3db4e94d57bfb49864b261fdd5a0e,2022757614,10.3109/14992027.2012.705900,2,10.1159/000089410,"Ménière’s Disease Is Associated with Single Nucleotide Polymorphisms in the Human Potassium Channel Genes, &lt;i&gt;KCNE1&lt;/i&gt; and &lt;i&gt;KCNE3&lt;/i&gt;",llm_references,,
2026-09-24T15:22:47+00:00,"ad0750a,d7f55d9,HEAD",c048ab6483d37c33a06668963b725800c898a7f749c3a6086dfe4087c73c29af,765e053cd24611e5,set_aside,target_pending.csv,dd8301f23a0cc735d397e7988bec6066,71802120,10.1080/00222216.1977.11970318,1,10.2307/2063110,Leisure and the Family Life Cycle.,llm_references,,
2026-09-24T15:22:47+00:00,"ad0750a,d7f55d9,HEAD",c048ab6483d37c33a06668963b725800c898a7f749c3a6086dfe4087c73c29af,765e053cd24611e5,set_aside,prospective_registration.csv,ddf29a15f54b6f06194b870f3cbc2831,6943903681,10.17605/osf.io/2bzhr,1,10.1006/jesp.1996.0010,"Counterfactuals, causal attributions, and the hindsight bias: A conceptual integration. (3). 197-227",llm_title_search,,
2026-09-24T15:22:47+00:00,"ad0750a,d7f55d9,HEAD",c048ab6483d37c33a06668963b725800c898a7f749c3a6086dfe4087c73c29af,765e053cd24611e5,set_aside,target_pending.csv,de0381b21644adca63a5daeccc1d8a4e,1996286996,10.1086/499755,2,10.1177/002246690103400403,A Comparison of Teachers' Attitudes Toward Their Included Students with Mild and Severe Disabilities,llm_references,,
2026-09-24T15:22:47+00:00,"ad0750a,d7f55d9,HEAD",c048ab6483d37c33a06668963b725800c898a7f749c3a6086dfe4087c73c29af,765e053cd24611e5,set_aside,prospective_registration.csv,de04059c67e22fabdc96abe9edac5814,7160430096,10.17605/osf.io/mq62z,1,10.32674/k51h9k90,Investing in Diversity: Enhancing Job Satisfaction among Faculty of Color through Work Environment,llm_author_year_search,,
2026-09-24T15:22:47+00:00,"ad0750a,d7f55d9,HEAD",c048ab6483d37c33a06668963b725800c898a7f749c3a6086dfe4087c73c29af,765e053cd24611e5,set_aside,target_pending.csv,de247fffc10a095e6df563b7abfffb71,2069626330,10.3109/07357907.2011.630052,1,10.1016/s1470-2045(10)70096-6,GPC5 rs2352028 variant and risk of lung cancer in never smokers,llm_references,,
2026-09-24T15:22:47+00:00,"ad0750a,d7f55d9,HEAD",c048ab6483d37c33a06668963b725800c898a7f749c3a6086dfe4087c73c29af,765e053cd24611e5,set_aside,prospective_registration.csv,de48956a5f705a7b095aac5e9fb55f4c,7160622583,10.17605/osf.io/d32gc,1,10.1037/0278-7393.25.2.464,Organizational factors in selective attention: The interplay of acoustic distinctiveness and auditory streaming in the irrelevant sound effect,llm_title_search,,
2026-09-24T15:22:47+00:00,"ad0750a,d7f55d9,HEAD",c048ab6483d37c33a06668963b725800c898a7f749c3a6086dfe4087c73c29af,765e053cd24611e5,set_aside,no_evidence.csv,de9f4c8d2bbcfddc77b6250fa2ae4e1b,6925334808,10.17605/osf.io/7txag,1,10.1037/xge0001210,Self-related primes reduce congruency effects in the Stroop task.,llm_author_year_search,,
2026-09-24T15:22:47+00:00,"ad0750a,d7f55d9,HEAD",c048ab6483d37c33a06668963b725800c898a7f749c3a6086dfe4087c73c29af,765e053cd24611e5,set_aside,prospective_registration.csv,dee82cae8adaa9c9e6cc89d12845b880,6887705345,10.17605/osf.io/e3fny,1,10.1016/j.brs.2023.01.690,Transcranial magnetic stimulation-induced heart-brain-coupling: implications for site selection and frontal thresholding,llm_author_year_search,,
2026-09-24T15:22:47+00:00,"ad0750a,d7f55d9,HEAD",c048ab6483d37c33a06668963b725800c898a7f749c3a6086dfe4087c73c29af,765e053cd24611e5,set_aside,no_evidence.csv,df0190e290446e183cbe6197a7e2bef0,7113209594,,1,10.1038/s41562-021-01093-w,A systematic review and meta-analysis of psychological interventions to improve mental wellbeing,llm_author_year_search,,
2026-09-24T15:22:47+00:00,"ad0750a,d7f55d9,HEAD",c048ab6483d37c33a06668963b725800c898a7f749c3a6086dfe4087c73c29af,765e053cd24611e5,set_aside,target_pending.csv,df0cad1e8a2e9fc84d6099b7749d9058,2618368139,10.13182/fst90-a29305,1,10.1016/0022-0728(89)80006-3,Electrochemically induced nuclear fusion of deuterium,llm_references,,
2026-09-24T15:22:47+00:00,"ad0750a,d7f55d9,HEAD",c048ab6483d37c33a06668963b725800c898a7f749c3a6086dfe4087c73c29af,765e053cd24611e5,set_aside,prospective_registration.csv,df7fdc5160b8ff4bed5387dbf787628a,6887722458,10.17605/osf.io/v2ec4,1,10.1509/jmr.12.0430.1,Framing influences willingness to pay but not willingness to accept,llm_title_search,,
2026-09-24T15:22:47+00:00,"ad0750a,d7f55d9,HEAD",c048ab6483d37c33a06668963b725800c898a7f749c3a6086dfe4087c73c29af,765e053cd24611e5,set_aside,target_pending.csv,e08da0ece6b88b4986918ae1d76a6e2c,3195697753,10.1016/j.jcrimjus.2021.101845,1,10.1207/s15327752jpa8401_16,Shame Coping Styles and Psychopathic Personality Traits,llm_references,,
2026-09-24T15:22:47+00:00,"ad0750a,d7f55d9,HEAD",c048ab6483d37c33a06668963b725800c898a7f749c3a6086dfe4087c73c29af,765e053cd24611e5,superseded,,e09dc64839b1380dcd9e1f06bfc26028,2089904175,10.1037//0021-9010.74.5.823,1,10.1037//0021-9010.72.4.573,Behavioral anchors as a source of bias in rating.,llm_author_year_search,4e86d4adbeebe0d59d36fc32cf12e7ad,10.1037/0021-9010.72.4.573
2026-09-24T15:22:47+00:00,"ad0750a,d7f55d9,HEAD",c048ab6483d37c33a06668963b725800c898a7f749c3a6086dfe4087c73c29af,765e053cd24611e5,set_aside,prospective_registration.csv,e16b98200d7a4f2385f0b212b488a264,2781666686,10.17605/osf.io/2vunx,1,10.1177/1948550611432938,Testing the Death Thought Suppression and Rebound Hypothesis,llm_title_search,,
2026-09-24T15:22:47+00:00,"ad0750a,d7f55d9,HEAD",c048ab6483d37c33a06668963b725800c898a7f749c3a6086dfe4087c73c29af,765e053cd24611e5,set_aside,target_pending.csv,e1b8d9dfdd28da277b9ff0853bf5468d,2099656049,10.1037/h0100790,1,10.1037//0022-006x.53.6.846,Therapist behavior as a determinant for client noncompliance: A paradox for the behavior modifier.,llm_references,,
2026-09-24T15:22:47+00:00,"ad0750a,d7f55d9,HEAD",c048ab6483d37c33a06668963b725800c898a7f749c3a6086dfe4087c73c29af,765e053cd24611e5,set_aside,target_pending.csv,e1c7a96050fc8cabc453e56c821cf464,2140625559,10.1185/03007995.2011.609540,1,10.1185/03007995.2011.609539,A randomized placebo-controlled trial of duloxetine in patients with major depressive disorder and associated painful physical symptoms,llm_references,,
2026-09-24T15:22:47+00:00,"ad0750a,d7f55d9,HEAD",c048ab6483d37c33a06668963b725800c898a7f749c3a6086dfe4087c73c29af,765e053cd24611e5,set_aside,target_pending.csv,e1efb61078364ade948a83d476f6c537,2765579774,10.5406/bulcouresmusedu.212.0027,1,10.1177/0022429416639232,Singer Perceptions of Collegiate Mid-Level Choral Experiences,llm_references,,
2026-09-24T15:22:47+00:00,"ad0750a,d7f55d9,HEAD",c048ab6483d37c33a06668963b725800c898a7f749c3a6086dfe4087c73c29af,765e053cd24611e5,set_aside,target_pending.csv,e1f145935be7129904019c22adec0de5,195104432,,1,10.1080/10437797.1998.10778906,Distance Learning in Social Work Education,llm_references,,
2026-09-24T15:22:47+00:00,"ad0750a,d7f55d9,HEAD",c048ab6483d37c33a06668963b725800c898a7f749c3a6086dfe4087c73c29af,765e053cd24611e5,set_aside,prospective_registration.csv,e1fcd951b04e88b9419b772d1ff2bbbb,3095284420,10.17605/osf.io/8chqu,1,10.1038/nature08637,Preventing the return of fear in humans using reconsolidation update mechanisms,llm_title_search,,
2026-09-24T15:22:47+00:00,"ad0750a,d7f55d9,HEAD",c048ab6483d37c33a06668963b725800c898a7f749c3a6086dfe4087c73c29af,765e053cd24611e5,set_aside,prospective_registration.csv,e2b50d95592649e52972670894e6be67,6887631985,10.17605/osf.io/8ew6s,1,10.1111/j.1467-9280.2008.02062.x,"Effects of Fluency on Psychological Distance and Mental Construal (or Why New York Is a Large City, but <i>New York</i> Is a Civilized Jungle)",llm_author_year_search,,
2026-09-24T15:22:47+00:00,"ad0750a,d7f55d9,HEAD",c048ab6483d37c33a06668963b725800c898a7f749c3a6086dfe4087c73c29af,765e053cd24611e5,set_aside,no_evidence.csv,e31dfcdb3213d447fb0eef51a3d41181,7138928909,10.17605/osf.io/uh2wt,1,10.1080/02699930600551592,"Evaluative conditioning with foods as CSs and body shapes as USs: No evidence for sex differences, extinction, or overshadowing",llm_author_year_search,,
2026-09-24T15:22:47+00:00,"ad0750a,d7f55d9,HEAD",c048ab6483d37c33a06668963b725800c898a7f749c3a6086dfe4087c73c29af,765e053cd24611e5,set_aside,search_link_unconfirmed.csv|unidentified_original.csv,e31e0d345ac7e947d343af215e085162,4409361717,10.1609/aaai.v39i25.34818,6,10.1109/tpami.2011.253,Learning sparse representations for human action recognition,llm_title_search,,
2026-09-24T15:22:47+00:00,"ad0750a,d7f55d9,HEAD",c048ab6483d37c33a06668963b725800c898a7f749c3a6086dfe4087c73c29af,765e053cd24611e5,set_aside,target_pending.csv,e364ec0d2947d81eafeb0020d99775f5,2618368139,10.13182/fst90-a29305,2,10.1038/338737a0,Observation of cold nuclear fusion in condensed matter,llm_references,,
2026-09-24T15:22:47+00:00,"ad0750a,d7f55d9,HEAD",c048ab6483d37c33a06668963b725800c898a7f749c3a6086dfe4087c73c29af,765e053cd24611e5,set_aside,target_pending.csv,e45030f14e62888c4c8475a7fd172fcc,1975016099,10.1111/j.1360-0443.1988.tb00507.x,1,10.1111/j.1360-0443.1986.tb00360.x,The Measurement of Opiate Dependence,llm_references,,
2026-09-24T15:22:47+00:00,"ad0750a,d7f55d9,HEAD",c048ab6483d37c33a06668963b725800c898a7f749c3a6086dfe4087c73c29af,765e053cd24611e5,set_aside,prospective_registration.csv,e455cc5fcebf80c4a833f5d93f4a45aa,6887757738,10.17605/osf.io/m9w53,1,10.1006/obhd.1994.1063,The psychology of windfall gains,llm_title_search,,
2026-09-24T15:22:47+00:00,"ad0750a,d7f55d9,HEAD",c048ab6483d37c33a06668963b725800c898a7f749c3a6086dfe4087c73c29af,765e053cd24611e5,set_aside,unidentified_original.csv,e4b8a2c5f9491e9cf5c5e6df33f4b0fd,3003371169,,1,10.1007/s11219-011-9140-0,Faster Defect Resolution with Higher Technical Quality of Software,llm_references,,
2026-09-24T15:22:47+00:00,"ad0750a,d7f55d9,HEAD",c048ab6483d37c33a06668963b725800c898a7f749c3a6086dfe4087c73c29af,765e053cd24611e5,set_aside,prospective_registration.csv,e5653fc035a6a6a1721ae54ff48144db,7113616825,,1,10.1037/h0028063,Social enhancement and impairment of performance in the cockroach.,llm_author_year_search,,
2026-09-24T15:22:47+00:00,"ad0750a,d7f55d9,HEAD",c048ab6483d37c33a06668963b725800c898a7f749c3a6086dfe4087c73c29af,765e053cd24611e5,set_aside,prospective_registration.csv,e585d86764a7e635a56afbc6d93e3e45,6887730921,10.17605/osf.io/7q4gt,1,10.1037/0022-3514.94.1.116,A needs-based model of reconciliation: Satisfying the differential emotional needs of victim and perpetrator as a key to promoting reconciliation.,llm_author_year_search,,
2026-09-24T15:22:47+00:00,"ad0750a,d7f55d9,HEAD",c048ab6483d37c33a06668963b725800c898a7f749c3a6086dfe4087c73c29af,765e053cd24611e5,set_aside,target_pending.csv,e5b15d56c60cc62156451fea67187ae5,2572237296,10.1108/s0193-230620150000018001,2,10.2307/2118508,Warm-Glow versus Cold-Prickle: The Effects of Positive and Negative Framing on Cooperation in Experiments,llm_references,,
2026-09-24T15:22:47+00:00,"ad0750a,d7f55d9,HEAD",c048ab6483d37c33a06668963b725800c898a7f749c3a6086dfe4087c73c29af,765e053cd24611e5,set_aside,search_link_unconfirmed.csv,e69c1bdd43e488903d734117055b5ea0,3032604040,10.1371/journal.pone.0233614,1,10.1113/jphysiol.2011.211953,Transcranial static magnetic field stimulation of the human motor cortex,llm_references,,
2026-09-24T15:22:47+00:00,"ad0750a,d7f55d9,HEAD",c048ab6483d37c33a06668963b725800c898a7f749c3a6086dfe4087c73c29af,765e053cd24611e5,set_aside,no_evidence.csv,e6b6fe3b62ac6266f829d914952eb835,7000868004,,1,10.1111/j.0956-7976.2004.00757.x,Effort for Payment,llm_author_year_search,,
2026-09-24T15:22:47+00:00,"ad0750a,d7f55d9,HEAD",c048ab6483d37c33a06668963b725800c898a7f749c3a6086dfe4087c73c29af,765e053cd24611e5,set_aside,prospective_registration.csv,e89c8f807cc109ea2682d5dba37e4d9f,2779045173,10.17605/osf.io/zyjzc,1,10.1177/0956797611398497,A Bad Taste in the Mouth,llm_author_year_search,,
2026-09-24T15:22:47+00:00,"ad0750a,d7f55d9,HEAD",c048ab6483d37c33a06668963b725800c898a7f749c3a6086dfe4087c73c29af,765e053cd24611e5,set_aside,prospective_registration.csv,e9a4b62c779566c062ef2235c1a52211,6944000332,10.17605/osf.io/ue5aq,1,10.1111/j.1467-9280.1997.tb00685.x,Moralization and Becoming a Vegetarian: The Transformation of Preferences Into Values and the Recruitment of Disgust,llm_title_search,,
2026-09-24T15:22:47+00:00,"ad0750a,d7f55d9,HEAD",c048ab6483d37c33a06668963b725800c898a7f749c3a6086dfe4087c73c29af,765e053cd24611e5,set_aside,prospective_registration.csv,ea51ed092fea8f584d765638e9e08126,7057075521,,1,10.1073/pnas.1118373109,Higher social class predicts increased unethical behavior,llm_title_search,,
2026-09-24T15:22:47+00:00,"ad0750a,d7f55d9,HEAD",c048ab6483d37c33a06668963b725800c898a7f749c3a6086dfe4087c73c29af,765e053cd24611e5,set_aside,target_pending.csv,ea90903be58e77551b26197a5ee1d67b,4405655548,10.1177/20531680241310002,1,10.1017/s0007123419000358,Do Political Finance Reforms Reduce Corruption?,llm_references,,
2026-09-24T15:22:47+00:00,"ad0750a,d7f55d9,HEAD",c048ab6483d37c33a06668963b725800c898a7f749c3a6086dfe4087c73c29af,765e053cd24611e5,set_aside,target_pending.csv,eb31ef31d3dfec75fe81fd85804e457b,4404387819,10.1016/j.meegid.2024.105690,2,10.1038/ng.1080,Common variants at 11p13 are associated with susceptibility to tuberculosis,llm_references,,
2026-09-24T15:22:47+00:00,"ad0750a,d7f55d9,HEAD",c048ab6483d37c33a06668963b725800c898a7f749c3a6086dfe4087c73c29af,765e053cd24611e5,set_aside,search_link_unconfirmed.csv|unidentified_original.csv,eb98ae00021c0bd35ba0e800e36c6a3f,4409361717,10.1609/aaai.v39i25.34818,8,10.1016/j.ab.2015.12.009,iSuc-PseOpt: identifying lysine succinylation sites in proteins by incorporating sequence-coupling effects into pseudo components and optimizing imbalanced training dataset,llm_title_search,,
2026-09-24T15:22:47+00:00,"ad0750a,d7f55d9,HEAD",c048ab6483d37c33a06668963b725800c898a7f749c3a6086dfe4087c73c29af,765e053cd24611e5,set_aside,prospective_registration.csv,ebbb5b9a56397b180f3d5e4dcd380c14,7128814920,10.17605/osf.io/ngbd5,1,10.1016/j.evolhumbehav.2021.03.006,Physical strength predicts political violence,llm_title_search,,
2026-09-24T15:22:47+00:00,"ad0750a,d7f55d9,HEAD",c048ab6483d37c33a06668963b725800c898a7f749c3a6086dfe4087c73c29af,765e053cd24611e5,set_aside,target_pending.csv,ec4467d09c8cb3ca534b54fca9c00e45,2900270862,10.1371/journal.pone.0205605,1,10.1007/s10608-005-4291-6,Links Between Parenting and Core Beliefs: Preliminary Psychometric Validation of the Young Parenting Inventory,llm_references,,
2026-09-24T15:22:47+00:00,"ad0750a,d7f55d9,HEAD",c048ab6483d37c33a06668963b725800c898a7f749c3a6086dfe4087c73c29af,765e053cd24611e5,set_aside,no_evidence.csv,ec47f8be2b4337ab95b8ec051dce6ce2,7033559345,,1,10.1037/0022-3514.73.3.495,Is empathy-induced helping due to self–other merging?,llm_title_search,,
2026-09-24T15:22:47+00:00,"ad0750a,d7f55d9,HEAD",c048ab6483d37c33a06668963b725800c898a7f749c3a6086dfe4087c73c29af,765e053cd24611e5,set_aside,prospective_registration.csv,ecda4276e3955ecdc889462b58987f9f,7126288601,,1,10.1016/j.jebo.2025.106952,"Evaluating the effects of a low-cost, online financial education program",llm_title_search,,
2026-09-24T15:22:47+00:00,"ad0750a,d7f55d9,HEAD",c048ab6483d37c33a06668963b725800c898a7f749c3a6086dfe4087c73c29af,765e053cd24611e5,set_aside,target_pending.csv,ed37c758bbea1eae7903420c92b9e6e9,2803568731,10.1080/10510974.2018.1463275,1,10.1016/j.chb.2015.12.005,Impression management concerns and support-seeking behavior on social network sites,llm_references,,
2026-09-24T15:22:47+00:00,"ad0750a,d7f55d9,HEAD",c048ab6483d37c33a06668963b725800c898a7f749c3a6086dfe4087c73c29af,765e053cd24611e5,set_aside,no_evidence.csv,ed47fe9bc98f47ff5d9cc3b939951747,6990693903,,1,10.1177/0146167210386238,Truth From Language and Truth From Fit: The Impact of Linguistic Concreteness and Level of Construal on Subjective Truth,llm_author_year_search,,
2026-09-24T15:22:47+00:00,"ad0750a,d7f55d9,HEAD",c048ab6483d37c33a06668963b725800c898a7f749c3a6086dfe4087c73c29af,765e053cd24611e5,set_aside,prospective_registration.csv,ee605feb09d7c0e6b74a1482e34b9e86,7127843278,,1,10.1016/j.brs.2023.01.690,Transcranial magnetic stimulation-induced heart-brain-coupling: implications for site selection and frontal thresholding,llm_author_year_search,,
2026-09-24T15:22:47+00:00,"ad0750a,d7f55d9,HEAD",c048ab6483d37c33a06668963b725800c898a7f749c3a6086dfe4087c73c29af,765e053cd24611e5,set_aside,unidentified_original.csv,ee846763856a77bc739a2cb1d1cdd41c,7161300660,10.48550/arxiv.2605.14087,1,10.18653/v1/2021.acl-long.522,DExperts: Decoding-Time Controlled Text Generation with Experts and Anti-Experts,llm_title_search,,
2026-09-24T15:22:47+00:00,"ad0750a,d7f55d9,HEAD",c048ab6483d37c33a06668963b725800c898a7f749c3a6086dfe4087c73c29af,765e053cd24611e5,set_aside,no_evidence.csv,eee6c3fe42fcbef490d165ba656aadca,7043085031,,1,10.1177/0146167212442394,When Does Feeling Moral Actually Make You a Better Person? Conceptual Abstraction Moderates Whether Past Moral Deeds Motivate Consistency or Compensatory Behavior,llm_author_year_search,,
2026-09-24T15:22:47+00:00,"ad0750a,d7f55d9,HEAD",c048ab6483d37c33a06668963b725800c898a7f749c3a6086dfe4087c73c29af,765e053cd24611e5,set_aside,prospective_registration.csv,efc9d76480cb71623d871710e316e8f1,6944240959,10.17605/osf.io/ne4ry,1,10.1002/job.598,Valuing diversity: a group-value approach to understanding the importance of organizational efforts to support diversity,llm_title_search,,
2026-09-24T15:22:47+00:00,"ad0750a,d7f55d9,HEAD",c048ab6483d37c33a06668963b725800c898a7f749c3a6086dfe4087c73c29af,765e053cd24611e5,set_aside,prospective_registration.csv,f03c118dbd3f588e94609a6a7fa68af7,7134998027,,1,10.17851/2237-2083.25.3.1043-1074,Social affective variations in Brazilian Portuguese: a perceptual and acoustic analysis,llm_author_year_search,,
2026-09-24T15:22:47+00:00,"ad0750a,d7f55d9,HEAD",c048ab6483d37c33a06668963b725800c898a7f749c3a6086dfe4087c73c29af,765e053cd24611e5,set_aside,prospective_registration.csv,f064369621cc6151c16670060297a394,6962643705,10.17605/osf.io/rq9hp,1,10.1038/s41598-018-36507-9,The antidepressant impact of minocycline in rodents: A systematic review and meta-analysis,llm_title_search,,
2026-09-24T15:22:47+00:00,"ad0750a,d7f55d9,HEAD",c048ab6483d37c33a06668963b725800c898a7f749c3a6086dfe4087c73c29af,765e053cd24611e5,set_aside,target_pending.csv,f09d01927633ee87239038cf3b41edc2,2131480429,10.1080/10640260390218639,1,10.1080/10640260390218297,School-Based Peer Support Groups: A New Approach to the Prevention of Disordered Eating,llm_references,,
2026-09-24T15:22:47+00:00,"ad0750a,d7f55d9,HEAD",c048ab6483d37c33a06668963b725800c898a7f749c3a6086dfe4087c73c29af,765e053cd24611e5,set_aside,prospective_registration.csv,f0bcdc069fd582486ae7a436347018ff,6887721502,10.17605/osf.io/f4rb6,1,10.1177/0146167202286008,The Bias Blind Spot: Perceptions of Bias in Self Versus Others,llm_author_year_search,,
2026-09-24T15:22:47+00:00,"ad0750a,d7f55d9,HEAD",c048ab6483d37c33a06668963b725800c898a7f749c3a6086dfe4087c73c29af,765e053cd24611e5,set_aside,prospective_registration.csv,f0fa7073e24f5598b0e016fce9c92ea8,6943992230,10.17605/osf.io/r6idy,1,10.1037/h0055756,Forming impressions of personality,llm_title_search,,
2026-09-24T15:22:47+00:00,"ad0750a,d7f55d9,HEAD",c048ab6483d37c33a06668963b725800c898a7f749c3a6086dfe4087c73c29af,765e053cd24611e5,set_aside,target_pending.csv,f15ca797a0fc5f7cb329fa08e535c46b,2944260573,10.1177/1091142119844790,1,10.1177/1091142118765786,"A Replication Study of “Openness, Country Size, and Government Size” ( <i>Journal of Public Economics</i> 2009)",llm_references,,
2026-09-24T15:22:47+00:00,"ad0750a,d7f55d9,HEAD",c048ab6483d37c33a06668963b725800c898a7f749c3a6086dfe4087c73c29af,765e053cd24611e5,set_aside,target_pending.csv,f17823f519cf89f05b2b1ff064bdbe37,4388942689,10.1177/13684302231208402,1,10.1111/j.1530-2415.2009.01191.x,Rejected by the Nation: The Electoral Defeat of Candidates Included in the Self Is Experienced as Personal Rejection,llm_references,,
2026-09-24T15:22:47+00:00,"ad0750a,d7f55d9,HEAD",c048ab6483d37c33a06668963b725800c898a7f749c3a6086dfe4087c73c29af,765e053cd24611e5,set_aside,target_pending.csv,f183f0fcd733a71239b7ed1328bb0663,3009352784,10.1177/1534508420909527,1,10.1177/1534508416679410,"Development and Validation of the Social, Academic, and Emotional Behavior Risk Screener–Student Rating Scale",llm_references,,
2026-09-24T15:22:47+00:00,"ad0750a,d7f55d9,HEAD",c048ab6483d37c33a06668963b725800c898a7f749c3a6086dfe4087c73c29af,765e053cd24611e5,set_aside,prospective_registration.csv,f1900aa374b9d878f00486018ca8ff67,6998790082,,1,10.1038/scientificamerican0465-46,Attitude and pupil size,llm_title_search,,
2026-09-24T15:22:47+00:00,"ad0750a,d7f55d9,HEAD",c048ab6483d37c33a06668963b725800c898a7f749c3a6086dfe4087c73c29af,765e053cd24611e5,set_aside,prospective_registration.csv,f1ba900ae766afe995d85a8b7971033e,6981249134,,1,10.1177/0956797613478614,Corollary Discharge Provides the Sensory Content of Inner Speech,llm_title_search,,
2026-09-24T15:22:47+00:00,"ad0750a,d7f55d9,HEAD",c048ab6483d37c33a06668963b725800c898a7f749c3a6086dfe4087c73c29af,765e053cd24611e5,set_aside,keyed_link_disputed.csv,f1bbb4d70c2339e490148d1afa4032ce,2097932095,10.1093/rheumatology/ker444,1,10.1038/ng.624,Genome-wide association studies identify IL23R-IL12RB2 and IL10 as Behçet's disease susceptibility loci,llm_references,,
2026-09-24T15:22:47+00:00,"ad0750a,d7f55d9,HEAD",c048ab6483d37c33a06668963b725800c898a7f749c3a6086dfe4087c73c29af,765e053cd24611e5,set_aside,prospective_registration.csv,f1e55fd0b3d51574a70642dfb2a1c72f,2978133250,10.17605/osf.io/xc5ym,1,10.1177/0956797615598739,A Gender Bias in the Attribution of Creativity,llm_title_search,,
2026-09-24T15:22:47+00:00,"ad0750a,d7f55d9,HEAD",c048ab6483d37c33a06668963b725800c898a7f749c3a6086dfe4087c73c29af,765e053cd24611e5,set_aside,target_pending.csv,f29cc18e2a020781268d1ff3de6ed8b7,1996034292,10.3109/02699206.2012.744097,1,10.3109/02699206.2012.736011,Deficits in sequential processing manifest in motor and linguistic tasks in a multigenerational family with childhood apraxia of speech,llm_references,,
2026-09-24T15:22:47+00:00,"ad0750a,d7f55d9,HEAD",c048ab6483d37c33a06668963b725800c898a7f749c3a6086dfe4087c73c29af,765e053cd24611e5,set_aside,prospective_registration.csv,f31aa3062a93a8f9c06d108d3fa120c7,2783379353,,1,10.1177/0956797611435919,Warm Thoughts,llm_author_year_search,,
2026-09-24T15:22:47+00:00,"ad0750a,d7f55d9,HEAD",c048ab6483d37c33a06668963b725800c898a7f749c3a6086dfe4087c73c29af,765e053cd24611e5,set_aside,prospective_registration.csv,f399a9b95b66ccdf3770b91b5d0115eb,6887637388,10.17605/osf.io/8p73s,1,10.1006/jesp.1996.0010,"Counterfactuals, causal attributions, and the hindsight bias: A conceptual integration. (3). 197-227",llm_title_search,,
2026-09-24T15:22:47+00:00,"ad0750a,d7f55d9,HEAD",c048ab6483d37c33a06668963b725800c898a7f749c3a6086dfe4087c73c29af,765e053cd24611e5,set_aside,target_pending.csv,f3b15d344c0086e1be3c237a6a13dfd5,2126261214,10.1002/bem.20337,2,10.1002/(sici)1521-186x(1997)18:2<132::aid-bem6>3.0.co;2-3,Role of modulation on the effect of microwaves on ornithine decarboxylase activity in L929 cells,llm_references,,
2026-09-24T15:22:47+00:00,"ad0750a,d7f55d9,HEAD",c048ab6483d37c33a06668963b725800c898a7f749c3a6086dfe4087c73c29af,765e053cd24611e5,set_aside,prospective_registration.csv,f400a25227343e7beba621918cf5f90e,7024226029,,1,10.1007/s00464-014-3606-7,Postoperative complications in bariatric surgery using age and BMI stratification: a study using ACS-NSQIP data,llm_author_year_search,,
2026-09-24T15:22:47+00:00,"ad0750a,d7f55d9,HEAD",c048ab6483d37c33a06668963b725800c898a7f749c3a6086dfe4087c73c29af,765e053cd24611e5,set_aside,prospective_registration.csv,f40ac2844184cd0cb12db035f5e34630,7005715736,,1,10.1007/s40806-015-0017-5,Do (non-American) Men Overestimate Women’s Sexual Intentions?,llm_author_year_search,,
2026-09-24T15:22:47+00:00,"ad0750a,d7f55d9,HEAD",c048ab6483d37c33a06668963b725800c898a7f749c3a6086dfe4087c73c29af,765e053cd24611e5,set_aside,prospective_registration.csv,f46f0582b56211a2ca7f05fc0461dc6b,4361980438,10.5281/zenodo.7790012,1,10.1126/sciadv.abo2190,Extreme weather events and the politics of climate change attribution,llm_author_year_search,,
2026-09-24T15:22:47+00:00,"ad0750a,d7f55d9,HEAD",c048ab6483d37c33a06668963b725800c898a7f749c3a6086dfe4087c73c29af,765e053cd24611e5,set_aside,target_pending.csv,f4a2b91132b9e72ee4f7e3064664e00d,2040055156,10.1111/j.1748-0361.2005.tb00079.x,1,10.1054/xc.2001.24218,Perceived barriers to rural nurse practitioner practice,llm_references,,
2026-09-24T15:22:47+00:00,"ad0750a,d7f55d9,HEAD",c048ab6483d37c33a06668963b725800c898a7f749c3a6086dfe4087c73c29af,765e053cd24611e5,set_aside,prospective_registration.csv,f4f2008305b9c68866213f46cb04b6da,6962541488,10.17605/osf.io/p3scn,1,10.1177/0014402917708216,Curriculum-based measurement of reading growth: Weekly versus intermittent progress monitoring,llm_title_search,,
2026-09-24T15:22:47+00:00,"ad0750a,d7f55d9,HEAD",c048ab6483d37c33a06668963b725800c898a7f749c3a6086dfe4087c73c29af,765e053cd24611e5,set_aside,prospective_registration.csv,f50584ce71fe83343a9e5f3d37eb3ec0,6906235007,10.17605/osf.io/2egqr,1,10.1016/j.cognition.2011.04.005,When ignorance is no excuse: Different roles for intent across moral domains,llm_author_year_search,,
2026-09-24T15:22:47+00:00,"ad0750a,d7f55d9,HEAD",c048ab6483d37c33a06668963b725800c898a7f749c3a6086dfe4087c73c29af,765e053cd24611e5,superseded,,f5c658f5c981b2d1bd09152d76fcdc0b,1969328642,10.1521/jscp.2010.29.8.903,1,10.1348/135910707x250929,Expressive writing in context: The effects of a confessional setting and delivery of instructions on participant experience and language in writing,llm_references,7d253aab20c94156d66dcbbf0ffb50d9|db56e4dabd224e36359ad1d4e26b6dfe,10.1037/0033-2909.132.6.823|10.1037/0022-006x.74.2.243
2026-09-24T15:22:47+00:00,"ad0750a,d7f55d9,HEAD",c048ab6483d37c33a06668963b725800c898a7f749c3a6086dfe4087c73c29af,765e053cd24611e5,set_aside,search_link_unconfirmed.csv,f5c8e46dfec68540ee36791c01cdcc95,2051228418,10.1167/iovs.11-8068,1,10.1093/hmg/ddr121,Genome-wide meta-analysis for severe diabetic retinopathy,llm_title_search,,
2026-09-24T15:22:47+00:00,"ad0750a,d7f55d9,HEAD",c048ab6483d37c33a06668963b725800c898a7f749c3a6086dfe4087c73c29af,765e053cd24611e5,set_aside,prospective_registration.csv,f63937e71cbdf01f05f6be09b222a8cb,6944192430,10.17605/osf.io/pqhfm,1,10.1186/s12889-020-8396-3,The time spent sitting does not always mean a low level of physical activity,llm_title_search,,
2026-09-24T15:22:47+00:00,"ad0750a,d7f55d9,HEAD",c048ab6483d37c33a06668963b725800c898a7f749c3a6086dfe4087c73c29af,765e053cd24611e5,superseded,,f64c4d160530254bf0d749169b00b2ae,4245917713,10.31234/osf.io/2dr9e,2,10.1523/jneurosci.2640-12.2012,Purging of memories from conscious awareness tracked in the human brain,llm_title_search,91582c954a017cd7328bac50eb394a76,10.1038/35066572
2026-09-24T15:22:47+00:00,"ad0750a,d7f55d9,HEAD",c048ab6483d37c33a06668963b725800c898a7f749c3a6086dfe4087c73c29af,765e053cd24611e5,set_aside,target_pending.csv,f68803ab3ecb535f51f25ea5e2ed2fd0,2101092817,10.1123/jpah.5.1.19,1,10.1006/pmed.2002.1074,Wheeling Walks: A Community Campaign Using Paid Media to Encourage Walking Among Sedentary Older Adults,llm_references,,
2026-09-24T15:22:47+00:00,"ad0750a,d7f55d9,HEAD",c048ab6483d37c33a06668963b725800c898a7f749c3a6086dfe4087c73c29af,765e053cd24611e5,superseded,,f6ae4a6b91efe66f5df0de59c692a5a9,7037368941,,1,10.5555/257572.257677,Inter-item correlations among function points,llm_title_search,a7f3d2c6ef3fe71a571c7f663dcab825,10.1007/bf00125809
2026-09-24T15:22:47+00:00,"ad0750a,d7f55d9,HEAD",c048ab6483d37c33a06668963b725800c898a7f749c3a6086dfe4087c73c29af,765e053cd24611e5,set_aside,search_link_unconfirmed.csv|unidentified_original.csv,f711d3d6c4bec28ffd4f4b9f25647e27,4409361717,10.1609/aaai.v39i25.34818,4,10.1109/tip.2012.2191563,Blind image quality assessment: A natural scene statistics approach in the DCT domain,llm_title_search,,
2026-09-24T15:22:47+00:00,"ad0750a,d7f55d9,HEAD",c048ab6483d37c33a06668963b725800c898a7f749c3a6086dfe4087c73c29af,765e053cd24611e5,set_aside,prospective_registration.csv,f7a1069b6a360260371832d2b76ddb2f,6887782855,10.17605/osf.io/k5tm7,1,10.3758/bf03213805,The temporality effect in counterfactual thinking about what might have been,llm_title_search,,
2026-09-24T15:22:47+00:00,"ad0750a,d7f55d9,HEAD",c048ab6483d37c33a06668963b725800c898a7f749c3a6086dfe4087c73c29af,765e053cd24611e5,set_aside,prospective_registration.csv,f82ca09c82298f2cb3acbb34f2616913,3115598276,10.1002/acp.3781,1,10.1016/0749-596x(86)90041-0,Encoding difficulty and memory: Toward a unifying theory,llm_title_search,,
2026-09-24T15:22:47+00:00,"ad0750a,d7f55d9,HEAD",c048ab6483d37c33a06668963b725800c898a7f749c3a6086dfe4087c73c29af,765e053cd24611e5,set_aside,keyed_link_disputed.csv,f85dacf8b31ea06bfc46486eabf961c8,2321512726,10.2307/1385911,1,10.2307/2094469,Traditional Religion in Contemporary Society: A Theory of Local-Cosmopolitan Plausibility,llm_references,,
2026-09-24T15:22:47+00:00,"ad0750a,d7f55d9,HEAD",c048ab6483d37c33a06668963b725800c898a7f749c3a6086dfe4087c73c29af,765e053cd24611e5,set_aside,target_pending.csv,f8ae43a011e353ff401de1b2b3f24176,2040380870,10.2466/pms.1987.65.2.439,1,10.1007/978-1-4684-3974-8_12,Chromesthetic Responses to the Music of G. F. Handel,llm_references,,
2026-09-24T15:22:47+00:00,"ad0750a,d7f55d9,HEAD",c048ab6483d37c33a06668963b725800c898a7f749c3a6086dfe4087c73c29af,765e053cd24611e5,set_aside,target_pending.csv,f94477f649871e9e95d02170f1a39ae0,1981139617,10.2307/2094258,1,10.2307/2093420,Class and Conformity: A Study in Values.,llm_references,,
2026-09-24T15:22:47+00:00,"ad0750a,d7f55d9,HEAD",c048ab6483d37c33a06668963b725800c898a7f749c3a6086dfe4087c73c29af,765e053cd24611e5,set_aside,prospective_registration.csv,f9868a1f0f0f3140088bd282605c5a1f,6887674545,10.17605/osf.io/8evf4,1,10.1016/s0191-8869(97)00136-0,"Personality, birth order and attachment styles as related to various types of jealousy",llm_title_search,,
2026-09-24T15:22:47+00:00,"ad0750a,d7f55d9,HEAD",c048ab6483d37c33a06668963b725800c898a7f749c3a6086dfe4087c73c29af,765e053cd24611e5,set_aside,target_pending.csv,f9ca8b72d915c23cec6a9210881ffe29,2334032509,10.1108/pijpsm-10-2015-0127,2,10.1007/0-387-36956-2,Enhancing Police Integrity,llm_author_year_search,,
2026-09-24T15:22:47+00:00,"ad0750a,d7f55d9,HEAD",c048ab6483d37c33a06668963b725800c898a7f749c3a6086dfe4087c73c29af,765e053cd24611e5,set_aside,prospective_registration.csv,f9ef9d728416010e9988881a6b15a570,6944263983,10.17605/osf.io/p2hr3,1,10.1111/psyp.12132,Reliability of the ERN across multiple tasks as a function of increasing errors,llm_title_search,,
2026-09-24T15:22:47+00:00,"ad0750a,d7f55d9,HEAD",c048ab6483d37c33a06668963b725800c898a7f749c3a6086dfe4087c73c29af,765e053cd24611e5,set_aside,search_link_unconfirmed.csv|unidentified_original.csv,fa272a03658aed9271ff937c59d03a2e,4409361717,10.1609/aaai.v39i25.34818,3,10.1016/j.asoc.2011.08.040,Development and investigation of efficient artificial bee colony algorithm for numerical function optimization,llm_title_search,,
2026-09-24T15:22:47+00:00,"ad0750a,d7f55d9,HEAD",c048ab6483d37c33a06668963b725800c898a7f749c3a6086dfe4087c73c29af,765e053cd24611e5,set_aside,target_pending.csv,fa9436bdf5709aa4cd97c710c92ec930,2002592274,10.1001/archneurol.2010.292,2,10.1001/jama.2010.574,Genome-wide Analysis of Genetic Loci Associated With Alzheimer Disease,llm_references,,
2026-09-24T15:22:47+00:00,"ad0750a,d7f55d9,HEAD",c048ab6483d37c33a06668963b725800c898a7f749c3a6086dfe4087c73c29af,765e053cd24611e5,set_aside,prospective_registration.csv,fafa5259cacdf7ff9d3f7bf3ebfe0066,7008151610,,1,10.1080/00223891.2018.1491855,The Development and Validation of the Autotelic Personality Questionnaire,llm_title_search,,
2026-09-24T15:22:47+00:00,"ad0750a,d7f55d9,HEAD",c048ab6483d37c33a06668963b725800c898a7f749c3a6086dfe4087c73c29af,765e053cd24611e5,not_admitted,c048ab6483d37c33a06668963b725800c898a7f749c3a6086dfe4087c73c29af,fb09ae5afaadaef31e67a581836b03df,3090766329,10.3758/s13414-019-01950-x,2,10.1037/xhp0000230,Memory-based attention capture when multiple items are maintained in visual working memory.,llm_author_year_search,,
2026-09-24T15:22:47+00:00,"ad0750a,d7f55d9,HEAD",c048ab6483d37c33a06668963b725800c898a7f749c3a6086dfe4087c73c29af,765e053cd24611e5,set_aside,target_pending.csv,fb866b372fb74a5d01639b29eef915b0,7061669344,,1,10.31234/osf.io/m5kjy,Two Replications of Wiechert et al.’s (2023) Online Think/No-Think Study in Undergraduate Students,llm_author_year_search,,
2026-09-24T15:22:47+00:00,"ad0750a,d7f55d9,HEAD",c048ab6483d37c33a06668963b725800c898a7f749c3a6086dfe4087c73c29af,765e053cd24611e5,superseded,,fbac690f1ce56c3d90ea014140b681f3,2286950196,10.3233/blc-150027,1,10.1007/s00439-009-0645-6,Bladder cancer SNP panel predicts susceptibility and survival,llm_references,02d3f4bcde87789cd5796f4ecd8d7504|700df9d6a448dd408efa1f700f061f55|a77aa75c83bd86d7e8200b8e71d2dc0b|1a2ff8a918d1181faeb1795c17d7a618|5bb837bf60f165f7397b6751c82335ee,10.1158/1940-6207.capr-10-0035|10.1007/s12032-009-9187-y|10.1002/ijc.28186|10.1093/carcin/bgp077|10.1080/00365590600991946
2026-09-24T15:22:47+00:00,"ad0750a,d7f55d9,HEAD",c048ab6483d37c33a06668963b725800c898a7f749c3a6086dfe4087c73c29af,765e053cd24611e5,set_aside,prospective_registration.csv,fc6991e9f81443a88242439811092b78,6943936899,10.17605/osf.io/84y9j,1,10.1016/j.cortex.2019.11.014,The focus of spatial attention during the induction of central sensitization can modulate the subsequent development of secondary hyperalgesia,llm_title_search,,
2026-09-24T15:22:47+00:00,"ad0750a,d7f55d9,HEAD",c048ab6483d37c33a06668963b725800c898a7f749c3a6086dfe4087c73c29af,765e053cd24611e5,set_aside,prospective_registration.csv,fc7632f9aae4957190574c42650bb260,6980610965,,1,10.1093/jcr/ucx039,Color Saturation Increases Perceived Product Size,llm_title_search,,
2026-09-24T15:22:47+00:00,"ad0750a,d7f55d9,HEAD",c048ab6483d37c33a06668963b725800c898a7f749c3a6086dfe4087c73c29af,765e053cd24611e5,superseded,,fc76d4de200860903390c04d0bf8598e,2162230245,10.1093/hmg/ddu041,7,10.1093/humrep/dem176,A polymorphism in the AMH type II receptor gene is associated with age at menopause in interaction with parity,llm_title_search,e825309845b700623d7a65fad4121f4d,10.1210/jc.84.9.3146
2026-09-24T15:22:47+00:00,"ad0750a,d7f55d9,HEAD",c048ab6483d37c33a06668963b725800c898a7f749c3a6086dfe4087c73c29af,765e053cd24611e5,superseded,,fc92240fe0e96f42fe377482ed805609,6887677297,10.17605/osf.io/eqy76,1,10.1348/0144665031752970,"The effects of emotional salience, cognitive effort and meta-cognitive beliefs on a reality monitoring task in hallucination- prone subjects",llm_title_search,facb669d83ae40d9579b988fd28ac7ed,10.1080/13546805.2010.530472
2026-09-24T15:22:47+00:00,"ad0750a,d7f55d9,HEAD",c048ab6483d37c33a06668963b725800c898a7f749c3a6086dfe4087c73c29af,765e053cd24611e5,set_aside,prospective_registration.csv,fcc101bf6cfb82b6d7640959f837caa7,7117714676,10.17605/osf.io/4k7sm,1,10.1016/j.cogpsych.2024.101692,Doing things efficiently: Testing an account of why simple explanations are satisfying,llm_title_search,,
2026-09-24T15:22:47+00:00,"ad0750a,d7f55d9,HEAD",c048ab6483d37c33a06668963b725800c898a7f749c3a6086dfe4087c73c29af,765e053cd24611e5,set_aside,prospective_registration.csv,fd00105be7d71c1adbf2d6e8403dd7e1,6944533828,10.17605/osf.io/d2b48,1,10.1111/j.1467-9280.2006.01704.x,The Anchoring-and-Adjustment Heuristic,llm_title_search,,
2026-09-24T15:22:47+00:00,"ad0750a,d7f55d9,HEAD",c048ab6483d37c33a06668963b725800c898a7f749c3a6086dfe4087c73c29af,765e053cd24611e5,superseded,,fe2f6fcd19334da460c3fc59dbde72e2,7037368941,,5,10.1016/j.infsof.2013.04.003,Towards a simplified definition of Function Points,llm_title_search,a7f3d2c6ef3fe71a571c7f663dcab825,10.1007/bf00125809
2026-09-24T15:22:47+00:00,"ad0750a,d7f55d9,HEAD",c048ab6483d37c33a06668963b725800c898a7f749c3a6086dfe4087c73c29af,765e053cd24611e5,set_aside,prospective_registration.csv,fe3a0b1a364f060d3b96b84f7d07c30a,7125568674,,1,10.1016/j.jbusvent.2018.01.004,Feeling capable and valued: A prosocial perspective on the link between empathy and social entrepreneurial intentions,llm_author_year_search,,
2026-09-24T15:22:47+00:00,"ad0750a,d7f55d9,HEAD",c048ab6483d37c33a06668963b725800c898a7f749c3a6086dfe4087c73c29af,765e053cd24611e5,set_aside,target_pending.csv,fe5709cfc3de9b468e34eb8334fffb14,2061956506,10.1080/10417948109372515,1,10.1080/03637756609375490,Attitudinal effects of selected types of concluding metaphors in persuasive speeches,llm_references,,
2026-09-24T15:22:47+00:00,"ad0750a,d7f55d9,HEAD",c048ab6483d37c33a06668963b725800c898a7f749c3a6086dfe4087c73c29af,765e053cd24611e5,superseded,,ff6b990eaf39e3aa969db6ed9c7486e2,3018465724,10.1523/eneuro.0332-19.2020,1,10.1038/nature09965,Shank3 mutant mice display autistic-like behaviours and striatal dysfunction,llm_references,07968348128de11da21a42af97311c9c|e54e0f1a2602e8921f2d3828dbd04d80,10.1002/aur.1664|10.1038/nature16971
2026-09-24T15:22:47+00:00,"ad0750a,d7f55d9,HEAD",c048ab6483d37c33a06668963b725800c898a7f749c3a6086dfe4087c73c29af,765e053cd24611e5,superseded,,ffb5664cbf0da29e820078d2ba254728,2162230245,10.1093/hmg/ddu041,3,10.1038/ng.1051,Meta-analyses identify 13 loci associated with age at menopause and highlight DNA repair and immune pathways,llm_title_search,e825309845b700623d7a65fad4121f4d,10.1210/jc.84.9.3146
