case_id,doi_r,title,abstract,your_verdict,your_confidence,your_note
V01,10.1109/agro-geoinformatics.2019.8820589,Preliminary Approach on Adaptability of Oryza2000 Model for Single Cropping Rice in Jiangsu Province (China),"The ORYZA2000 rice model is currently the most versatile rice growth simulation model jointly developed by the International Rice Research Institute (IRRI) and the Wageningen University. In this paper, Jiangsu province, well known as land of plenty, was chosen as a study area to evaluate ORYZA2000 using datasets where the same (similar) varieties were grown under both direct sowing and transplanting conditions, in order to verify the capability and adaptability of model to reproduce the effect of different establishing methods on single-cropping rice growth and development in the middle region of Jiangsu province with the same calibrated parameter set. The field experiments were carried out in 2016. All the available observation data, collected at nine field experimental sites located in the middle region of Jiangsu province, was split into calibration and validation datasets. In the general, it is concluded that the ORYZA2000 model was adaptable and could be applied in scenarios analysis in Jiangsu province with the parameters adjustment and the model localization.",,,
V02,10.1111/1751-7915.12460,Bespoke design of whole‐cell microbial machines,"Six years ago, I wrote a perspective article with Lars Blank (now at Aachen) and Jens Kromer (The University of Queensland) describing a grand challenge of developing chassis cells: tailorable cells that can be used to rapidly engineer production of industrially useful biochemicals (Vickers et al., 2010). We listed four requirements to develop chassis cells: a minimal cell, with associated reduction of complexity; the ability to tightly and predictably control overall cellular behaviour; the ability to precisely direct cellular carbon flux towards desired products; and a toolbox of technologies that enable high-level microbial engineering. Here, I will examine progress in each of these areas. I will also speculate on where we might go with this technology in the future. The minimal genome developed recently by the J. Craig Venter Institute (JCVI; (Hutchison et al., 2016) is the smallest known genome capable of sustaining self-replication of a free-living organism – albeit one that grows relatively slowly and that requires fairly complex nutritional support. Significant work is required to develop an industrially useful chassis cell using this technology, including improved growth rate and the ability to grow well under stresses typical of an industrial bioprocess (Vickers, 2016). However, it does demonstrate proof of concept for extreme genome minimization – one of the two approaches to construct a chassis cell. The other is greenfield genome design, a considerably more challenging approach requiring both the capacity to synthesize complete genomes and a full understanding of minimal metabolic requirements. While writing DNA has notably lagged behind reading DNA, we are now at the stage where, with a reasonable amount of resources and infrastructure, one can write entire microbial genomes from templates. However, of the 473 genes encoded on the minimal genome, the function of 149 is currently unknown (Hutchison et al., 2016) – indicating that we still have some way to go to achieve the sufficiently detailed understanding of cellular requirements that would enable true greenfield design. Notwithstanding this, it is fair to say that we are starting to move towards the point where we can seriously consider the ground-up construction of chassis cells. This will be accelerated by the ability to interrogate in detail what it takes to make a functional genome through the kind of genome minimization experiments pioneered at JVCI. The second requirement for chassis cell design is the ability to tightly and predictably control overall cellular behaviour. This goes hand in glove with the detailed understanding of metabolic behaviour required to build a cell from the ground-up. Understanding how regulatory circuits control native cellular behaviour is of course only the first step; an ability to exploit those regulatory circuits will be required to fully realize the potential of a chassis cell system. Synthetic biology approaches for the construction of discrete genetic circuitry are paving the way towards more complex and broad-reaching regulatory control, and orthologous methods – which are developing rapidly – will undoubtedly be required to obtain full control over cellular behaviour. Our ability to precisely direct cellular carbon flux towards desired products has come a long way over the last handful of years. In particular, metabolic modelling approaches – including an improved ability to incorporate kinetic information into models (Saa and Nielsen, 2016) – have progressed significantly. In the future, such models might start to provide a foundation for greenfield genome design. Experimentally, the ability to control carbon flux at specific metabolic nodes using a variety of different approaches and, perhaps more importantly, the ability to balance metabolic flux across metabolic pathways and within the entire metabolic network (aided by modelling) are improving rapidly. Key to this is understanding metabolic fluxes on a global cellular scale. While we have come a long way in our capacity to measure fluxes, challenges still remain in this area (see ‘Let′s talk about flux’, this issue by Lars Blank). Finally, our toolbox of enabling technologies has advanced significantly in recent years. Escherichia coli and yeast toolboxes are very well developed, and other organism toolboxes are catching up. As we discussed previously (Vickers et al., 2010), the development of an easily accessible central database of information linked to strain and part libraries will be very useful. The expansion and consolidation of collective databases (including GenBank, MetaCyc, BRENDA and SGD) with links to part facilities (such as AddGene, the Coli Genetic Stock Centre, and other plasmid/strain repositories) would help support engineering efforts. In terms of actual chassis cells, designs for both E. coli (Umenhoffer et al., 2010) and yeast (Jouhten et al., 2016) are underway, and will most likely move forward quickly in combination with the JCVI genome minimization approach. Perhaps the most advanced industrial production chassis currently in use is the C15 isoprenoid chassis developed by the industrial bioscience company Amyris. While it is not a genome-reduced chassis, it is very efficient; in combination with Amyris’ robotic strain development platform, it can be used to rapidly achieve high gram/L production titres. I envisage a future where metabolic engineers have a one-stop shop for microbial cell factory chasses that have specific base pathway augmentations (e.g., isoprenoid boosted, shikimate boosted, phosphoketolase boosted and non-ribosomal peptide boosted) and can be tailored rapidly to provide deployable production strains. That is the first generation; the next generation will be a broader selection of pathway-specific strains; for example, isoprenoid production strains tailored for C5, C10, C15, C20, etc.; and the third generation will be more specific sub-categories, e.g. carotenoids, tetraterpene derivatives, sterol pathway intermediates. The shop will include a variety of tailored decoration enzymes to modify/remove/add moieties – P450s, methyltransferases, oligotransferases, glycosyltransferases, etc.; these enzymes will be rapidly engineerable, have high specific activity, and lack regulatory controls. Modular toolkits to develop bolt-on parts are available, including a recently described yeast kit (Lee et al., 2015). In the future, we will also have a wide variety of validated bolt-on modules, including regulatory componentry (based on transcription factor sets and global response cascades), product export componentry and titre-boosting componentry – all of which will require minimal tailoring for the product of interest. The future of the microbial cell factory industry will be underpinned by rapid advances in computer-aided design, genome construction and high-throughput multiplexed robotic strain development/testing. Powerful new tools such as CRISPR will also play an important role. CRISPR is a game-changing technology from two respects. First, the remarkable power of the technology for genome editing is already delivering applied results in diverse fields. In the context of development of microbial cell factories this provides the potential for rapid retro fitting of the already-developed chassis for closely related applications. Second, CRISPR has broken new ground in regulatory legislation. In the United States, the decision has been taken that a CRISPR-modified organism is not a GMO, since no foreign DNA has been introduced into the cell. This likely means that the deployment of CRISPR-modified engineered organisms can happen far more rapidly, once initial approval has been provided for the original chassis. Our current limitation remains our basic understanding of cellular biology and, in particular, our ability to rapidly and predictably engineer that biology. However, that understanding is expanding very quickly, and as it does, we accelerate towards our ultimate goal to achieve bespoke design and implementation of whole-cell microbial machines. Eventually, we may have a design-build-deploy capacity for microbial machines (Vickers, 2016) that will allow us to rapidly deliver economically competitive bioprocesses. This will help us build a more sustainable future through the use of renewable feedstocks – currently agricultural products, but ultimately waste materials (e.g. gas fermentation) and direct photosynthesis (e.g. using cyanobacteria) – to produce the vast array of chemicals required to support the modern lifestyle of humanity. CEV is supported by a Queensland Government Accelerate Fellowship.",,,
V03,10.1017/s0140525x18000687,Putting replication in its place,"Abstract Direct replication is valuable but should not be elevated over other worthwhile research practices, including conceptual replication and checking of statistical assumptions. As noted by Rotello et al. (2015), replicating studies without checking the statistical assumptions can lead to increased confidence in incorrect conclusions. Finally, successful replications should not be elevated over failed replications, given that both are informative.",,,
V04,10.1186/s12889-019-6421-1,Comparison of clinical and cost-effectiveness of two strategies using mobile digital x-ray to detect pulmonary tuberculosis in rural India,"BACKGROUND: Medanta - The Medicity, a multi-super specialty corporate hospital in Gurugram, Haryana launched a ""TB-Free Haryana"" Campaign; mobile van equipped with a digital CXR machine to screen patients with presumptive Tuberculosis (TB). OBJECTIVES: In this study, we aimed to assess the (1) yield and cost analysis of two strategies using mobile digital x-ray to detect Pulmonary TB in rural Haryana. METHODS: An observational study was conducted on all individuals screened by either of the two case finding strategies using a mobile x-ray unit (MXU) mounted on a mobile van in District Mewat, Haryana during Jan-March 2016. RESULTS: Strategy 1: Out of 121 smear negative cases, x-rays were suggestive of TB in 39(32%), of which 24 were started on TB treatment. Cost of identifying a smear negative TB was US$ 32. Strategy 2: Out of 596 presumptive TB, chest x-rays were suggestive of TB in 108 (18%), of which 67 were started on TB treatment (56 were smear negative TB). Cost of detecting any case of TB was US$ 08 (1 USD = 64 INR). CONCLUSION: The study reports a new initiative within a PPM model to improve the diagnosis of PTB by filling the gap in the current diagnostic infrastructure. We believe there is potential for replication of strategy 2 model in other states, although further evidence is required.",,,
V05,10.1080/03071375.2021.1903239,On trees and wind turbines,"Wind-load estimations have been part of research on tree biomechanics and windthrow for several decades and are crucial for some safety assessment methods in commercial urban forestry and arboriculture. Examples of those methods are SIA, SIM, Finite Element Method, Dynatim and Arwilo. The goal of the present study was to see if an extremely simple mathematical model, based on stiff wind turbines, would be able to reproduce the results of some of those software packages. A model such as this, licence-free and at no cost, would be attractive to practitioners in their daily work. Simulation of, and comparison with, the commercial software was very satisfying. Agreement, with a correlation coefficient of 0.99, was almost perfect for more than 220 trees and a palm. Moreover, and as the correct interpretation of these methods is crucial, remarks are made too which can assist practitioners in their tree and palm risk assessments.",,,
V06,10.7287/peerj.preprints.3153/supp-26,nan,"Background. Enteroviruses are small non-enveloped viruses with (+) ssRNA genome with one open reading frame. Enterovirus protein 3C (or 3CD for some species) binds the replicative element oriL to initiate replication. The replication of enteroviruses features low fidelity, which allows the virus to adapt to the changing environment on the one hand, and requires additional mechanisms to maintain the genome stability on the other. Structural disturbances in the apical region of oriL domain d can be compensated by amino acid substitutions in positions 154 or 156 of 3C (amino acid numeration corresponds to poliovirus 3C), thus suggesting the co-evolution of these interacting sequences in nature. The aim of this work was to understand co-evolution patterns of two interacting replication machinery elements in enteroviruses, the apical region of oriL domain d and its putative binding partners in the 3C protein. Methods.To evaluate the variability of the domain d loop sequence we retrieved all available full enterovirus sequences (>6400 nucleotides), which were present in the NCBI database on February 2017 and analysed the variety and abundance of sequences in domain d of the replicative element oriL and in the protein 3C. Results.A total of 2,842 full genome sequences was analysed. The majority of domain d apical loops were tetraloops, which belonged to consensus YNHG (Y=U/C, N=any nucleotide, H=A/C/U). The putative RNA-binding tripeptide 154-156 (Enterovirus C 3C protein numeration) was less diverse than the apical domain d loop region and, in contrast to it, was species-specific. Discussion. Despite the suggestion that the RNA-binding tripeptide interacts with the apical region of domain d, they evolve independently in nature. Together, our data indicate the plastic evolution of both interplayers of 3C-oriL recognition.",,,
V07,10.1057/9780230603066_6,The Dynamics of Institutional Adaptation and the Fruitful Emergence of Managerial Syncretism in Japan,"In his classic study of the industrial revolution in Germany, Thorstein Veblen (1954) viewed the opportunity to borrow institutions from more “advanced” referent societies as a key situational advantage of “backwardness.” The point of departure for this chapter is the observation that this advantage can be offset by a range of problems, conflicts, and tensions as local actors attempt to make sense of, and get accustomed to, new sets of rules and practices imported from elsewhere. Especially problematic is the challenge of reconciling the diverse interests and worldviews of different actors who invoke competing sets of historical referents in assigning different meanings to their roles and relationships in new institutional settings. The result is more likely to constitute what Cardoso (1977) once referred to as “the originality of a copy” than the wholesale replication of any one institutional model.",,,
V08,10.1101/19011049,An international multicenter examination of MOG antibody assays,"Abstract Objectives To compare the reproducibility of 11 antibody assays for IgG and IgM myelin oligodendrocyte glycoprotein antibodies (MOG-IgG, MOG-IgM) from five international centers. Methods The following samples were analyzed: MOG-IgG clearly positive sera (n=39), MOG-IgG low positive sera (n=39), borderline negative sera (n=13), clearly negative sera (n=40), and healthy blood donors (n=30). As technical controls, 18 replicates (9 MOG-IgG positive and 9 negative) were included. All samples and controls were re-coded, aliquoted, and distributed to the five testing centers which performed the following antibody assays: five live and one fixed immunofluorescence cell-based assays (CBA-IF, five MOG-IgG, one MOG-IgM), three live flow cytometry cell-based assays (FACS-CBA, all MOG-IgG), and two enzyme-linked immunosorbent assays (ELISA, both MOG-IgG). Results We found excellent agreement (96%) between the live CBAs for MOG-IgG for samples previously identified as clearly positive or negative from four different national testing centers. The agreement was lower with fixed CBA-IF (90%) and the ELISA showed no concordance with CBAs for detection of human MOG-IgG. All CBAs showed excellent inter-assay reproducibility. The agreement of MOG-IgG CBAs for borderline negative (77%) and particularly low positive (33%) samples was less good. Finally, most samples from healthy blood donors (97%) were negative for MOG-IgG in all CBAs. Conclusion Live MOG-IgG CBAs showed excellent agreement for high positive and very good agreement for negative samples at four international testing centers. Low positive samples were more frequently discordant than in similar assays for other autoantigens. Further research is needed to improve international standardization for clinical care.",,,
V09,10.5281/zenodo.437143,Advocating Physical Activity For The Enhancement Of Cancer Prevention And Treatment,"The term ‘Cancer’ encompasses a large group of related disease processes that affect the healthy replication of cells (Dishman et al., 2004). Worldwide, cancers of the lung and airways alone were the fifth highest cause of mortality in 2015 (WHO, 2015). The same cancers were the fourth leading cause of mortality in high- income economy countries (WHO, 2015). While some cancers arise from non- epithelial cells, and are more attributable to pre-disposition and heredity, these cases form the minority of reported cancer incidence (Smith et al., 2016). The majority of cancers occur in epithelial tissues, which separate body cavities from the outside environment, and have a large number of modifiable lifestyle and environmental risk factors (Smith et al., 2016). There is a growing body of evidence linking physical activity and fitness with improved functional outcomes in cancer patients (Giovannucci et al., 2012). This improvement may be two fold. First, where activity and fitness have a direct improvement on risk factors for the development of certain cancers, such as diabetes. Secondly, it may also improve health and quality of life indices during cancer treatment (Giovannucci et al., 2012).",,,
V10,10.7287/peerj.preprints.3153v2/supp-2,nan,"Background. Enteroviruses are small non-enveloped viruses with (+) ssRNA genome with one open reading frame. Enterovirus protein 3C (or 3CD for some species) binds the replicative element oriL to initiate replication. The replication of enteroviruses features low fidelity, which allows the virus to adapt to the changing environment on the one hand, and requires additional mechanisms to maintain the genome stability on the other. Structural disturbances in the apical region of oriL domain d can be compensated by amino acid substitutions in positions 154 or 156 of 3C (amino acid numeration corresponds to poliovirus 3C), thus suggesting the co-evolution of these interacting sequences in nature. The aim of this work was to understand co-evolution patterns of two interacting replication machinery elements in enteroviruses, the apical region of oriL domain d and its putative binding partners in the 3C protein. Methods.To evaluate the variability of the domain d loop sequence we retrieved all available full enterovirus sequences (>6400 nucleotides), which were present in the NCBI database on February 2017 and analysed the variety and abundance of sequences in domain d of the replicative element oriL and in the protein 3C. Results.A total of 2,842 full genome sequences was analysed. The majority of domain d apical loops were tetraloops, which belonged to consensus YNHG (Y=U/C, N=any nucleotide, H=A/C/U). The putative RNA-binding tripeptide 154-156 (Enterovirus C 3C protein numeration) was less diverse than the apical domain d loop region and, in contrast to it, was species-specific. Discussion. Despite the suggestion that the RNA-binding tripeptide interacts with the apical region of domain d, they evolve independently in nature. Together, our data indicate the plastic evolution of both interplayers of 3C-oriL recognition.",,,
V11,10.5772/39162,Making the Final Cut - The Role of Endosomes During Mitotic Cell Division,"The last step of cell division is the physical separation of two daughter cells via a process known as cytokinesis (Barr and Gruneberg, 2007; After replication of the genetic material, the mother cell divides by the formation of a cleavage furrow that constricts the cytoplasm, thus leaving two daughter cells connected by a thin intracellular bridge (ICB). The resolution of this bridge, abscission, results in a physical separation of the two daughter cells and usually occurs on either, or both, sides of the midbody within the ICB. This abscission event occurs on either or both sides of the midbody within the intracellular bridge (ICB). While earlier studies thought this abscission event was simply a continuation of the constriction placed on the cleavage furrow by the actomyosin contractile ring, it was later discovered that abscission is a highly complex and organized event consisting of much more than a simple actin and non-muscle myosin constricting ring. Endocytic membrane transport, ESCRT protein complex function, and cytoskeletal reorganization were all shown to contribute to cytokinesis and abscission (Barr and Gruneberg, 2007; The goal of this review is provide an overview the newest advances in our understanding about the dynamics and roles of endosomal transport during cytoskeletal re-arrangements and ESCRT complex assembly throughout cytokinesis.",,,
V12,10.4236/ojped.2020.102036,Assessment of Incidentally Detected Simple Renal Cyst in Pediatric Patient Based on the Modified Bosniak Classification —Incidentally Detected Simple Renal Cyst in Pediatric,"Renal cysts in pediatric patients are uncommon lesion. A modified Bosniak classification system for renal cysts based on US has been developed to evaluate pediatric renal cysts to identify the simple cyst or cystic tumour. Nevertheless, it is not widely used. In this retrospective study, all incidentally detected renal cysts by ultrasound performed in children and the reproducibility of modified Bosniak classification to guide the radiological and clinical follow up.",,,
V13,10.1088/1361-6498/ab9509,Rapid detection of plutonium contamination with and without uranium contamination in wounds by x-ray fluorescence,"In the event of an accident at a nuclear fuel handling facility, the wounds of affected workers may be contaminated with plutonium. The current approach for identifying plutonium contamination is by detecting α-particles in the blood stream. However, the applicability of this approach is impeded due to the α-particles being easily shielded by the bodily fluid components. In this study, we investigate a contamination testing method for such cases that involves the collection of blood with a small piece of filter paper, sealing the sample with thin films, and performing x-ray fluorescence analysis. Our previous study on collecting uranium-contaminated blood with filter paper and performing x-ray fluorescence analysis revealed that the effects arising from blood components could be completely removed by peak fitting, and thus water instead of blood was used as a solvent here. Samples containing various amounts of plutonium as well as samples with 150 Bq of plutonium and uranium were prepared with a mass ratio of 0 to 500 times greater than that of plutonium. x-ray fluorescence measurements showed a high linearity and reproducibility of the Pu Lα peak intensity and plutonium radioactivity, and it was clarified that the signal intensity of the Pu Lα peak did not depend on the amount of coexisting uranium. This method will allow for the simple and rapid assessment of plutonium contamination in wounds.",,,
V14,10.1096/fj.180901ufm,Perennial Prescience,"At a gathering last summer overlooking Little Harbor in Woods Hole, Massachusetts, a group of friends celebrated the 97th birthday of the extraordinary American biochemist Arthur Pardee (Fig. 1). As he and I chatted, covering many things, I got to thinking of the fact that, amid his many major contributions to molecular biology, he was remarkably prescient on at least three occasions: the experimental anticipation of messenger RNA, the discovery of enzyme allosteric regulation, and the initial insight of what later became known as cell cycle checkpoints. Arthur Pardee, July 13, 2018. Photo courtesy of Louis Herlands. In both textbooks and the minds of many molecular biologists of the late 20th and early 21st centuries, the discovery of messenger RNA was made nearly simultaneously by groups at Caltech and Harvard in 1961 (1, 2). Those two publications are themselves quite a story, including an agreement by the Caltech group to withhold submission of their paper until the Harvard lab was ready to do so. Readers may consider this a remarkable fact given the profundity of the papers, but the backstory is that there were close personal relationships and mutual admiration among key players in the two groups, most notably between Matthew Meselson and the visiting Sydney Brenner at Caltech on the one hand, and their compatriot Jim Watson at Harvard on the other. The plans for the Caltech experiments were cast in the spring of 1960 (Fig. 2), whereas the Harvard group was somewhat behind. Interested readers can pursue more on this elsewhere (3, 4). A key portion of a letter from Sydney Brenner to Matthew Meselson, May 7, 1960, setting forth the plans for their upcoming experiments at Caltech. Provided by Matthew Meselson. Both the Caltech and Harvard groups thought, correctly as it turned out, that phage-infected bacteria would be an ideal system to capture the postulated unstable RNA intermediate between the phage DNA and its protein products, as it was known that host-cell RNA synthesis is shut down after phage infection, thus clearing the stage for the phage RNA to strut out for a solo performance (in the Caltech case adorned with a heavy isotope and thus revealed by isopycnic banding in CsCl equilibrium density gradient centrifugation, and in the Harvard case associating with ribosomes in a sucrose gradient). But already in 1958, on a sabbatical visit to the Pasteur Institute, Pardee had opted to use a different strategy: the mating ritual of Escherichia coli strains in which the genetic information transfer involved in both the constitutive and inducible states of β-galactosidase synthesis could be related to the known DNA transfer that took place in such conjugation experiments but also, and this was key, the known non-cytoplasmic transfer. These and other results Pardee obtained were consistent with the involvement of a non-DNA, unstable cytoplasmic element. Published first in 1958 along with other results of his Pasteur colleagues (5), Pardee published an account thereafter from a symposium (6). Both of these papers are, beyond the important findings reported, models of not only how to write a paper but also how to organize one's thoughts in the first place. These findings anticipated the formal description of messenger RNA and were later published in a complete article (7), with the conjugation studies acquiring the acronym “PaJaMo experiment.” The term caught on. Many buffers (e.g. Sorensen), bacterial growth media (e.g., Luria broth), or mammalian ones (e.g., Eagle medium), devices (e.g. Dounce homogenizer), and techniques (e.g. Sanger dideoxy DNA sequencing) carry the names of their inventors. But this was one of the first times an experiment had been named for the investigators, although, ironically, this was co-contemporaneous with another case, the Meselson-Stahl experiment revealing the semiconservative replication of DNA (8). It is also amusing to ponder that, given the tremendous intensity of the work, it is not clear if Pardee, Jacob, and Monod ever had time to slip into pajamas for a few hours of sleep before running back to the lab a few hours later. The second case of Pardee's prescience relates to allo-stery, which I regard as the second greatest discovery in the modern era of biochemistry (I have stated this often in various learned company, and, so far, no one has bittenmy head off). The idea that enzymes can be regulated by feedback inhibition (or activation) by the concentration of a product had been established by Edwin Umbarger, but how this worked was a mystery at the time, although work on the cooperativity of oxygen:hemoglobin binding by Jeffries Wyman and John Edsall had set the stage, albeit with a nonenzyme. Working on this problem of feedback inhibition with aspartyl transcarbamylase, Pardee and his student John Gerhart used a sulfhydryl reagent to reveal that the enzyme's catalytic and regulatory sites resided in different parts of the molecule (9). This was a huge discovery, and once again it was one in which Pardee was first, or at least co-contemporaneous, viz. with his former colleagues at the Pasteur who had got this at just about the same time. There was a momentary kerfuffle over the priority of this finding; both labs later agreed that this was an independent discovery made within a narrow time frame of months. In the 1970s, Pardee became interested in cell biology and cancer, and entered the eukaryotic world. Here, he was prescient once again. In 1974, he developed a major insight based on his studies of mammalian cells either marching through the G1 phase of the cell cycle or becoming arrested there under certain signals (10). He coined the term “restriction point” for this limited temporal period in G1 at which a cell moving through this phase is sensitive to a signal to arrest, then being insensitive to it if received a few minutes later (11). This was a major new idea in the cell cycle field and later became part of the breakthrough concept of checkpoints in cell cycle progression. These reflections are by a close acquaintance and admirer of the subject, so readers will have to judge my impartiality (or lack thereof) for themselves. I close on two observations: first, longevity and persisting intellectual acuity are wonderful things (Fig. 3); and second, as we were leaving the aforementioned party, Pardee handed me a copy of the proofs of his latest manuscript. Arthur Pardee and Matthew Meselson sharing their latest ideas as if they were a pair of students or assistant professors, at the author's summer home in Woods Hole, July 2016. Photo courtesy of the author.",,,
V15,10.1002/mds.28597,“Antibody of Unknown Significance” (AUS): The Issue of Interpreting Antibody Test Results,"The field of neuroimmunology is developing rapidly, with an ever-increasing number of new antibodies and associated phenotypes.1 Given the treatability of autoimmune movement disorders, there is naturally a high index of suspicion and a low threshold for antibody testing. Yet our awareness of problems with interpretation of test results, be they positive or negative ones, is lagging greatly behind — a clinical problem that is not exclusive to the field of movement disorders or antibodies.2, 3 We introduce this viewpoint with an exemplary case, the sort often faced in clinical practise: A 71-year-old woman developed “dizzy spells” at age 66 years and is now suffering from a syndrome characterized by cerebellar signs and dysautonomia (orthostatic hypotension, urinary frequency). She has a history of REM sleep behavior disorder (RBD). A brain MRI had shown a hot cross bun sign and T2 hyperintensities in the middle cerebellar peduncles. A dopamine transorter (DAT) scan has been normal. At age 70, she was noted to have very brief episodes of decreased responsiveness. LGI1 antibodies tested negative, but Caspr2 antibodies tested positive in her serum (titer on a research base 1:400). Repeat antibody testing confirmed serum positivity for Caspr2 antibodies, but cerebrospinal fluid (CSF) result was negative, and there were also no CSF-restricted oligoclonal bands (OCBs). A screening for malignancy including whole-body CT-PET was negative. A trial of intravenous methylprednisolone did not lead to any noticeable improvement. She carried a diagnosis of multisystem atrophy of the cerebellar type, and a normal DAT scan, albeit unusual, would not exclude this diagnosis.4, 5 However, could this be a case of anti-Caspr2 encephalitis? Caspr2 antibodies can cause cerebellar ataxia,6 and RBD has been described with antibodies targeting the voltage-gated potassium channel complex.7 On the other hand, the MRI, the absence of Caspr2-antibodies in the CSF, and, arguably, the absence of a response to immunotherapy would caution against this notion. This patient was one of a few cases we have seen over the last few years posing the question about the significance of an antibody test. Neighboring disciplines like neurogenetics offer instructive parallels. In the past years, we have seen a wave of rapid developments in neurogenetics, in which technical advances and wider availability of genetic testing have fueled the identification of new genes and expanded existing genotype–phenotype correlations. To account for the increasing complexity, practically, this has led to the development of gene panels to cover various genetic causes of specific syndromes (eg, dystonia gene panel) on the one hand, and on screening approaches like whole-exome sequencing, on the other. To use either in clinical practice, knowledge about the methodological limitations (eg, incomplete gene panels; triplet repeat disorders or deletions not being captured by whole exome sequencing) is key. Apart from these more technical considerations, as a corollary of increased genetic testing, we have to face a new set of problems — the interpretation of equivocal test results such as variants of unknown significance (VUS). Clinicians are cautioned to base clinical decision-making on VUS or generally let a genetic test result override clinical acumen.8 Here we point out how the same applies in the current situation with movement disorders and antibodies, for which “antibody of unknown significance” represents a new challenge in clinical practice. We highlight the pitfalls of testing and how to best approach this issue. Surely antibodies are important for the diagnosis in autoimmune movement disorders, but the latter should not rely on antibody tests alone, but on the conjuncture of clinical and paraclinical findings. An expert recommendation on the diagnosis of autoimmune encephalitis highlighted the importance of the clinical assessment and other investigations.9 Of course, if antibody positivity, phenotype, and other investigations (eg, MRI) are compatible and alternative causes are reasonably excluded, the diagnosis of an autoimmune syndrome is fairly straightforward. However, if the above criteria are not met, the significance of the positive test result requires critical review. On the one hand, there is an expanding clinical spectrum associated with antibodies (see Supplementary Table S2).1 On the other hand, there is literature suggesting that autoantibodies may occur as part of the natural immune repertoire and be detected in healthy individuals.10 Neuronal autoantibodies have also been found when the final neurological diagnosis was not autoimmune. For example, GlyR antibodies were detected in Creutzfeldt-Jakob disease or genetic dystonia11, 12; NMDAR antibodies in patients with Creutzfeld-Jakob disease13, 14 or Mitochondrial encephalomyopathy, lactic acidosis, and stroke-like episodes (MELAS) 15; and GABAAR antibodies in genetically proven Huntington's disease.16 The above examples are mostly because of methodological shortcomings (eg, type of tests used, lack of CSF testing, etc.; see below), but there is also the occasional persistence of antibodies after recovery, illustrating that, just as the proverbial swallow does not make a summer, a positive autoantibody test alone does not define disease.17, 18 In genetics, standard terminology by which laboratories classify genetic variants based on a certain set of criteria (eg, evidence from population data, computational data, functional data, segregation data) includes the term “variant of unknown significance” (VUS).19 Similarly, we could use the term “antibody of unknown significance” (AUS) in scenarios like the above. Different from VUS, criteria for AUS still have to be defined, and the onus of classifying AUS is mainly on the clinician's side. Besides, another difference between genetics and neuroimmunology is that a “relevant variant” is pathogenic, whereas a “relevant antibody” might be pathogenic itself or indicate a primarily T-cell-mediated (often paraneoplastic) autoimmunity (see Fig. 1). Here we discuss some potential handles for AUS and their limitations: The first step when receiving an unexpected antibody result would be to check if such a phenotype has ever been described. A reference for the movement disorder spectrum associated with the various neuronal antibodies as well as a suggestion for comprehensive “antibody panels” can be found here.1 A second step could be checking for biological plausibility: is the antigen expressed in the brain regions presumably affected, based on the patient's signs and symptoms? There are various methods of antibody detection, for example, tissue-based immunohistochemistry (tIHC), cell-based assay (CBA), radio immunoprecipitation assay, Western blot, and enzyme-linked immunosorbent assay (ELISA).20 Neuronal cell-surface antibodies, for example, are often screened for with CBA, with the antigen expressed, in a conformation akin to that in vivo, on the cell surface. Such CBAs are designed to detect antibodies that are pathogenic and are validated in the original publications, but also have some limitations (both live and fixed CBA). However, some laboratories offer yet other test methods that are not designed to detect such pathogenic antibodies against conformational epitopes. For example, antibodies against the dopamine 2 receptor were originally described and detected by tIHC and CBA,21 but ambiguous (and sensu stricu, false-positive) findings resulted from testing by ELISA, a test detecting antibodies to peptides or linear epitopes.22, 23 Similarly, laboratories may offer tests for dopamine 2 receptor–like antibodies or “basal ganglia antibodies” that are not useful in the diagnosis of autoimmune movement disorders.24, 25 Laboratories may also offer testing for IgM or IgA antibodies,10 but existing evidence would caution against ascribing them a diagnostic or pathogenic relevance.26, 27 There is good evidence for an overall correlation between neuronal surface antibody titers and clinical symptoms and course, although titers between patients may differ greatly, which makes it difficult to define a cutoff value.28 Although future studies will hopefully allow generating generally accepted values to define a “clinically relevant range” for the various antibodies in specific tests, low serum titers are known to sometimes be unspecific for some antibodies (eg, Caspr2, GABAAR, and GlyR antibodies).29 On the other hand, of course, titers might be low early in the disease, and repeated testing is needed. Overall, replication of test results with a different methodology (eg, combining cell-based assays with brain immunohistochemistry) or referral to a reference laboratory are recommended, particularly if results are ambiguous.9, 28, 30, 31 For example, a recent study showed that the predictive value of onconeuronal antibodies positive in line blot assays only is low and that positive results must be confirmed by immunohistochemistry.32 The same also applies to neuronal surface antibodies. As an interim conclusion, it is of the utmost importance to ensure the appropriate test has been selected in the first place and that results can be replicated in a second, confirmatory test. CSF in autoimmune disease may be normal, show unspecific changes, or a clearly inflammatory profile. The pattern differs from antibody to antibody.33 Antibodies against NMDAR, GABABR, and DPPX associate with inflammatory CSF changes, but the basic CSF parameters with Caspr2, LGI1, GABAAR, or glycine receptor antibodies are mostly normal. Anti-IgLON5 disease more often features elevated protein, whereas anti-GAD syndromes often show CSF-restricted OCBs as the only abnormality.33 Kelch-like protein 11 antibodies often seem to have a signature of multiple (>8) CSF-restricted OCBs, whereas for some of the newer antibodies, for example, PDE10A or Septin-5 antibodies, more data are needed to allow conclusions on their CSF profile.34-36 Overall, the basic CSF parameters alone may be of help, but are often not game-changing. When testing for antibodies, in practice, we tend to send serum samples, and often enough, the positive or negative test results reflect the true diagnosis. However, the gold standard is testing paired serum-CSF samples to achieve the highest sensitivity and specificity and to avoid false-positive and false-negative test results.9, 28, 37, 38 The presence of autoantibodies not only in serum, but also in CSF would increase the specificity and suggest central nervous system (CNS) autoimmunity, and, mostly, CSF yields positive results in such cases.28, 37, 39 There are, however, rare cases with a classic encephalitic syndrome (eg, Morvan syndrome with thymoma and Caspr2 antibodies) with very low titers of CSF antibodies that may not be detected with one technique (eg, tIHC) but with another (eg, CBA).40 The presence of serum but not CSF antibodies in an autoimmune CNS disease seems mechanistically not intuitive and may relate to methodological issues of antibody testing, a primarily peripherally driven immunopathophysiology, in which breakdown of the CSF–blood barrier is enough, or “brain as sink” hypothesis, in which antibodies bound to brain antigens are not detectable anymore. In cases of peripheral syndromes (eg, peripheral nerve hyperexcitability with Caspr2 antibodies), CSF antibodies seem not to be a prerequisite.41 If present, CSF antibodies also enable calculation of the antibody index to identify intrathecal synthesis of an autoantibody (as opposed to diffusion over the blood–CSF barrier), which is a strong predictor of CNS autoimmunity.39, 42-44 This is particularly relevant for antibodies occasionally found in healthy subjects or occuring also in non-neurological disease, such as anti-GAD.43, 45 Last, in some cases, there is only CSF but no serum antibodies, highlighting further the importance of testing the CSF. Further investigations can help to substantiate paraclinical features of the disease. For example, brain MRI may show characteristic abnormalities (eg, basal ganglia hyperintensities in anti-LGI1 encephalitis) or electrophysiology detect subclinical disease-specific features (eg, neuromyotonia or myokymia in Caspr2 antibody–related disease). In the individual clinical scenario when an autoimmune etiology is plausible, a trial of immunotherapy is a valid and frequently practiced consideration. However, response to immunotherapy as a criterion also has some shortcomings because patients with autoimmune disease might not show any noticeable response,29, 40, 42, 44 and, conversely, patients with nonautoimmune disease may experience a placebo effect. AUS poses a significant problem in clinical practice. Misdiagnosis as an autoimmune movement disorder may be harmful by delaying the correct diagnosis and treatment, and exposing patients to potentially harmful immunosuppression. Here we highlighted the problem and proposed some handles for practice. Of particular importance is the use of the appropriate specimen (serum and CSF), the appropriate tests, and the use of a second, confirmatory method. Wider access to gold standard antibody testing, and the expertise of reference laboratories would probably reduce the numbers of AUS. However, there are differences regarding the sensitivity and specificity of the different assays, even in the hands of laboratories with expertise,46 and there are some inherent limitations of different techniques per se and of the commercial kits used in various laboratories. Currently, there is a lack of agreed standards regarding methodology and reporting, which hopefully will improve in the future with collaborative efforts and quality control.46 In the meantime, it remains our responsibility to critically evaluate AUS and ensure diagnoses are not based on false-positive antibody test results. Similarly, as clinicians and researchers, we should strive for certain standards in data collection and communication (see Supplementary Table S1), which may include data on the above-mentioned points. This would facilitate, for example, meta-analysis of data of these rare diseases to allow conclusions about the diagnostic value of certain antibodies, assays, titers, and specimens. It may be that, despite these efforts, a gray area of ambiguous test results remains. If so, future research could lead to a better understanding of immunopathophysiology and the roles of antibodies per se and which further factors define their pathogenicity, and might facilitate the development of new, widely available (eg, functional) test systems, eventually allowing further criteria akin to those for genetic variants. (1) Research project: A. Conception, B. Organization, C. Execution; (2) Statistical Analysis: A. Design, B. Execution, C. Review and Critique; (3) Manuscript Preparation: A. Writing of the first draft, B. Review and Critique. B.B.: 3A K.B.: 3B J.D.: 3B B.B. reports no disclosures. K.P.B. has received grant support from Welcome/MRC, NIHR, Parkinsons's UK, and EU Horizon 2020. He receives royalties from publication of the Oxford Specialist Handbook Parkinson's Disease and Other Movement Disorders (Oxford University Press, 2008), of Marsden's Book of Movement Disorders (Oxford University Press, 2012), and of Case Studies in Movement Disorders–Common and uncommon presentations (Cambridge University Press, 2017). He has received honoraria/personal compensation for participating as consultant/scientific board member from Ipsen, Allergan, and Merz and honoraria for speaking at meetings and from Allergan, Ipsen, Merz, Sun Pharma, Teva, and UCB Pharmaceuticals and from the American Academy of Neurology and the International Parkinson's Disease and Movement Disorder Society. J.D. receives royalties from Athena Diagnostics for the use of Ma2 as an autoantibody test and from Euroimmun for the use of NMDA, GABAB receptor, GABAA receptor, DPPX, and IgLON5 as autoantibody tests; received publishing royalties from Neurology- UpToDate, Wolters Kluwer author, Medlink; receives research support (allosteric modulation of NMDAR) from SAGE Therapeutics and Instituto Carlos III/FEDER (FIS, 17/00234, CIBERER CB15/00010, Proyectos Integrados de Excelencia, PIE 16/00014 and AC18/00009). Agencia de Gestio d'Ajuts Universitaris i de Recerca (AGAUR), and CERCA Programme Generalitat de Catalunya and Safra Foundation Sage Therapeutics Cellex Foundation La Caixa Health Foundation. Table S1. Neuronal and glial antibodies and associated clinical and oncological spectrum in alphabetical order and grouped according to target location Table S2. Proposed minimum standard information on reporting antibody testing Please note: The publisher is not responsible for the content or functionality of any supporting information supplied by the authors. Any queries (other than missing content) should be directed to the corresponding author for the article.",,,
V16,10.25148/etd.fi13121207,"The Relationship between Scaffolding Metacognitive Strategies identified through Dialogue Journals and Second Graders’ Reading Comprehension, Science Achievement, and Metacognition using Expository Text","Poor informational reading and writing skills in early grades and the need to provide students more experience with informational text have been identified by research as areas of concern. Wilkinson and Son (2011) support future research in dialogic approaches to investigate the impact dialogic teaching has on comprehension. This study (N = 39) examined the gains in reading comprehension, science achievement, and metacognitive functioning of individual second grade students interacting with instructors using dialogue journals alongside their textbook. The 38 week study consisted of two instructional phases, and three assessment points. After a period of oral metacognitive strategies, one class formed the treatment group (n=17), consisting of two teachers following the co-teaching method, and two classes formed the comparison group (n=22). The dialogue journal intervention for the treatment group embraced the transactional theory of instruction through the use of dialogic interaction between teachers and students. Students took notes on the assigned lesson after an oral discussion. Teachers responded to students’ entries with scaffolding using reading strategies (prior knowledge, skim, slow down, mental integration, and diagrams) modeled after Schraw’s (1998) strategy evaluation matrix, to enhance students’ comprehension. The comparison group utilized text-based, teacher-led whole group discussion. Data were collected using different measures: (a) Florida Assessments for Instruction in Reading (FAIR) Broad Diagnostic Inventory; (b) Scott Foresman end of chapter tests; (c) Metacomprehension Strategy Index (Schmitt, 1990); and (d) researcher-made metacognitive scaffolding rubric. Statistical analyses were performed using paired sample t-tests, regression analysis of covariance, and two way analysis of covariance. Findings from the study revealed that experimental participants performed significantly better on the linear combination of reading comprehension, science achievement, and metacognitive function, than their comparison group counterparts while controlling for pretest scores. Overall, results from the study established that teacher scaffolding using metacognitive strategies can potentially develop students’ reading comprehension, science achievement, and metacognitive awareness. This suggests that early childhood students gain from the integration of reading and writing when using authentic materials (science textbooks) in science classrooms. A replication of this study with more students across more schools, and different grade levels would improve the generalizability of these results.",,,
V17,10.53596/jta.v28i1.372,"The Peer-to-Peer market for tourist accommodation in Latin America. Supply, Demand and Prices","Purpose: Providing empírica! evidence on the hosts, product and price farmation of the p2p market far tourist accommodation in faur Latin American cities, comparing results and highlighting its main characteristics with regards to consolidated tourist destinations. Designlmethodology/approach: Data comes from a total of 53,836 listings scraped in mid-March 2019 ofthe listings on the Airbnb platfarm far the cities of Buenos Aires (Argentina), Mexico City (Mexico ), Rio de Janeiro (Brazil) and Santiago (Chile) that are among the most visited in the world. The theoretical is based on an economic hedonic price regression model; and using variables measuring host and accommodation attributes, location, booking policy, number of reviews and amenities, identifies among those what determines supply, demand and pricing. Findings: The p2p market in Latin America has a wide margin to continue growing and to configure itself as a professional market far the renta! of entire homes in the short term. There is high concentration of demand in a few accommodations. Relations between variables hint that hosts are not exploiting the full capacity to efficiently manage their accommodation prices. Ali this suggests that, in emerging markets, unlike in mature tourist destinations, the incorporation of specific elements, such as those related to equity and the distribution of added value, is pertinent in a global framework far the valuation of the social welfare generated by trade made through Airbnb. Research limitationslimplications: The fact that the number of reviews has been used as a proxy is a limitation and adds a provisional character to our results and encourages the replication of our analysis with data on the effective occupation of the accommodation, to which we did not have access to in our case. Similarly, if possible, other smaller Latin American cities could be studied. Practica/ implications: The differences detected in price farmation in faur Latin American cities with respect to previously analyzed consolidated destinations could suggest that, in certain regions, hosts are not taking full advantage of the potential of the market, which might be an opportunity far the propasa! of programs improving the management capacity of individual owners. Social implications: Given the inequality detected across hosts, if a policy priority is a more equalitarian distribution of income that is brought by tourist rentals to locals, a system that allocates permits according to the criteria reflected by social preferences could be tested. Originalitylvalue: This research represents the first analysis of the peer-to-peer market far tourist accommodation that takes as a reference severa! Latin American cities, with theoretical and practica! implications that could be extended to other emerging markets, paying special attention to the potential far the development of tourism and the distributional implications.",,,
V18,10.1016/j.contraception.2017.04.004,What if medical abortion becomes the main or only method of first-trimester abortion? A roundtable of views,"Norway, by Kevin Sunde Oppegaard In Norway right now, we can only speculate. Manual vacuum aspiration in Norway has been almost completely superseded by medical abortion with mifepristone+misoprostol. This has benefits for women seeking abortion, as they obtain abortion at an earlier gestational age and the waiting time has been reduced [[1]Løkeland M. Bjørge T. Iversen O.E. Akerkar R. Bjørge L. Implementing medical abortion with mifepristone and misoprostol in Norway 1998–2013.Int J Epidemiol. 2016; ([pii: dyw270, Epub ahead of print])https://doi.org/10.1093/ije/dyw270Crossref Scopus (10) Google Scholar]. At the same time, practical skills in manual vacuum aspiration for trainees are now much more limited than they used to be; after cesarean section, the next most common gynecological procedure in Norway is abortion. We don't know if this has consequences for women needing treatment with manual vacuum aspiration, as we don't have reliable data for complications in connection with abortion. I have personally experienced that trainees in my department are considerably less able to perform manual vacuum aspiration, and we have quite a few complications with perforation and incomplete procedures (plural). When I started out, I spent the first 6 months doing 10–15 manual vacuum aspirations a day! Training in abortion procedures never used to be needed as part of the curriculum, as it was so common. Newly suggested national recommendations for specialist training from the Director of Health head toward even less surgical training for trainees [[2]https://www.helsedirektoratet.no/horinger/leringsmal-for-de-medisinske-spesialitetetene-del-2-og-3#høringsutkastDate accessed: March 12, 2017Google Scholar]. But beyond speculation, as I've already said, the negative effects for women needing vacuum aspiration cannot be ascertained. New Zealand, by Margaret Sparrow Early medical abortion in New Zealand was introduced in July 1998 after abortion providers learned that the French Company Exelgyn could supply the New Zealand market with mifepristone, but only through a reputable pharmaceutical company. With none of the established firms interested, five doctors formed a not-for-profit company, Istar Limited, named after the Babylonian goddess of love, fertility and war. Registration of the new drug Mifegyne 200 mg was approved on 30 August 2001. Initially, clinics were reluctant to use it for early terminations (up to 9 weeks’ gestation) because of an ambiguity in the New Zealand law which states that all abortions must be “performed” in a licensed institution. This legal ambiguity was resolved in April 2003 when a High Court judge ruled that the two drugs (mifepristone and misoprostol) must be taken in a licensed institution, but the woman does not have to stay there between doses or until the process is complete. The legal problem may have been resolved, but the outdated laws on abortion still mean that there are barriers to providing an optimum and efficient service. In 2015, only 10% of abortions in New Zealand were early medical abortions, indicating that, at present, there is no public demand for medical abortion. Most abortions are currently performed by suction curettage in hospital-type facilities. To change this, there may be some resistance from operating doctors skilled at surgical techniques and wishing to maintain these skills. The safety record with the present system (no deaths since reliable statistics started in 1980) is an argument used to maintain the status quo. Nor are many doctors skilled at manual vacuum aspiration. Medical abortion will never be the only method given that there are a few contraindications, e.g., chronic adrenal failure; hypersensitivity to the medications; severe uncontrolled asthma; inherited porphyria; and severe cardiac, renal or hepatic disease. Also, there must be respect for the woman's choice. Often, to provide an efficient service, the unconscious bias of doctors, nurses and counselors will steer the woman in the direction favored by staff. What should be a free choice often isn't. In other countries where a medical abortion service has been introduced, the total number of abortions has not increased, and this has been confirmed in New Zealand. In 2003, when medical abortion became more readily available, the number of abortions carried out that year was 18,510, and in 2015, the number had decreased to 13,155. In its recently published annual report [[3]Report of the Abortion Supervisory Committee 2016, Wellington.https://www.parliament.nz/resource/en-NZ/51DBHOH_PAP72270_1/3419371d46570c287ca518df6b57e79a41f363a6Date accessed: March 12, 2017Google Scholar], the Abortion Supervisory Committee states: “The legislation that governs abortion law in New Zealand will be entering its 40th year since enactment in 1977. Over the last four decades, there have been significant changes to health care delivery as well as technological advancements in how we approach medicine.” It would make great sense to recommend changes in the law to make medical abortion more readily available as an important first step. Another change would be to take advantage of the trend for nurses to assume greater responsibility for sexual and reproductive health care. Australia, by Paul Hyland Medical abortion is the way of the future. Although restricted for political and religious reasons for many years, Australia's medical abortion rate is now increasing rapidly and will equal or soon overtake those in other Western liberal democracies. Given the choice, that's what women want. Its acceptability hinges on effective pain management and control of bleeding, as well as “around the clock” medical supervision to ensure that patients are adequately supported both physically and mentally throughout the process. Simplification of the abortion process can be achieved while maintaining “best medical practice.” The ultimate method of providing this service is by supplying medications by mail for a home-based abortion, after telephone consultation — with no need for a face-to-face doctor visit. Given appropriate informed choice, it is clear that most women will choose this convenient and less physically intrusive alternative. Unfortunately, in Australia, women are not offered, or indeed are dissuaded from medical abortion, because the facilities already in place provide a surgical rather than a medical procedure. Despite the markedly lower cost of medical abortion, current service providers are defending their traditional methods and not encouraging the cheaper alternative. One can speculate that defending the “status quo” will only provide a brief respite from the inevitable redundancy of surgical facilities — along with reallocation of health funding, job and skill losses, and a renewed emphasis on education and early intervention. Medical abortion is the way of the future for first-trimester abortion and indeed more so for gestations beyond 9 weeks. Governments will make the necessary adjustments — if the industry itself does not. Spain, by Francisca García In my opinion, the prior question here is: abortion in Spain — in the public health system? Without wanting to say anything negative about the health professionals who have been performing abortions in Spain for over 30 years, I would like to talk about some of the reasons why provision of abortion is not widespread in the public health system, and that the way in which abortion is gradually being incorporated into the public system in some autonomous communities is due to nothing other than the expansion of provision of medical abortion pills to the detriment of surgical methods. Yet I believe that both types of method are necessary and their co-existence essential to offering a quality abortion service that safeguards the privacy of women. First, however, I think it is important to note that conscientious objection, the reason that has been identified historically as the main cause of the failure to provide abortion care in the public health system and which may well be true for the moral/ethical minority, has come to conceal the real and main reason. That is, that for public health professionals, it is none other than the stigma and loss of professional reputation that negatively affect those who perform abortions, and therefore, they are not willing to do them. Little by little, however, I wonder whether the medical method of abortion has been reducing that stigma and opening up some cracks in the public system. Because this technique, which is both safe and effective, minimizes the involvement of the doctor in the abortion process; it is the woman, almost by herself, who brings on her own abortion, while the professional is limited to observing and monitoring, and intervening only if complications occur. However, the lack of training for health professionals is another of the reasons for the non-assimilation of abortion in the public health system. Today, the only kind of abortion that is included as a subject in the medical or nursing curriculum is spontaneous abortion, and abortion is not learned during medical specialization. Which leads me to ask: Is the public health system prepared and willing to create specialist abortion units with committed professionals trained in all methods of induced abortion? And can they ensure the confidentiality, privacy and accompaniment women need during the process of abortion? International health agencies point to the need for abortion providers to be trained for professional reasons in all the methods of abortion not only so that the woman can choose which method is best for her own health and circumstances (which cannot in all cases be resolved with the medical method) but also to ensure the safety of whichever intervention is used. If only the medical method is offered, it reduces the safety of the process in case something goes wrong, and it also reduces the right of women to decide what is best for them, including within their family circumstances. This is something that already happens in our neighboring countries, such as Portugal and France, where women have virtually no possibility to opt for the surgical method. Yet this is a technique that is chosen and preferred by more than 75% of women in Spain when women are given clear and impartial information about both methods. ACAI (Associación de Clínicas Acreditadas para la IVE) respects the desire for broader medical, political and social rights to be met by the public health system through provision of induced abortion. But we must add that this cannot in any way lead to a loss of safety, privacy and confidentiality for women. Otherwise, it could become a step backwards. Therefore, when evaluating whether the incorporation of induced abortion into the portfolio of public health services is taking place as it should do, we must focus not only on the provision of medical abortion, whose expansion benefits the pharmaceutical industry above all. The following questions are also relevant: Is there the will to create specialist units for induced abortion? Will professionals be trained in all abortion methods? Will women be offered all methods? Will women be able to choose a method according to their personal circumstances and health? Will women's privacy be protected? Will they have the necessary accompaniment? If these questions have not even been asked by the public health administrators managing this process and have not been raised among the demands of the groups who are asking for this to happen, we can say without fear of contradiction that women may again be faced with experiencing abortion as a stigmatizing experience, devoid of attention and caring. It would not meet the quality indicators that women deserve [[4]Translated with the author's permission into English from: Aborto, ¿en la sanidad pública?, InfoLibre, 12 February 2017.http://www.infolibre.es/noticias/opinion/2017/02/12/aborto_sanidad_publica_60837_1023.htmlDate accessed: March 12, 2017Google Scholar]. Colombia, by Cristina Villarreal A medication to induce abortion is something that women in Latin America have sought for years — it is the most awaited pill. Women went, and, even today, go to pharmacies asking for something that will “bring on menstruation.” Before misoprostol, they just received concoctions, injections and tablets that only prolonged pregnancy without achieving the intended effect. Therefore, when Brazilian women discovered the abortifacient effects of misoprostol, this “secret” — shared by word of mouth — was well received by many other women in the region. It was then that prosecutions and restrictions on its distribution began. Nevertheless, women have always been resourceful and mutually supportive, and they continue to obtain the medications in different and creative ways. Unfortunately, prosecutions are increasing, especially for those women who self-use the medications. Medications for abortion have two additional benefits. First, they reduce social injustice stemming from inequality of access to health services, and second, they compensate for the decrease in the number of abortion providers that we are seeing everywhere. In relation to the first benefit, there is still much to be done in Latin America to overcome the inequity barriers: mifepristone, the gold standard in combination with misoprostol for medical abortion, has not been available in the region, with the exception of Mexico and Uruguay, until now. Happily, it was announced by INVIMA (Instituto Nacional de Vigilencia de Medicamento) (the national drug regulator) in March 2017 [[5]El Espectador, 3 March 2017.http://www.elespectador.com/noticias/salud/invima-aprueba-medicamento-mas-efectivo-y-seguro-para-interrupcion-del-embarazo-articulo-682867Date accessed: March 30, 2017Google Scholar] that mifepristone would become available in Colombia later in 2017. In most parts of Latin America, however, we are still having to rely on a less effective regimen because access to mifepristone is restricted by “moral” and administrative barriers. Although the benefits I mention are real, it is only each individual woman who is facing an unwanted pregnancy who should have the right to decide how she wants to cope with the experience. Although some women are aware of the existence of medications and have the possibility of choosing them, they prefer the immediate certainty that other, surgical techniques provide. Thus, health systems and service providers are responsible for offering options to women so that they can be the ones to fully exercise their autonomy. Therefore, I believe that no one method for abortion should be the only method. Brazil and México, by Aníbal Faúndes and Laura Miranda The answer is different for developed countries than for those with restrictive abortion laws and rare or non-existent safe abortion provision in public hospitals. One problem is that while in the former group of countries the abortion stigma is minimal, in developing countries with restrictive abortion laws, the stigma is highly prevalent and has a great influence on the health professionals' behavior. In this latter group of countries, physicians are often not willing to provide surgical abortion but are more willing to prescribe medical abortion pills, which maintains a certain physical distance between themselves and the evacuation of the uterus [[6]Faúndes A. Misoprostol: life-saving.Eur J Contracept Reprod Health Care. 2011; 16: 57-60https://doi.org/10.3109/13625187.2011.561940Crossref PubMed Scopus (15) Google Scholar]. The very positive effect of the availability of medical abortion has already been shown by the reduction of abortion complications and deaths after misoprostol became available in a growing number of those countries. More recently, when abortion on request up to 12 weeks of pregnancy became legal in Uruguay [[7]Fiol V. Rieppi L. Aguirre R. Nozar M. Gorgoroso M. Coppola F. et al.The role of medical abortion in the implementation of the law on voluntary termination of pregnancy in Uruguay.Int J Gynecol Obstet. 2016; 134: S12-S15https://doi.org/10.1016/j.ijgo.2016.06.006Crossref PubMed Google Scholar], safe, legal abortion became almost immediately universally available, thanks to the simultaneous registration of mifepristone and to having the mifepristone–misoprostol combination available in all public health services. Thus, the delay that would have been caused by having to train cadres of professionals in surgical abortion methods was avoided, and the eventual resistance of some physicians was also averted. Medical abortion requires the back-up of services where a surgical procedure is available in case of incomplete abortion or bleeding for any cause, but such services are available because every gynecologist in Latin America has been trained in the use of curettage, and now of intrauterine aspiration, for the treatment of incomplete abortion. Thus, no additional training is needed. The training in the use of medical abortion is far simpler, and both general practitioners and nurses and midwives can easily be trained, broadening the cadres of health professional that can provide services and facilitating the provision of safe abortion services at primary health care level [[8]Matia M.G. Trumper E.C. Funes N.O. Orchuela J. A replication of the Uruguayan model in the province of Buenos Aires, Argentina, as a public policy for reducing abortion-related maternal mortality.Int J Gynecol Obstet. 2016; 134: S31-S34https://doi.org/10.1016/j.ijgo.2016.06.006Crossref PubMed Scopus (15) Google Scholar]. It is possible to foresee a future when women will be empowered to take a rapid decision when confronted with a delayed menses, purchasing and taking medication to “recover menses” without either the knowledge or intervention of anybody else — unless they wish it. The number of women currently self-inducing abortions, especially those using misoprostol alone, who are presenting at health facilities with “incomplete” or “complicated” abortions will be greatly reduced, and women's health will improve. We will also need to develop more non-provider-dependent, long-acting contraceptives, along the lines of the new self-injected subcutaneous depot medroxyprogesterone acetate [[9]Sayana press introduction and research: expanding access and options. PATH. Undated.http://sites.path.org/rh/recent-reproductive-health-projects/sayanapressDate accessed: March 12, 2017Google Scholar], to provide women with the means to take all their own reproductive decisions.",,,
V19,10.1016/s2542-5196(21)00032-2,India's air pollution: the need for city-centric plans and regulations,"I read with great interest the paper by the India state-level disease burden initiative air pollution collaborators on the health and economic impact of air pollution in the states of India.1India State-Level Disease Burden Initiative Air Pollution CollaboratorsHealth and economic impact of air pollution in the states of India: the Global Burden of Disease Study 2019.Lancet Planet Health. 2021; 5: e25-e38Summary Full Text Full Text PDF PubMed Scopus (51) Google Scholar In India, there is a diverse set of factors responsible for air pollution in different locations (urban, semi-urban, and rural). Shortage of applicable infrastructure, especially in rural and semi-urban areas, is the main limitation in the analysis of air quality. As the authors have correctly pointed out, studies on sources of emissions in major cities of India have used different methods, source signatures, and emission inventories. Missing meteorological data only adds to the indeterminacy in such a setting. Models such as the Urban Background Model developed at Aarhus University in Denmark successfully modelled the concentrations of CO, NOx, NO2, O3, and PM2·5 at the urban background level in Quito, Ecuador.2Valencia VH Hertel O Ketzel M Levin G Modeling urban background air pollution in Quito, Ecuador.Atmos Pollut Res. 2020; 11: 646-666Crossref Scopus (5) Google Scholar Such existing models could be tested, and new models could be developed at locations in India with complex topography. It has been articulated in the Global Burden of Disease 2019 paper that regulation can have a profound effect on exposure to and health effects of ambient particulate matter pollution. Government action through strict policies and regulatory measures are shown to directly affect air pollution.3Murray CJL Aravkin AY Zheng P et al.Global burden of 87 risk factors in 204 countries and territories, 1990–2019: a systematic analysis for the Global Burden of Disease Study 2019.Lancet. 2020; 396: 1223-1249Summary Full Text Full Text PDF PubMed Scopus (662) Google Scholar Unfortunately, the initiatives of successive Indian governments as such are not well thought out and proactive.4Verma M GreenpeaceCan India bear cost of Government's apathy & inaction on air pollution?.https://www.greenpeace.org/india/en/press/2098/can-india-bear-cost-of-governments-apathy-inaction-on-air-pollution/Date: 2018Date accessed: December 31, 2020Google Scholar National emission inventories and a standard protocol for air pollution emission reporting across states are not available. PM2·5 was included for all manual stations monitoring air quality under the national ambient monitoring programme only in 2016. A study of the 102 city-specific clean air plans approved under the National Clean Air Programme (NCAP) showed that only 48 cities have source-specific actions with interim targets.5Ganguly T Kurinji SL Guttikunda SK How robust are urban India's clean air plans? An assessment of 102 Cities.https://www.ceew.in/sites/default/files/CEEW%20-%20How%20Robust%20are%20Urban%20India's%20Clean%20Air%20Plans%2016Jun20.pdfDate: 2020Date accessed: December 31, 2020Google Scholar The report found inadequate budget (90% of cities) and replication of action points and timelines (53% of cities). It was suggested that involvement of multiple regulatory agencies could result in fragmented accountability. The Smart City Project is an excellent opportunity to identify and replicate successful city-level models to implement policy regulations.2Valencia VH Hertel O Ketzel M Levin G Modeling urban background air pollution in Quito, Ecuador.Atmos Pollut Res. 2020; 11: 646-666Crossref Scopus (5) Google Scholar City-centric designs could be complimented with an additional tier of an airshed approach, which needs to be adopted in the NCAP. Clear, concrete, and coherent regulatory measures must be spelled out to directly address the issue of air pollution. Coordination between different stakeholders is essential to implement air pollution management plans. The state funding, statutory regulations, and the political willpower at large would be instrumental in our efforts to flatten the curve of air pollution. I declare no competing interests. Health and economic impact of air pollution in the states of India: the Global Burden of Disease Study 2019The high burden of death and disease due to air pollution and its associated substantial adverse economic impact from loss of output could impede India's aspiration to be a $5 trillion economy by 2024. Successful reduction of air pollution in India through state-specific strategies would lead to substantial benefits for both the health of the population and the economy. Full-Text PDF Open Access",,,
V20,10.4102/jamba.v13i1.1040,Quantifying the nutritional and income loss caused by crop raiding in a rural African subsistence farming community in South Africa,"Globally, crop damage by wildlife contributes to food insecurity through direct loss of food and income. We investigated the calories lost and potential economic impact of crop raiding to subsistence homesteads abutting the Hluhluwe Game Reserve and assessed their mitigation measures to combat crop raiding. We quantified the seasonal loss of calories (KJ/g) of four common crops: beetroot ( Beta vulgaris ), common bean ( Phaseolus vulgaris ), maize ( Zea mays ) and spinach ( Spinacia oleracea ) and determined seasonal potential income loss based on local market cost of crops. Experimental data used for this study were collected from April 2016-March 2017 and questionnaire data were collected in March 2016, using a stratified sampling approach to sample the homesteads. We selected every second homestead for the interview and restricted the survey to one respondent per homestead to avoid pseudo-replication of results. In the one year of sampling, we did not record any large mammals crop raiding, both from direct observations and camera trap footage, we also did not find a statistically significant relationship between the level of damage and distance of farms from the reserve boundary. Throughout the study, we captured a total of 96 individual rodents comprising of two species: red bush rat ( Aethomys spp .; 67.7%; 51 males and 28 females) and pouched mouse ( Saccostomus campestris; 32.3% (14 females and three males ) and we used the damage caused by these animals and other small animals to quantify the level of damage. We found that season, crop type, farm slope and the interaction between season and crop type were significant predictors of relative calorie loss. Again, season, crop type and the interaction between season and crop type were significant predictors of the potential income loss, with the highest income loss recorded for spinach in the dry season. In addition, significant differences were found for potential income loss for all crop types in the wet season, and for the interaction between crop types maize, spinach and the wet season, but no significant difference was found for crop type common bean and the wet season. A multinomial regression analysis revealed that crop raiding animal type, crop types raided and distance of farms from the reserve all had a significant effect on the choice of mitigation measures farmers used. Most importantly we found the highest relative calorie loss for maize during the dry season, which could impact on subsistence farmers by reducing their daily calorie intake and impact on their food security especially during the season where subsistence farming is slow. Moreover, as the most preferred mitigation measure by farmers can have opportunity costs to this community, such as the loss of school time for children. These results have important implications for food security policies and socially related policies and practices.",,,
V21,10.7287/peerj.16135v0.1/reviews/1,"Peer Review #1 of ""Followership styles scrutinized: temporal consistency and relationships with job attitudes and self-efficacy (v0.1)""","While followership has been repeatedly acknowledged as an important part of leadership, key questions are still awaiting empirical testing.In two studies, we test Kelley's (1992) prominent concept of followership styles for the first time in a longitudinal design.Specifically, we use a latent-state trait approach (Geiser, 2020;Steyer et al., 2015) to examine the degree to which followership behaviors (i.e., active engagement [AE] and independent, critical thinking [ICT]) reflect rather stable or rather dynamic behaviors.Furthermore, we examine the relationships of followership behaviors with job attitudes (i.e., job satisfaction and organizational commitment) and self-efficacy in latent states cross-lagged models.We first test our hypotheses in a sample of N = 184 employees from eleven German service organizations, which were surveyed twice with a time lag of nine to 12 months.To replicate and extend our findings from Study 1, we conducted Study 2 with a sample of N = 570 participants from a German open-access panel, which were surveyed twice with a time lag of four months.In Study 2, we additionally test leader humility and perceived organizational support (POS) as potential moderators of the relationships between followership and job attitudes.While our findings support Kelley's (1992) conceptualization of followership styles as rather consistent behavior patterns, mixed results were found for the relationships with the other variables.We discuss the theoretical and practical implications of our findings as well as the relevance of time in followership research.",,,
V22,10.3389/fmed.2021.730494,In vivo Imaging of Retina and Choroid in Guinea Pigs,"Purpose: To evaluate the feasibility of in-vivo imaging of the retina and choroid using spectral domain optical coherence tomography (OCT) in guinea pigs. Methods: The study included 19 pigmented guinea pigs (age: 3–4 weeks) which underwent sonographic axial length measurements and OCT imaging. At study end, the animals were sacrificed and histomorphometric examinations of the retina and choroid were performed. We assessed the reproducibility of the OCT measurements and compared in-vivo measurements to histomorphometric data. Results: The mean thickness of the retina and choroid near the optic nerve head was 175.6 ± 25.8 and 63.4 ± 16.5 μm, respectively, and mean Bruch's membrane opening (BMO) diameter was 831 ± 121 μm. The intra-observer comparison of measurements of retinal thickness (intraclass correlation coefficient (ICC) = 0.92, 95% CI: 0.86–0.96; P &amp;lt; 0.001), choroidal thickness (ICC = 0.92, 95% CI: 0.86–0.96; P &amp;lt; 0.001), and BMO diameter (ICC = 0.92, 95% CI: 0.86–0.96; P &amp;lt; 0.001) showed a high correlation. A high agreement was present also for the inter-observer reproducibility of the measurements of retinal thickness (Pearson correlation coefficient ( R ) = 0.98; P &amp;lt; 0.001), choroidal thickness ( R = 0.96; P &amp;lt; 0.001), and BMO diameter ( R = 0.98; P &amp;lt; 0.001). The Bland-Altman plots showed that 2.6% (1/38), 5.3% (2/38), and 7.9% (3/38) of the measurement points of retinal thickness, choroidal thickness and BMO diameter, respectively, were located outside of the 95% limits of agreement. The OCT-based thickness measurements of retina and choroid were significantly higher than those measured by histomorphometry (both P -values &amp;lt;0.01). Conclusion: OCT-based in-vivo morphometric imaging of the retina and choroid in guinea pigs is feasible with an acceptable intra-observer repeatability and inter-observer reproducibility.",,,
V23,10.1177/0956797615616374,Replication in Psychological Science,"psychological science, the field, continue to struggle with the challenge of establishing interesting and important and replicable phenomena. As I often tell my students, “If scientific psychology was easy, everyone would do it.” We can take some comfort in knowing that other sciences, too, face similar challenges (e.g., Begley & Ellis, 2012). But our business is with psychology. In August of this year, Science published a fascinating article by Brian Nosek and 269 coauthors (Open Science Collaboration, 2015). They reported direct replication attempts of 100 experiments published in prestigious psychology journals in 2008, including experiments reported in 39 articles in Psychological Science. Although I expect there is room to critique some of the replications, the article strikes me as a terrific piece of work, and I recommend reading it (and giving it to students). For each experiment, researchers prespecified a benchmark finding. On average, the replications had statistical power of .90+ to detect effects of the sizes obtained in the original studies, but fewer than half of them yielded a statistically significant effect. As Nosek and his coauthors made clear, even ideal replications of ideal studies are expected to fail some of the time (Francis, 2012), and failure to replicate a previously observed effect can arise from differences between the original and replication studies and hence do not necessarily indicate flaws in the original study (Maxwell, Lau, & Howard, 2015; Stroebe & Strack, 2014). Still, it seems likely that psychology journals have too often reported spurious effects arising from Type I errors (e.g., Francis, 2014).... Language: en",,,
V24,10.1016/j.rvsc.2020.03.007,Evaluating the application of the dual path platform VetTB test for badgers (Meles meles) in the test and vaccinate or remove (TVR) wildlife research intervention project in Northern Ireland,"European badgers (Meles meles) are accepted as a wildlife reservoir host for Mycobacterium bovis, which causes bovine tuberculosis (bTB) in the British Isles. The objective of this study was to evaluate the use of Dual Path Platform (DPP) VetTB test (Chembio Diagnostic Systems Inc., Medford, NY, USA) within a Test and Vaccinate or Remove (TVR) wildlife research intervention project. Blood samples were collected from 456 individual badgers, trapped in 2015 and 2016, and tested in the field with DPP VetTB test using whole blood. Additionally, whole blood and serum samples were taken to the laboratory for further DPP VetTB testing and for gamma interferon (IFN-γ) testing. Swabs were taken from the oropharynx and trachea and submitted for bacteriological culture as were swabs from wounds, if present. Field DPP VetTB test positive badgers were euthanised and underwent post-mortem examination and bTB confirmatory testing. The results demonstrated that the test performed as well in the field using whole blood as DPP Vet TB tests in the laboratory using sera or whole blood, and as well as other established tests for M. bovis. Visual assessment of the DPP VetTB test using serum under laboratory conditions showed a high degree of consistency between raters. Using a relative gold standard (parallel interpretation of IFN-γ assay and oropharyngeal/tracheal sample/culture), sensitivity estimates for the DPP VetTB test using sera and whole blood were 0.5 (95%CI 0.34–0.66) and 0.42 (95%CI 0.24–0.66), respectively. Specificity estimates were 0.95 (95%CI 0.93–0.97) for sera and 0.89 (95%CI 0.86–0.92) for whole blood. Parallel interpretation of Band 1 (MPB83) and Band 2 (CFP-10/ESAT-6) of the DPP VetTB test was not superior to interpretation of Band 1 only. The results give confidence in the reliability and reproducibility of the DPP VetTB test for badgers under field conditions and therefore it is considered appropriate for use in a badger bTB control campaign.",,,
V25,10.1161/circgen.118.002139,Is Plasma Renin Activity Genetically Determined and How Much Does It Matter for Treating Hypertension?,"HomeCirculation: Genomic and Precision MedicineVol. 11, No. 4Is Plasma Renin Activity Genetically Determined and How Much Does It Matter for Treating Hypertension? Free AccessEditorialPDF/EPUBAboutView PDFView EPUBSections ToolsAdd to favoritesDownload citationsTrack citationsPermissions ShareShare onFacebookTwitterLinked InMendeleyReddit Jump toFree AccessEditorialPDF/EPUBIs Plasma Renin Activity Genetically Determined and How Much Does It Matter for Treating Hypertension? Francois Alhenc-Gelas, MD and Joel Menard, MD Francois Alhenc-GelasFrancois Alhenc-Gelas INSERM U1138, Paris-Descartes University, Sorbonne University, France. and Joel MenardJoel Menard INSERM U1138, Paris-Descartes University, Sorbonne University, France. Originally published12 Apr 2018https://doi.org/10.1161/CIRCGEN.118.002139Circulation: Genomic and Precision Medicine. 2018;11:e002139See Article by McDonough et alAbundance of a protein in tissues or fluids is probably a quantitative genetic trait in most or even all cases. This can, however, be difficult recognizing and quantifying, depending on whether cellular or secreted proteins are considered and whether synthesis is mainly constitutive or also under the influence of potent physiological, lifestyle-related factors.The issue can be exemplified by protein components of vasomotor peptide systems, renin–angiotensin, and kallikrein–kinin. Genetic determinism of angiotensin-converting enzyme (kininase II) level in plasma or kallikrein activity in urine has been recognized long ago, through familial transmission studies.1,2 Molecular basis for the genetic variability was documented later when gene structure became known.3,4 Genetic polymorphism of plasma angiotensinogen level has also been documented, in that case through genotype–phenotype association study and further gene studies addressing causality and mechanism.5,6These cellular and secreted proteins, angiotensin-converting enzyme, kallikrein, and angiotensinogen are mainly synthesized constitutively, only submitted to mild hormonal influences. There is little or no interference of hemodynamic status and dietary factors with the effect of genetic background, explaining the observation of a strong heritable component of the population variance of plasma or urinary level in transmission and genomic association studies.7 What about renin?Renin Level As a Genetic Trait?Renin synthesis and secretion are largely modulated, acutely and chronically, by renal hemodynamic status, sympathetic nervous system activity, and sodium balance. Renin is synthesized as prorenin in various tissues, but prorenin is only activated in the kidney, in juxtaglomerular cells. Both prorenin and active renin are secreted in plasma. Measurement of active renin has both physiological and clinical relevance and is used, routinely for diagnosis of secondary forms of hypertension. Excess renin secretion is the primary cause of hypertension in renal artery stenosis, and deregulation of the renin-extracellular fluid volume balance is considered to play a prominent role in essential hypertension, a well-established genetic disorder.8 Accordingly, documenting genetic variability in renin level may not only have cognitive interest but also diagnosis application.However, although renin secretion displays large intersubject variability but good within-subject reproducibility,9 there is no strong evidence for a genetic determinism of plasma renin level. Renin is influenced by ethnicity, but this may be linked to renal physiological status. No familial transmission of prorenin or active renin level has been documented to date, albeit mild evidence for heritability was obtained in a twin study.10,11 Instead, intersubject variability in plasma renin activity (PRA) has been linked, in hypertensive subjects, to urinary sodium excretion, a typical lifestyle-related parameter reflecting dietary sodium intake and, at steady state, extracellular fluid volume.8The issue of genetic influence on PRA can nevertheless be addressed through genomic association studies. The approach can now benefit from whole genome scanning.12Renin As a Pharmacogenomic Biomarker?A genome-wide association study (GWAS) of renin is reported by Mc Donough et al13 in the present issue of Circulation: Genomic and Precision Medicine. The study was performed in hypertensive subjects from the PEAR I and PEAR II cohorts (Pharmacogenomic Evaluation of Antihypertensive Responses) and comprises an interesting attempt at the pharmacogenomic extension.Strength of the Mc Donough et al13 study relies on the quality of the cohorts and use of a centralized, reference method for measuring PRA. The PEAR studies address pharmacogenomic evaluation of antihypertensive responses. In PEAR I, the discovery cohort for the renin study, hydrochlorothiazide, a diuretic, or atenolol, a β-blocking agent, were administered as first-line treatment.Several single-nucleotide polymorphisms (SNPs) in several different genomic regions were found to be associated, at a reasonable level of statistical confidence, with baseline PRA, especially in white subjects. Introduction in the analysis of urinary sodium excretion did not alter the main associations. Some of the PRA-associated variants were further tested, through an original prioritization procedure, for functionality by expression quantitative trait locus analysis in RNA from blood cells and for replication of association with PRA in PEAR II.The pharmacogenomic-based prioritization system used for testing SNPs is worth commenting on because of its clinical basis. Prioritization was based on the association of SNP with blood pressure response to hydrochlorothiazide and atenolol. Studies have indeed documented that, at the population level, hypertensive subjects having high PRA respond better to β-blocking agents, whereas those having low PRA respond better to diuretics.14 The former are considered to have renin rather than volume dependent hypertension and the latter the opposite, although this may be sort of an oversimplification. β-blocking agents lower blood pressure in large part through inhibition of renin secretion.15 Therefore, combining the 2 phenotypes, PRA and PRA-dependent therapeutic response may seem logical, providing dual biochemical, and functional (pharmacological) appraisal of renin status in hypertensive subjects. In addition, the approach can identify pharmacogenomic biomarkers.The result of this prioritization attempt is interesting but probably less impressive than may have been expected by the authors: association of candidate SNPs with the expected therapeutic response was observed for 8 SNPs in Whites and 4 in Blacks but in all cases effect was dissociated among the 2 drugs, in partial disagreement with the renin hypothesis. No perfect SNP associated with PRA and with both atenolol and hydrochlorothiazide responses, in the expected directions, was identified in the study. It can be also noted that the variants previously found to be associated with blood pressure response to these drugs in PEAR did not come out in the renin GWAS.13PRA and therapeutic response to antihypertensive agents are 2 different, only partly overlapping phenotypes and this may explain dissociation among drugs, among ethnic groups and among studies. Also, issues of power and multiple testing arise, and chance finding may not be excluded in all cases. Replication of the pharmacogenomic associations has not been tested, but this may be eventually done in PEAR II.Accordingly, SNPs that passed pharmacogenomic prioritization are good candidates for physiological and pharmacological studies, especially if they displayed functionality and replication in PEAR II. The corresponding genomic regions can be further studied for identifying candidate genes and approaching causality. But those that did not pass prioritization should nevertheless be considered for replication of association with PRA in PEAR II and in other studies.Renin and GWASThere have been to date 2 GWAS of renin, performed either in normotensive or in hypertensive populations. Both were published in the Journal.12,13 Results do not overlap between studies. This may tentatively be explained by differences in ethnic composition and health status between the populations studied. In the first study,12 the plasma (pre)kallikrein gene (not to be confounded with tissue kallikrein discussed above) and the kininogen gene were found to be associated with active renin level. The corresponding locus did not come out in the present study.It is interesting to note that prekallikrein is activated during blood sampling in the contact system of coagulation and can convert prorenin to active renin, in vitro.16 It is not known whether this may have influenced the data in both studies.Overall, renin GWAS illustrate the difficulty of documenting genotype–phenotype relationship for proteins that may not have a strong genetic determinism. The authors have addressed the issue in well-phenotyped populations and by using powerful genome analysis procedures. As usual, let's wait for replication and further gene identification.Considering plasma prorenin as a phenotype in studies might also clarify the issue. Clinical investigation of the renin–angiotensin system has been characterized by the extreme precautions taken to correct results of active renin measurement, either by enzymatic or immunoradiometric assays, according to age, position, time of the day, sodium intake, or urinary sodium excretion. These conditions, necessary for providing accurate diagnosis information, are not fulfilled in most epidemiological studies and many therapeutic trials. Nevertheless, in less stringent conditions than for clinical care, measurement of active renin has been able to predict the incidence of hypertension and major cardiovascular events.17,18But the measurement of active renin might not be the most suitable phenotype for investigating the association of renin level with polymorphisms or mutations in molecular genetic studies. The protein gene product is prorenin, which is subsequently activated and released by the kidney. Prorenin is also produced outside the kidney and is less sensitive to physiological variations governing active renin release. Large samples of subjects will still be necessary for detecting relevant association, but prorenin measurement is easy to perform by trypsin activation or immunometric assay.19 Measuring prorenin should allow investigating a different genetic association than that of active renin release by the kidney.20 Both prorenin and active renin are key regulators of the sodium-pressure loop, with a very likely genetic component.The study by McDonough et al13 is the second attempt to look at GWA of renin, but for several reasons, statistical power and choice of phenotype, it should open an avenue rather than close a research.Sources of FundingThis study supported by INSERM, Paris-Descartes University, Sorbonne University.DisclosuresNone.FootnotesThe opinions expressed in this article are not necessarily those of the editors or of the American Heart Association.http://circgenetics.ahajournals.orgFrancois Alhenc-Gelas, MD, INSERM U1138, Paris-Descartes University, Sorbonne University, Cordeliers Research Center, 15 Rue de l'Ecole de Medecine, 75006 Paris, France. E-mail [email protected]References1. Cambien F, Alhenc-Gelas F, Herbeth B, Andre JL, Rakotovao R, Gonzales MF, et al. Familial resemblance of plasma angiotensin-converting enzyme level: the Nancy Study.Am J Hum Genet. 1988; 43:774–780.MedlineGoogle Scholar2. Berry TD, Hasstedt SJ, Hunt SC, Wu LL, Smith JB, Ash KO, et al. A gene for high urinary kallikrein may protect against hypertension in Utah kindreds.Hypertension. 1989; 13:3–8.LinkGoogle Scholar3. Rigat B, Hubert C, Alhenc-Gelas F, Cambien F, Corvol P, Soubrier F. An insertion/deletion polymorphism in the angiotensin I-converting enzyme gene accounting for half the variance of serum enzyme levels.J Clin Invest. 1990; 86:1343–1346. doi: 10.1172/JCI114844.CrossrefMedlineGoogle Scholar4. Slim R, Torremocha F, Moreau T, Pizard A, Hunt SC, Vuagnat A, et al. Loss-of-function polymorphism of the human kallikrein gene with reduced urinary kallikrein activity.J Am Soc Nephrol. 2002; 13:968–976.CrossrefMedlineGoogle Scholar5. Jeunemaitre X, Soubrier F, Kotelevtsev YV, Lifton RP, Williams CS, Charru A, et al. Molecular basis of human hypertension: role of angiotensinogen.Cell. 1992; 71:169–180.CrossrefMedlineGoogle Scholar6. Inoue I, Nakajima T, Williams CS, Quackenbush J, Puryear R, Powers M, et al. A nucleotide substitution in the promoter of human angiotensinogen is associated with essential hypertension and affects basal transcription in vitro.J Clin Invest. 1997; 99:1786–1797. doi: 10.1172/JCI119343.CrossrefMedlineGoogle Scholar7. Alhenc-Gelas F, Richard J, Courbon D, Warnet JM, Corvol P. Distribution of plasma angiotensin I-converting enzyme levels in healthy men: relationship to environmental and hormonal parameters.J Lab Clin Med. 1991; 117:33–39.MedlineGoogle Scholar8. Laragh JH, Sealey JE. The renin-angiotensin hormonal system and regulation of sodium, potassium and blood pressure homeostasis., Orloff J, Berliner RW, eds. In: Handbook of Physiology: Renal Physiology. Baltimore, MD: Waverly Press; 1973:831–998.Google Scholar9. Azizi M, Bissery A, Lamarre-Cliche M, Ménard J. Integrating drug pharmacokinetics for phenotyping individual renin response to angiotensin II blockade in humans.Hypertension. 2004; 43:785–790. doi: 10.1161/01.HYP.0000125698.00128.64.LinkGoogle Scholar10. Jeunemaitre X, Vuagnat A, Hopkins P, Menard J, Corvol P. Familial correlations of plasma renin in hypertensive sibling pairs.J Hypertens. 1997; 15:S86–S86.Abstract.Google Scholar11. Vinck WJ, Fagard RH, Vlietinck R, Lijnen P. Heritability of plasma renin activity and plasma concentration of angiotensinogen and angiotensin-converting enzyme.J Hum Hypertens. 2002; 16:417–422. doi: 10.1038/sj.jhh.1001410.CrossrefMedlineGoogle Scholar12. Lieb W, Chen MH, Teumer A, de Boer RA, Lin H, Fox ER, et al; CKDGen Consortium; ICBP; EchoGen Consortium. Genome-wide meta-analyses of plasma renin activity and concentration reveal association with the kininogen 1 and prekallikrein genes.Circ Cardiovasc Genet. 2015; 8:131–140. doi: 10.1161/CIRCGENETICS.114.000613.LinkGoogle Scholar13. McDonough CW, Magvanjav O, Sá ACC, El Rouby NM, Dave C, Deitchman AN, et al. Genetic variants influencing plasma renin activity in hypertensive patients from the PEAR study (Pharmacogenomic Evaluation of Antihypertensive Responses ).. Circ Genom Precis Med. 2018; 11:e001854. doi: 10.1161/CIRCGEN.117.001854.LinkGoogle Scholar14. Preston RA, Materson BJ, Reda DJ, Williams DW, Hamburger RJ, Cushman WC, et al. Age-race subgroup compared with renin profile as predictors of blood pressure response to antihypertensive therapy. Department of Veterans Affairs Cooperative Study Group on Antihypertensive Agents.JAMA. 1998; 280:1168–1172.CrossrefMedlineGoogle Scholar15. Blumenfeld JD, Sealey JE, Mann SJ, Bragat A, Marion R, Pecker MS, et al. Beta-adrenergic receptor blockade as a therapeutic approach for suppressing the renin-angiotensin-aldosterone system in normotensive and hypertensive subjects.Am J Hypertens. 1999; 12:451–459.CrossrefMedlineGoogle Scholar16. Derkx FH, Bouma BN, Schalekamp MP, Schalekamp MA. An intrinsic factor XII- prekallikrein-dependent pathway activates the human plasma renin-angiotensin system.Nature. 1979; 280:315–316.CrossrefMedlineGoogle Scholar17. Alderman MH, Madhavan S, Ooi WL, Cohen H, Sealey JE, Laragh JH. Association of the renin-sodium profile with the risk of myocardial infarction in patients with hypertension.N Engl J Med. 1991; 324:1098–1104. doi: 10.1056/NEJM199104183241605.CrossrefMedlineGoogle Scholar18. Tomaschitz A, Pilz S, Ritz E, Morganti A, Grammer T, Amrein K, et al. Associations of plasma renin with 10-year cardiovascular mortality, sudden cardiac death, and death due to heart failure.Eur Heart J. 2011; 32:2642–2649. doi: 10.1093/eurheartj/ehr150.CrossrefMedlineGoogle Scholar19. Simon D, Badouaille G, Pau B, Guyene TT, Corvol P, Ménard J. Measurement of active renin by the 4G1 anti-human renin monoclonal antibody.Clin Exp Hypertens A. 1987; 9:1333–1340.MedlineGoogle Scholar20. Martini AG, Xa LK, Lacombe MJ, Blanchet-Cohen A, Mercure C, Haibe-Kains B, et al. Transcriptome analysis of human reninomas as an approach to understanding juxtaglomerular cell biology.Hypertension. 2017; 69:1145–1155. doi: 10.1161/HYPERTENSIONAHA.117.09179.LinkGoogle Scholar Previous Back to top Next FiguresReferencesRelatedDetailsCited By Jung J and Kim H (2022) Shared genetic etiology and antagonistic relationship of plasma renin activity and systolic blood pressure in a Korean cohorts, Genomics, 10.1016/j.ygeno.2022.110334, 114:3, (110334), Online publication date: 1-May-2022. April 2018Vol 11, Issue 4 Advertisement Article InformationMetrics © 2018 American Heart Association, Inc.https://doi.org/10.1161/CIRCGEN.118.002139PMID: 29650769 Originally publishedApril 12, 2018 Keywordsessential hypertensionKallikrein-Kinin Systemrenin-angiotensin systemEditorialsGenome-Wide Association Studyreningenetic determinismpharmacogeneticsPDF download Advertisement SubjectsACE/Angiotensin Receptors/Renin Angiotensin SystemClinical StudiesGenetic, Association StudiesHypertensionPharmacology",,,
V26,10.28971/532018mm74,Secondary Traumatic Stress Among Emergency Department Nurses,"Individuals employed in healthcare services are exposed daily to a variety of health and safety hazards which include psychosocial risks, such as those associated with work-related stress. Nursing is the largest group of health professionals in the healthcare system. Work-related stress has been associated with substandard quality and safety of care, poor health status, decreased quality of life and compromised safety among staff members (Christodoulou-Fella, Middleton, Papathanassoglou, &amp; Karanikola, 2017). Secondary traumatic stress (STS) is exacerbated in health professionals who are continuously confronted and care for patients suffering traumatic injuries and are critically ill, while experiencing emotional disruption themselves, thus becoming indirect victims of the trauma, they care for (Christodoulou-Fella et al.). The purpose of this study was to explore the prevalence and severity of traumatic symptoms experienced by nurses working in the emergency department (ED) secondary to repetitive exposure of distressing events. The author utilized a 17-item survey to measure symptoms associated with indirect exposure to traumatic events due to profession. Two open-ended questions were added to better understand nurses’ views on STS. Results indicated that nurses in the ED are experiencing little to moderate symptoms of STS. Majority of participants indicated they have experienced more than one item asked in the questionnaire at least occasionally or often. A response rate of over 50% of participants specified staff debriefing shortly after being exposed to a traumatic event to be beneficial to reduce symptoms of STS. Replication of this project on a larger scale could serve as the foundation for establishing new policies regarding STS and the need for staff support services or programs.",,,
V27,10.29035/ucmaule.59.56,Fiabilidad y reproductividad de los Cuestionarios de Actividad Física PAQ-C Y PAQ-A en Estudiantes de Enseñanza Básica y Media de la Ciudad de Talca,"The purpose of the PAQ-C and PAQ-A questionnaires is to measure the levels of physical activity. The last 7 days, presented by students. Through this research we try to determine the reliability and reproducibility of the questionnaire in its Spanish version. A total of 192 subjects were studied, of which 95 were men, and 97 were women. Children and adolescents whose ages ranged from 9 years to 18 years were considered in the study. To assess physical activity (PA), the questionnaires PAQ-A (Physical Activity Questionnaire for Adolescents) and PAQ-C (Physical Activity Questionnaire for Children) were used. The questionnaires were applied to the subjects in a self-administered way in which the adolescents had 30 minutes to respond. The instrument was applied in two instances, having an interval of 7 days between the two measurements (test and re-test). According to the research, it is important to point out that the questionnaires PAQ-C and PAQ-A have a more than acceptable, transforming into a questionnaire that contributes in a safe and confident way when evaluating the physical activity levels of children and adolescents during the annual school period.",,,
V28,10.3390/ijerph17217709,Reliability of T-WSI to Evaluate Neighborhoods Walkability and Its Changes over Time,"More walkable neighborhoods are linked to increased physical activity. The Walking Suitability Index of the territory (T-WSI) is an easy method to evaluate walkability on the basis of direct observation. T-WSI provides 12 indicators divided into 4 categories (practicability, safety, urbanity, pleasantness); the weighted analysis of these indicators gives an overall score of the actual usability of the neighborhood. The aim of the study is to evaluate the ability of T-WSI' indicators to measure, in a reliable way, any street's walkability variations occurred over time. The investigation was performed in 2018 in nine urban neighborhoods of Rieti city. Cronbach's α is used to evaluate internal consistency of T-WSI; Intraclass Correlation Coefficient (ICC) is used to evaluate the reproducibility of measurements (or ratings) made by different investigators. Cronbach's α is 0.89 (± 0.02); ICC is also good (ICC = 0.89; 95% CI: 0.84-0.92). The results of the 2018 investigation are also compared with those collected in 2016 in the same districts. The results show that T-WSI is a reliable and easy to use tool, useful to measure the effectiveness of the interventions already realized at local level, but it could also contribute to making decisions to develop regeneration projects.",,,
V29,10.1016/j.ebiom.2016.03.014,Zika Virus: More Questions Than Answers,"The recent Zika virus (ZIKV) outbreak has been declared a Public Health Emergency of International Concern (PHEIC) by the World Health Organization in February 2016. It started in Brazil in 2015, rapidly spread through South and Central America, and is expected to reach the continental US in the summer of 2016. The appearance of ZIKV has been connected with an increase in cases of microcephaly in newborns of the affected areas and Guillain–Barré Syndrome (GBS) (WHO, 2016WHO Zika virus microcephaly and Guillain–Barre Syndrome.in: Situation report 26 February 2016. 2016Google Scholar). Since the virus' first isolation in Uganda in 1947, the two major outbreaks happened in Micronesia (2007) and in French Polynesia (2013). The 2013 outbreak is the only precedent where ZIKV was associated with serious complications (GBS) and a causal link between ZIKV infection and GBS was suggested based on a large study (Cao-Lormeau et al., 2016Cao-Lormeau V.M. Blake A. Mons S. Lastere S. Roche C. Vanhomwegen J. Dub T. Baudouin L. Teissier A. Larre P. et al.Guillain–Barre Syndrome outbreak associated with Zika virus infection in French Polynesia: a case–control study.Lancet. 2016; (PMID: 26948433)Summary Full Text Full Text PDF Scopus (1624) Google Scholar). The mechanism of ZIKV-induced GBS is not clear, but one possibility is cross-reactivity between a viral antigen and the self-peptide myelin. The evidence for ZIKV causing fetal microcephaly has been under debate due to the small number of studies reported, but as new reports appear every week the evidence seems clearer, although it has not been scientifically proven yet. A recent cohort study of 88 pregnant women in Brazil showed that 29% of infected mothers delivered babies with fetal abnormalities (Brasil et al., 2016Brasil P. Pereira Jr., J.P. Raja Gabaglia C. Damasceno L. Wakimoto M. Ribeiro Nogueira R.M. Carvalho de Sequeira P. Machado Siqueira A. Abreu de Carvalho L.M. Cotrim da Cunha D. et al.Zika virus infection in pregnant women in Rio de Janeiro — preliminary report.N. Engl. J. Med. 2016; (PMID: 26943629)Crossref PubMed Scopus (1291) Google Scholar). Furthermore, from nine current reported cases of ZIKV-positive pregnant women in the US that traveled to ZIKV endemic areas, five pregnancies resulted in fetal abnormalities or death, two in healthy babies while two women are still pregnant (Meaney-Delman et al., 2016Meaney-Delman D. Hills S.L. Williams C. Galang R.R. Iyengar P. Hennenfent A.K. Rabe I.B. Panella A. Oduyebo T. Honein M.A. Zaki S. Lindsey N. Lehman J.A. Kwit N. Bertolli J. Ellington S. Igbinosa I. Minta A.A. Petersen E.E. Mead P. Rasmussen S.A. Jamieson D.J. Zika virus infection among U.S. pregnant travelers — August 2015–February 2016.MMWR Morb. Mortal. Wkly Rep. 2016; 65: 211-214Crossref PubMed Google Scholar). ZIKV has also been found both in the amniotic fluid and in fetal brain after pregnant mothers were infected, supporting the causal link between ZIKV-infected mothers and fetal microcephaly (Marrs et al., 2016Marrs C. Olson G. Saade G. Hankins G. Wen T. Patel J. Weaver S. Zika virus and pregnancy: a review of the literature and clinical considerations.Am. J. Perinatol. 2016; (PMID: 26939047)Google Scholar). There are precedents of closely related neutrotropic flaviviruses that cause neurological diseases. West Nile Virus (WNV) can cause encephalitis and meningitis, and chikungunya virus (CHIKV) can cause neonatal encephalopathy and microcephaly (Gerardin et al., 2014Gerardin P. Samperiz S. Ramful D. Boumahni B. Bintner M. Alessandri J.L. Carbonnier M. Tiran-Rajaoefera I. Beullier G. Boya I. et al.Neurocognitive outcome of children exposed to perinatal mother-to-child Chikungunya virus infection: the CHIMERE cohort study on Reunion Island.PLoS Negl. Trop. Dis. 2014; 8: e2996Crossref PubMed Scopus (140) Google Scholar). Additionally, other viruses causing congenitally acquired infections (TORCH) like rubella virus, cytomegalovirus, herpes simplex virus, varicella zoster virus or HIV have been associated with microcephaly in neonates. ZIKV can bind different cell receptors (Hamel et al., 2015Hamel R. Dejarnac O. Wichit S. Ekchariyawat P. Neyret A. Luplertlop N. Perera-Lecoin M. Surasombatpattana P. Talignani L. Thomas F. et al.Biology of Zika virus infection in human skin cells.J. Virol. 2015; 89: 8880-8896Crossref PubMed Scopus (832) Google Scholar), some of them present in neurons, and can infect and replicate in murine neurons and astroglia (Bell et al., 1971Bell T.M. Field E.J. Narang H.K. Zika virus infection of the central nervous system of mice.Arch. Gesamte Virusforsch. 1971; 35: 183-193Crossref PubMed Scopus (167) Google Scholar). Although pregnant women infected with ZIKV do not show neurological disease, hormonal-induced changes in immune responses, infections in ZIKV-naïve women or specific genetic factors might facilitate increased replication of the virus in the mother, cross-placental barrier accessibility and ultimately ZIKV presence in the fetus during early stages of brain development. Nevertheless, the neuropathogenic effect of ZIKV is unknown. Similarly to GBS, the induction of mimicry, where antibodies produced against a viral protein by the mother will recognize a self-protein in the fetus (i.e. during brain development), is possible, or the presence of ZIKV in the brain could also cause tissue damage. ZIKV is a mosquito-borne virus of the family Flaviviridae, genus Flavivirus. The natural vector for ZIKV transmission is Aedes sp. mosquitoes, mainly A. aegypti and A. albopictus species, which also transmit other flaviviruses as dengue virus (DENV) and CHIKV. This mosquito is endemic in tropical areas, and may have facilitated ZIKV dispersion during outbreaks. ZIKV has been also reported to be transmitted by blood transfusion and sporadically by sexual contact, from a sexual partner infected while traveling to ZIKV areas. Detection of infective ZIKV in semen has been confirmed, and an increasing number of potential sexual transmission cases are currently being investigated by the CDC (Hills et al., 2016Hills S.L. Russell K. Hennessey M. Williams C. Oster A.M. Fischer M. Mead P. Transmission of Zika virus through sexual contact with travelers to areas of ongoing transmission — continental United States, 2016.MMWR Morb. Mortal. Wkly Rep. 2016; 65: 215-216Crossref PubMed Google Scholar). This poses new challenges to control the epidemic. ZIKV infection is asymptomatic in 80% of the cases and the remainder 20% suffer mild symptoms similar to those induced by DENV: fever, headache, red eyes, rash, fatigue, muscle and joint pain. In the current outbreak, cross-reactivity with antibodies from DENV and CHIKV in the affected areas has stalled the use of ELISA to detect ZIKV antibodies. The only reliable diagnostic technique available is RT-PCR testing of serum, but is only positive during the viremia, usually 3–7 days, and of urine, where virus can be detected from 4 up to 30 days after the onset of infection. Tests for semen and saliva are still under development. Amniotic fluid sampling for PCR has been recommended for pregnant women, especially when the blood test results are negative. Ultrasound testing can confirm fetal microcephaly, and additional testing may be performed on fetal tissue, like RT-PCR on tissue and electron microscopy to detect virus particles, and direct immunofluorescence suggestive of viral infection within neurons. Many questions need to be addressed, such as: How does ZIKV induce microcephaly and GBS? What is the real frequency of developing those complications after ZIKV infection? What would be the risk phase of pregnancy for ZIKV transfer to the fetus? Can asymptomatic mothers transmit the virus to the fetus? Are all the fluids positive for ZIKV contagious? What is the risk of sexual transmission of ZIKV? Is there a reservoir organ that can shed ZIKV for long periods? To answer those questions and to effectively track the ZIKV epidemic, the main effort should be to develop optimal diagnostic techniques. This will allow tracking all the real ZIKV infection cases for epidemiological studies and correlation analyses with microcephaly/GBS. It will facilitate surveillance and cohort studies, to determine the real percentages of vertically transmitted ZIKV and of fetal death, miscarriage, microcephaly or other fetal malformations. A registry has been created in the US to track and follow up children of mothers infected during pregnancy, which will provide important information regarding the long-term effects of ZIKV infection during pregnancy (Oduyebo et al., 2016Oduyebo T. Petersen E.E. Rasmussen S.A. Mead P.S. Meaney-Delman D. Renquist C.M. Ellington S.R. Fischer M. Staples J.E. Powers A.M. Villanueva J. Galang R.R. Dieke A. Muñoz J.L. Honein M.A. Jamieson D.J. Update: Interim Guidelines for Health Care Providers Caring for Pregnant Women and Women of Reproductive Age with Possible Zika Virus Exposure — United States, 2016.MMWR Morb. Mortal. Wkly Rep. 2016; 65: 122-127Crossref PubMed Google Scholar). There is no treatment or vaccine for ZIKV infection, only preventive and supportive care. More research on therapeutic approaches to suppress ZIKV spread is needed. Some strategies used for closely related flaviviruses could be applied to ZIKV, like drugs targeting host factors or viral proteins required for viral infection. The development of successful vaccines, similarly to the one for Yellow Fever virus (YFV) and other flaviviruses, is also a priority and is currently under way in several laboratories, although this may be a long process. Animal models like guinea pigs, successfully used for the study of other congenital and perinatal infections as cytomegalovirus (CMV), or mice previously tested for ZIKV infection, will be crucial to study ZIKV infection, neurotropism, and host responses. They will also facilitate the study of potential vertical transmission of ZIKV and the confirmation of ZIKV as the causative agent of the neurological disorders in the fetus as well as confirmation of sexual transmission by Koch's postulates. In conclusion, the current ZIKV outbreak has been followed in real time and highlights the need for coordinated responses to understand how viruses interact with the host and what factors determine severity of symptoms. The rapid declaration of PHEIC by the WHO has initiated a global response from the scientific community to hamper the spread of the virus and to gain knowledge on its pathogenic potential.",,,
V30,10.1249/fit.0000000000000415,Scope of Practice,"The January/February 2012 The Legal Aspects column dealt with this scope of practice concern. This article will provide a refresher on this topic covered in my 2012 column, but with an increased emphasis on scope of practice as it relates to nutrition advice provided by fitness instructors and personal trainers and their associated limitations. Should fitness instructors or personal trainers become embroiled in litigation, it is most likely that it would be within the field of civil law that deals with torts and contracts. The instructor or trainer would probably find himself or herself defending a negligence tort for having failed to act or for having acted in a manner that reflected substandard performance (1). However, there exists the possibility that the instructor or trainer could find himself or herself in violation of criminal law. If this were the case, it would most likely be a result of violating the scope of practice. Technically, scope of practice refers to the limitations imposed by law on different vocational pursuits, pursuits that require specific education and experience as well as demonstrated competency. Jurisdictions have their own laws, licensing bodies, and regulations that describe requirements for education, training, competency, and those activities that fall within the purview of the practitioner. In effect, what the practitioner can and cannot do defines one’s scope of practice. However, when an individual who is not licensed engages in the practices of a licensed profession, then he or she is violating the scope of practice. The term scope of practice is not only used by national and state licensing boards for various professions to define the procedures, actions, and processes that are permitted for a licensee, but also by professional associations like the American College of Sports Medicine (ACSM) to outline responsibilities and limitations for a certificant. For example, the ACSM Certified Exercise Physiologist® (ACSM-EP®) has a “Bachelor’s degree in Exercise Science, Exercise Physiology, Kinesiology or an exercise science-based degree and is current in CPR and AED certifications.” The ACSM-EP® is skilled in the following: Applying knowledge of exercise science including kinesiology, functional anatomy, exercise physiology, nutrition, program administration, psychology, and injury prevention in the health/fitness setting. Performing preparticipation health screenings and fitness assessments. Interpreting assessment results and developing exercise prescriptions. Performing duties related to fitness management, administration, and program supervision. Incorporating suitable physical activities to improve functional capacity. Applying appropriate behavioral change techniques to effectively educate and counsel (nutrition) on lifestyle modification (2). Standards and guidelines establish the parameters of appropriate practice for professions such as fitness instruction and personal training (3). However, the ACSM-EP® who strays from this job description and overreaches his or her documented competencies by intruding into the field of a licensed health care professional is in violation of criminal law as a result of exceeding or going beyond his or her scope of practice. When this is the case, the ACSM-EP® and other instructors/trainers may become guilty of a misdemeanor of the first degree and, in some cases, a third degree or even second degree felony (4). Scope of practice outlines the range of responsibilities and, therefore, the boundaries within which the practitioner functions. The scope of practice then serves as a guide concerning what may lie well outside these boundaries, wherein they could become legally embroiled and potentially guilty of a misdemeanor or felony. Recognizing that there may be some overlap with scopes of practice of various professional fields, the ACSM-EP®, as with all fitness instructors and personal trainers, must determine where their practice ends and the practice of another professional begins (5). When instructors or trainers take on clients, they are basically stating that they have a sufficient knowledge of exercise science and an understanding of their clients’ capabilities to provide safe and progressive exercise programming. In effect, they take on the awesome responsibility of exposing their clients to the stress of exercise without overtaxing them to the extent of causing injury and perhaps even death. Therefore, the instructor/trainer must define his or her scope of practice because of the fact that there are limits to what the instructor/trainer may do with his or her clients. These limits — what one should and should not do — are defined not only by one’s training, by a professional association’s standards and guidelines, and by the law, but also by one’s ethical responsibilities, which are frequently specified by an association’s code of ethics (6).Clients can rightfully expect that their programs will bring about positive change without harmful effects. Generally, clients anticipate that their instructors/trainers have a significant grasp of anatomy, physiology, and exercise science to ensure safe and effective workouts. Often, clients assume that because instructors/trainers have been educated in anatomy and physiology, they have knowledge, even medical knowledge, beyond that which is required for exercise programming. Consequently, it is frequently the case that clients will pose medical questions to their instructors/trainers. Unfortunately, instructors and trainers, in a desire to live up to their clients’ expectations, may feel pressured to provide answers to their clients’ medical questions. Rather than explaining to clients that to answer such questions would be going beyond their training and expertise, instructors/trainers may give opinions about medical concerns. This opining could verge on providing a clinical diagnosis or practicing medicine or allied health care without a license. In light of this concern of practicing medicine without a license, it is important that instructors and trainers share with their clients that health appraisals, to include medical histories, are screening devices and not to be construed as a medical evaluation. To ascertain that there is no confusion on the part of the client, the instructor/trainer should have the client sign a witnessed statement, at the end of the medical history form, similar to the following: “The undersigned swears that the information provided is true and correct to the best of his or her knowledge and recognizes that this health appraisal is not the equivalent of a medical evaluation or diagnosis” (1). In like manner, when the instructor or trainer is taking a client’s blood pressure, it is essential that the client understand that this action is for screening purposes only. Should the client’s pressure be abnormally high, the instructor/trainer ought not tell the client that he or she has high blood pressure but rather that he or she ought to be evaluated further by a physician before beginning an exercise program. Instructors/trainers must understand, and their clients must recognize, that they are “suspecticians” not “diagnosticians” (1). In light of practicing allied health care without a license, there are concerns about intruding on the domain of physical therapists and dieticians. The following examples are just some of the areas in which instructors and trainers should be cautious to avoid any hint of going beyond their scope of practice and violating criminal law. Many instructors and trainers, as part of their initial assessments/evaluations, will do a postural analysis of their clients. If abnormalities are observed, instructors/trainers are frequently noted to administer specific exercises in an attempt to correct postural deviations such as excessive lordosis, kyphosis, scoliosis, and scapular winging. They assume that stretching and strengthening exercises will encourage adaptive lengthening and shortening of muscle-tendon complexes and, thereby, improve postural alignment. Unfortunately, a review of the literature reveals a lack of reliable data to substantiate the claims that exercise, in itself, will correct postural deviations (7). Notwithstanding this fact, the concept that instructors/trainers are testing for postural problems and then prescribing corrective exercises is tantamount to providing a diagnosis with subsequent prescriptive remedies. This falls within the domain of the physical therapist and may be viewed as an instructor/trainer exceeding his or her scope of practice and violating criminal law. Again, the instructor/trainer who tests for postural abnormalities should provide such an assessment as a screening mechanism with the idea of referring their client to a physician or physical therapist if there are suspicions of abnormalities that could affect the client’s health. Along this line, there are numerous other abnormalities that the instructor/trainer may observe that should generate red flags, thereby warranting further clinical analysis. Such concerns might be unnatural gait, excessive foot pronation or supination, squinting patella, varus or valgus postures, excessive ""Q"" Angle, upper or lower cross syndromes, and the like. Instructors/trainers are frequently asked questions regarding injury prevention and treatment. Although the instructor/trainer, through application of safe exercise programming, may help clients understand the cause for and avoidance of unnecessary injuries, the concept of treating existing injuries falls outside of his or her domain. True, minor strains and sprains may lead to an instructor’s/trainer’s recommendation that the client use the PRICE principle of prevention, rest, ice, compression, and elevation; however, when it comes to suspected plantar fasciitis, Morton neuroma, metatarsalgia, compartment syndrome, chondromalacia, and a host of other potential neuromuscular and/or musculoskeletal disorders, referral should be the action taken. Although instructors/trainers may knowingly or unknowingly use modalities used by physical therapists, they are not licensed to practice physical therapy. Competent instructors/trainers know when it is appropriate to refer a client to a physical therapist and, by doing so, bridge the gap between fitness training and injury rehabilitation. Although many of the therapeutic interventions applied in physical therapy may appear similar to those used by fitness instructors and personal trainers, it is vital that instructors/trainers refrain from describing their services as physical therapy (8). The practice of nutrition and dietetics without a license all too often is observed, especially among fitness instructors and personal trainers who frequently advertise that they provide nutritional counseling. The instructor/trainer who distributes business cards reflecting that he or she does nutritional counseling is typically in violation of state law unless he or she is in possession of a valid license. Most states have licensure requirements that must be met before one is able to write specific diet plans for clients. All too often, however, instructors/trainers tell clients exactly what and how much to eat for every meal and, sometimes, what supplements to take. As a result of observing unhealthy directives from uneducated instructors/trainers, many clients have experienced severe metabolic disturbances. Such disturbances are frequently found among bodybuilding and figure competitors, who have engaged in bizarre and unsafe eating practices on the advice of self-appointed nutritional authorities. There have even been deaths of several prominent collegiate and professional athletes who have used unsafe supplements during training under warm environmental conditions (9). One of the most highly publicized death cases due to supplement use promoted by a personal trainer was that of Capati v. Crunch Fitness. The personal trainer recommended that his female client, who was a known hypertensive, take a variety of over-the-counter nutritional and dietary supplements including some that contained ephedra. During exercise, she became ill, lost consciousness, and later died of a brain hemorrhage (4). The use of the supplement was determined to be the direct cause of her death and, therefore, met the requirements to establish negligence that resulted from the trainer’s failure to stay within his scope of practice. If instructors/trainers are well versed in nutrition science, then it is not only acceptable but also advisable to educate clients how to develop lifelong, healthy eating habits. It is well recognized that regarding weight/fat loss, exercise alone seldom accomplishes this goal but rather should be accompanied by good nutrition habits. There is merit to the adage “the best consumer is an educated consumer.” When providing nutrition education and eating habit recommendations, fitness instructors and personal trainers must be able to evaluate the effects of nutritional strategies. They need to recognize that individual studies should be replicated by other scientists and, if possible, a consensus developed. Meta-analyses typically will provide a quantification and the strongest evidence available relative to the effect of nutritional strategies on health and fitness (9). Providing specific meal plans as well as marketing oneself as a nutritional or dietary counselor is illegal in most states unless one is a Licensed Dietitian/Nutritionist (LD/N), Licensed Nutrition Counselor (LNC) or Registered Dietitian (RD). In Florida, as with most states, there exists a state statute requiring that a person may not knowingly engage in the practice of dietetics and nutrition or nutrition counseling for remuneration unless that person is licensed by the state. In addition, a person may not use the name or title ""dietitian,"" ""licensed dietitian,"" ""nutritionist,"" ""licensed nutritionist,"" ""nutrition counselor,"" or ""licensed nutrition counselor"" or any other words, letters, abbreviations, or insignia indicating or implying that he or she is a dietitian, nutritionist, or nutrition counselor or otherwise hold himself or herself out as such, unless the person is the holder of a valid license issued by the state. Accordingly, businesses or facilities are prohibited from employing unlicensed persons to engage in dietetics and nutrition practice or nutrition counseling. In Florida, as with most states, a person who violates any of the preceding prohibitions commits a misdemeanor of the first degree, punishable by a fine and/or even imprisonment not to exceed one year (10). Many instructors and trainers will align themselves with licensed nutrition counselors and/or registered dietitians that clients may be provided with specific meal plans as well as receive more detailed education and information related to healthy eating, weight loss, and weight gain. Having the availability of this type of referral network only adds to the professionalism of the instructor/trainer’s service and enhances the probability of client success. Some instructors/trainers will purchase computer programs developed by licensed nutritional professionals to legally provide detailed meal plans. In regards to unhealthy nutritional habits and/or exercise addiction, instructors and trainers may find themselves working with clients who have personality disorders such as bulimia, anorexia nervosa, and orthorexia nervosa, disorders that require professional attention. Orthorexia nervosa, a more recently recognized disorder, deals with a fixation on healthy eating that can lead to an unhealthy set of problems, especially when persons eliminate many products and foods from a normal diet. Orthorexia nervosa defines this subset of people who are obsessed with eating healthy. Whereas anorexics are afraid of getting fat, orthorexics care less about their weight and more about their perception of health.Another potential concern is for the instructor or trainer who has an athletic client who exhibits behavior typical of the female athlete triad. Disordered eating, amenorrhea, and osteoporosis are the serious issues with which the trainer must deal. However, as with the client suffering from bulimia, anorexia nervosa, or orthorexia nervosa, instructors/trainers are in need of health care professionals trained to deal with these personality disorders. The same can be said of the client experiencing muscle dysmorphia (bigorexia) who frequently requires serious counseling. All too frequently, fitness instructors and personal trainers fall prey to nutritional misinformation and even quackery because they lack formal training in nutrition science. They are misled by misinterpreted data and anecdotally based claims that are commonly encountered when attempting to review supplement benefits by way of the Internet or by marketing materials found not only within health food stores but also fitness facilities. Many facilities rely on the sales of weight loss and muscle building products to bolster their income. Consequently, the instructor/trainer must be conscious of the fact that supplement companies are not regulated and that their claims founded on independent research are not equivalent to peer-reviewed research. Unfortunately, the government does not require evidence of the proven efficacy or purity of any weight loss or muscle building supplements. Over the years, many supplements have been touted as providing health and muscle building benefits only later to be discredited by research. Frequently, supplements are thought of as being benign in that although their muscle building claims may or may not have been validated, harmful adverse effects have yet to be documented. Often, many years elapse before serious concerns develop through ongoing research. For example, creatine monohydrate has been accepted by the strength-training community as an effective and acceptable supplement without adverse effects. Granted, over the years, there have been a number of negative studies related to creatine usage, and only recently has one surfaced that has questioned its harmlessness. True, one study does not undo previous research without replication of that positive study. The study of interest is reported in the British Journal of Cancer, in which there appeared to be a correlation between creatine and testicular cancer.The study indicated that men who use muscle building supplements that contain creatine or androstenedione may have up to a 65% increased risk of developing testicular cancer. The study’s senior author stated, “The associated testicular germ cell cancer risk was especially high among men who started using supplements before age 25, those who used multiple supplements, and those who used them for years” (11). The take-home message is that instructors/trainers should proceed with caution when recommending nutritional supplements because they may be endangering their clients and violating their scope of practice. Although there exists a lack of statutory laws defining explicitly what is the scope of practice for fitness instructors and personal trainers, there are numerous standards and guidelines found within published texts and authoritative literature outlining professional responsibility regarding exercise programming and nutritional recommendations. It should be noted that there exists case law where instructor/trainers have been sued for practicing medicine or allied health care without a license. Standard of Care, or that degree of care that a reasonably prudent fitness instructor or personal trainer would use under similar circumstances, must be the overriding philosophy in working with clients to ensure that one remains within his or her scope of practice and does not violate that of another profession.",,,
