work_id,doi,year,type,source,title,abstract_empty,screen,extracted,recovered_by_general,matches_replication-claim-text,matches_replication-claim-residual,matches_replication-signal
36929248,10.1186/s41235-023-00466-1,1988.0,article,数理解析研究所講究録,Yang-Mills connections and the index bundles(Geometry of Moduli Spaces and 4 Dimensional Manifold II),False,proceed,False,False,False,True,False
37141022,10.1037/abn0000809,2009.0,preprint,arXiv (Cornell University),Local Times of Multidimensional $\alpha$-time Fractional Brownian Motion,False,proceed,False,False,True,False,False
33443150,10.1073/pnas.2014271117,1998.0,article,Dialnet (Universidad de la Rioja),Las mentalidades en Canarias en la crisis del antiguo régimen: élites agrarias y comportamiento social en Tenerife (1750-1823),False,proceed,False,True,True,False,False
33626289,10.1177/0956797620970561,2002.0,article,Quality progress,Is Time Running Out for Quality,False,discard,False,False,False,False,False
26612384,10.1016/j.euroneuro.2015.11.007,2006.0,article,PhDT,Observation of b to d gamma decays and determination of (V(td)/V(ts)),False,proceed,False,False,False,False,False
27239894,10.1080/14616734.2016.1181096,2008.0,article,Central Asia and the Caucasus,The guam phenomenon: its experience as a regional cooperation structure and its prospects as an international Organization,False,proceed,False,False,True,False,False
26814567,10.1207/s15327906mbr0302_5,1995.0,article,Diritto dell'economia,Il problema della decretazione d'urgenza tra costituzione e prassi legislativa,False,proceed,False,False,False,True,False
29743634,10.1038/s41598-018-25634-y,2013.0,article,,"13th Group from Taiwan Youth Overseas Service Complete Pre-service Training, Look Ahead to Life in 22 Partner Countries",False,proceed,False,False,True,True,False
34806014,10.1093/texcom/tgab057,2000.0,article,Aequalitas: Revista jurídica de igualdad de oportunidades entre mujeres y hombres,Denegar a una funcionaria interina de larga duración la posibilidad de solicitar las excedencias para el cuidado de los hijos produce una efectiva y real discriminación respecto de la permanencia en el mercado de trabajo,False,proceed,False,False,True,False,False
15030108,10.1046/j.1467-9450.2003.00363.x,2013.0,article,アレルギー,"O9-5 母乳を介した非IgE依存性食物アレルギー(O9 食物アレルギー3,口演,第63回日本アレルギー学会秋季学術大会)",False,proceed,False,False,True,False,False
21279159,10.1901/jeab.2010.94-13,1948.0,article,Doklady Akad. Nauk S.S.S.R.,Distribution of penetrating particles and high energy electrons in extensive atmospheric showers,False,proceed,False,False,False,False,False
7247632,10.1001/archpsyc.1981.01780310086009,1980.0,article,Proceedings of the 33rd Annual Meeting of the Southern Weed Science Society.,Basagran plus Vistar for control of red rice and sesbania in soybeans.,False,proceed,False,False,False,False,True
12468009,10.1016/s0165-0270(02)00264-9,2002.0,article,La Aventura de la historia,Sellos: los misioneros de Hawai,False,proceed,False,False,False,False,False
30654172,10.1016/j.neuroimage.2019.01.020,2003.0,article,Ingeniería y territorio,La prevención de riesgos laborales en el sector de la construcción en España,False,proceed,False,True,True,False,True
37020899,10.1016/j.dib.2023.109079,1995.0,article,Diritto dell'economia,Terzo capitalismo e società aperta,False,proceed,False,True,True,False,True
36459646,10.1073/pnas.2210082119,2005.0,article,Jus: Juristische Schulung,Ein Umzug mit Störungen,False,proceed,False,False,True,False,False
37396571,10.3389/fnint.2023.935177,2009.0,article,INFOS,Informatik-Schnuppereinheiten zur Positionierung des Unterrichtsfachs,False,proceed,False,False,False,True,False
32351359,10.3389/fnins.2020.00342,1957.0,article,Radiation Research,POST TREATMENT MODIFICATION OF X-RAY INDUCED INJURY IN BARLEY BY AEROBIC AND ANAEROBIC HYDRATION,False,proceed,False,False,False,False,False
32074130,10.1371/journal.pone.0229310,2007.0,article,MK: Marketing + ventas,Tendencias actuales en venta,False,discard,False,False,True,False,False
24897569,10.1016/0376-6357(85)90034-8,2002.0,article,日本流体力学会年会講演論文集,F213 Rayleigh-Benard 対流における正六角形格子上のパターン形成 : 5 次の振幅方程式,False,proceed,False,False,True,True,False
27793020,10.18632/oncotarget.12903,2004.0,article,The Journal of Theological Studies,Die Filioque-Kontroverse zwischen Ost- und Westkirche im Frühmittelalter (Book),False,discard,False,False,True,False,True
32510346,10.1016/j.dcn.2020.100783,1984.0,article,Chem. Eng. Prog.; (United States),Temperature-zoned reactors for coal liquids hydrotreatment,False,proceed,False,True,True,False,False
27061668,10.1016/j.jecp.2016.03.002,1994.0,article,Journal of Experimental Child Psychology,A field trial for sealing abandoned mine shafts and adits with lightweight concrete,False,proceed,False,True,True,False,False
20157068,10.1001/archoto.2009.219,2011.0,book-chapter,ProQuest LLC eBooks,Essays in Education Policy,False,proceed,False,False,True,True,False
10332041,10.1093/hmg/8.6.1085,2005.0,article,The Florida AI Research Society,Automating Planning Using Natural Language.,False,proceed,False,False,True,False,False
38169673,10.1016/j.abrep.2023.100500,2005.0,article,Economía industrial,El efecto moderador de la cooperación interempresarial en la adopción y uso del EDI en la cadena de suministro de automoción,False,proceed,False,False,True,False,False
323418,10.1080/00221325.1977.10533240,1985.0,article,Zeitschrift für deutsche Philologie digital/Zeitschrift für deutsche Philologie,"Der Meister, Propheten, Poeten und Könige Sprüche",False,proceed,False,False,True,False,False
9305343,10.1212/wnl.49.3.798,2009.0,article,Betriebswirtschaftliche Forschung Und Praxis,Brand building in hospital sector,False,proceed,False,True,True,True,False
180321553,10.1016/j.neulet.2019.134425,1997.0,article,Revue trimestrielle de droit europeen,Concentrations (1^e^r janvier 1999 - 31 decembre 1999),False,proceed,False,False,False,False,False
10395218,10.1038/sj.mp.4000482,1998.0,dissertation,Molecular Psychiatry,L'imagination esthétique : le regard de Vermeer,False,proceed,False,False,True,False,False
3004314842,10.1080/02699931.2020.1719982,2020.0,article,Cognition & Emotion,Memory and preparedness in evaluative conditioning in a smell-taste paradigm. A registered report,False,proceed,False,True,True,False,True
2736769802,10.1080/14719037.2017.1295099,2017.0,article,Public Management Review,Experimental replication: an experimental test of the expectancy disconfirmation theory of citizen satisfaction,False,proceed,True,False,True,False,True
3162902525,10.13109/prkk.2021.70.4.356,2021.0,article,Praxis der Kinderpsychologie und Kinderpsychiatrie,Training der Worterkennung mit <i>Willy Wortbär:</i> Ein silbenbasiertes Leseförderprogramm für die Grundschule,False,proceed,False,False,True,False,False
1977238904,10.1044/jshd.4901.104,1984.0,article,Journal of Speech and Hearing Disorders,Clinician-Child Discourse,False,proceed,True,False,True,False,False
2144961582,10.1001/archpsyc.1981.01780290083009,1981.0,article,Archives of General Psychiatry,Attention Deficit Disorder ('Minimal Brain Dysfunction') in Adults,False,proceed,False,False,True,False,False
1966141235,10.1080/14015430050175941,2000.0,article,Logopedics Phoniatrics Vocology,Do we understand the speech of deaf adolescents?: An evaluation and comparison of the intelligibility in two similar research projects from 1979 and 1995,False,proceed,False,False,True,False,False
2311551850,10.1176/ajp.151.7.1001,1994.0,article,American Journal of Psychiatry,"Expressed emotion, perceived criticism, and relapse in depression: a replication in an Egyptian community",False,proceed,False,True,False,False,True
2509481270,10.1080/10586458.2016.1173413,2016.0,article,Experimental Mathematics,Reply to “Reproducibility in Computational Science: A Case Study: Randomness of the Digits of Pi” [Bailey et al. 17],False,proceed,True,False,False,True,True
2764151521,10.1080/01443615.2017.1351932,2017.0,article,Journal of Obstetrics and Gynaecology,Prolactin receptor gene polymorphism and the risk of recurrent pregnancy loss: a case-control study,False,proceed,True,True,True,False,False
1997171688,10.1080/09658419908667130,1999.0,article,Language Awareness,The Cognitive Turn of Contrastive Analysis: Empirical Evidence,False,proceed,False,False,False,False,False
2098736400,10.1080/00220388.2011.646989,2012.0,article,The Journal of Development Studies,High Noon for Microfinance Impact Evaluations: Re-investigating the Evidence from Bangladesh,False,proceed,True,False,True,False,False
6887688462,10.17605/osf.io/acykd,2019.0,other,Open Science Framework,"Replication Mussweiler &amp; Englich, 2005, Study 2",False,proceed,True,False,True,False,True
2051228418,10.1167/iovs.11-8068,2012.0,article,Investigative Ophthalmology & Visual Science,Replication Analysis for Severe Diabetic Retinopathy,False,proceed,True,False,True,True,True
2056228507,10.2307/2096363,1996.0,article,American Sociological Review,A Re-Evaluation of the Economic Consequences of Divorce,False,proceed,False,False,False,False,False
2081510848,10.1097/00006199-198211000-00002,1982.0,article,Nursing Research,The Effect of Structured and Unstructured Pre-operative Teaching,False,proceed,False,False,False,False,True
2015872502,10.1210/jc.2009-0931,2009.0,article,The Journal of Clinical Endocrinology & Metabolism,Independent Confirmation of Association between Metabolic Phenotypes of Polycystic Ovary Syndrome and Variation in the Type 6 17β-Hydroxysteroid Dehydrogenase Gene,False,proceed,True,True,True,True,False
3044162506,10.1080/10503307.2020.1795292,2020.0,article,Psychotherapy Research,Why setbacks are compatible with progress in assimilating problematic themes: Illustrations from the case of Alicia,False,proceed,False,True,True,False,True
2023718794,10.1145/2676467.2676484,2014.0,article,,Replicating a study of collaborative use of mobile phones for photo sharing in a different cultural context,False,proceed,True,True,True,False,True
1991473491,10.1167/iovs.13-13559,2014.0,article,Investigative Ophthalmology & Visual Science,Replication of Genetic Loci Implicated in Diabetic Retinopathy,False,proceed,False,False,False,False,True
3156150476,10.15298/arthsel.30.1.04,2021.0,article,rej,Low support values and lack of reproducibility of molecular phylogenetic analysis of Copepoda orders,False,proceed,True,False,False,False,True
2125747516,10.3233/dma-2011-0879,2012.0,article,PubMed,Replication of Relevant SNPs Associated with Cardiovascular Disease Susceptibility Obtained from GWAs in a Case-Control Study in a Canarian Population.,False,proceed,False,False,True,False,True
1587313113,10.2307/145240,1981.0,article,The Journal of Human Resources,Sense of Efficacy and Subsequent Change in Earnings-A Replication,False,proceed,False,False,False,False,True
2407772217,10.1093/sleep/20.2.111,1997.0,article,SLEEP,A Factor Replication of the Sleep-Wake Activity Inventory (SWAI) in a Mexican Population,False,proceed,False,True,True,False,True
4382981708,10.1080/13218719.2023.2206865,2023.0,article,Psychiatry Psychology and Law,"If you express it in the form of a negation, you can expect an effect similar to misinformation",False,proceed,False,False,True,False,False
2011616241,10.1080/00220388.2013.807501,2013.0,article,The Journal of Development Studies,Replicating Sachs and Warner’s Working Papers on the Resource Curse,False,proceed,True,False,False,True,True
2898070592,10.1093/ntr/nty218,2018.0,article,Nicotine & Tobacco Research,Is Brain Derived Neurotrophic Factor (Bdnf) Associated With Smoking Initiation? Replication Using a Large Finnish Population Sample,False,proceed,True,True,True,True,True
2588219456,10.1080/23761407.2017.1288187,2017.0,article,Journal of Evidence-Informed Social Work,Employees’ Job Satisfaction: A Test of the Job Characteristics Model Among Social Work Practitioners,False,proceed,True,False,True,False,False
1855607771,10.1167/15.10.3,2015.0,article,Journal of Vision,Specificity of motion discrimination learning even with double training and staircase,False,proceed,True,True,True,False,False
2547098496,10.15288/jsad.2016.77.958,2016.0,article,Journal of Studies on Alcohol and Drugs,A Multiple Replication Examination of Distal Antecedents to Alcohol Protective Behavioral Strategies,False,proceed,True,True,True,False,True
2078722297,10.1080/00221325.1977.10533240,1977.0,article,The Journal of Genetic Psychology,Jewish Culture and Psychological Differentiation—Partial Replication,False,proceed,False,False,True,False,True
2022132783,10.1212/wnl.0b013e31826c1ab7,2012.0,article,Neurology,Lack of replication of interaction between EBNA1 IgG and smoking in risk for multiple sclerosis,False,proceed,True,False,True,True,True
2777561857,10.17605/osf.io/73pnd,2012.0,article,OSF Preprints (OSF Preprints),"Replication of Hajcak &amp; Foti (2008, PS, Study 1)",True,proceed,True,False,False,False,True
2085224150,10.1257/aer.97.5.2026,2007.0,article,American Economic Review,Does Competition Among Public Schools Benefit Students and Taxpayers? Comment,False,proceed,True,False,False,False,False
2790687294,10.14814/phy2.13561,2018.0,article,Physiological Reports,Replication and discovery of musculoskeletal QTLs in LG/J and SM/J advanced intercross lines,False,proceed,True,True,True,False,True
4214629321,10.1080/20473869.2022.2044594,2022.0,article,International Journal of Developmental Disabilities,Personality traits predict attitudes toward individuals with intellectual disability,False,proceed,True,False,True,False,False
2747025077,10.1002/da.22678,2017.0,article,Depression and Anxiety,<i>COMT</i> val158met polymorphism links to altered fear conditioning and extinction are modulated by PTSD and childhood trauma,False,proceed,True,False,False,False,False
2318432026,10.4172/2155-9899.s10-001,2013.0,article,Journal of Clinical & Cellular Immunology,Replication of Identified Inflammatory Bowel Diseases Genetic Associations: A Case–Control Study in the Tunisian Population,False,proceed,True,False,True,False,True
2034167976,10.1080/14616734.2013.768790,2013.0,article,Attachment & Human Development,Molecular-genetic correlates of infant attachment: A cautionary tale,False,proceed,True,False,False,True,False
6962901554,10.17605/osf.io/q6tv8,2021.0,other,OSF Preprints (OSF Preprints),"Results Report: Replication of Epley and Gilovich (2006, Study 2c)",False,proceed,False,True,True,False,True
2770000580,10.1093/schbul/sbx156,2017.0,article,Schizophrenia Bulletin,Understanding the Association Between Negative Symptoms and Performance on Effort-Based Decision-Making Tasks: The Importance of Defeatist Performance Beliefs,False,proceed,False,True,True,True,False
2082810339,10.1080/15434303.2011.625579,2012.0,article,Language Assessment Quarterly,Aspects of Validity of a Test of Productive Vocabulary: Lex30,False,proceed,False,False,False,False,False
2484953769,10.1002/jae.2540,2016.0,article,Journal of Applied Econometrics,"Narrow Replication of Fisman and Miguel's (2007a) ‘Corruption, Norms, and Legal Enforcement: Evidence from Diplomatic Parking Tickets’",False,proceed,True,False,False,False,True
2040539514,10.1111/acer.12265,2013.0,article,Alcoholism Clinical and Experimental Research,Association Study of<i>DKK2</i>Polymorphisms with Alcohol Dependence and Alcohol-Related Harm,False,proceed,True,True,True,False,False
2004711312,10.2307/40264303,2006.0,article,TESOL Quarterly,Literacy and the Processing of Oral Recasts in SLA,False,proceed,True,False,False,False,True
2982118157,10.1080/00223891.2019.1677246,2019.0,article,Journal of Personality Assessment,"The cognitive, affective, and somatic empathy scales (CASES): Cross-cultural replication and specificity to different forms of aggression and victimization",False,proceed,True,True,True,False,True
2012681505,10.1212/wnl.0000000000000855,2014.0,review,Neurology,The rare <i>TREM2</i> R47H variant exerts only a modest effect on Alzheimer disease risk,False,proceed,True,False,True,True,False
2108895486,10.1017/s0272263105050126,2005.0,article,Studies in Second Language Acquisition,"COGNITIVE ABILITIES, CHUNK-STRENGTH, AND FREQUENCY EFFECTS IN IMPLICIT ARTIFICIAL GRAMMAR AND INCIDENTAL L2 LEARNING: REPLICATIONS OF REBER, WALKENFELD, AND HERNSTADT (1991) AND KNOWLTON AND SQUIRE (1996) AND THEIR RELEVANCE FOR SLA",False,proceed,True,True,False,False,True
2314723115,10.16875/stem.2012.13.3.105,2012.0,article,STEM Journal,Using Smartphones to Create and Deliver Learner-Generated Video Content for Tasks,False,proceed,True,False,True,False,False
3121266115,10.15195/v2.a20,2015.0,article,Sociological Science,The Missing Main Effect of Welfare State Regimes: A Replication of ‘Social Policy Responsiveness in Developed Democracies’ by Brooks and Manza,False,proceed,True,True,False,False,True
2406358268,10.1176/ajp.141.5.706,1984.0,article,American Journal of Psychiatry,"Replication of ""Prediction of antidepressant response to lithium"": problems in generalizing to a clinical setting",False,proceed,False,False,False,True,True
2071181531,10.5860/lrts.41n3.219,1997.0,article,Library Resources and Technical Services,Analyzing Search Styles of Patrons and Staff: A Replicative Study of Two University Libraries,False,proceed,False,True,False,False,True
2021881867,10.1210/jc.2009-2703,2010.0,article,The Journal of Clinical Endocrinology & Metabolism,Family-Based Analysis of Candidate Genes for Polycystic Ovary Syndrome,False,proceed,False,False,False,False,False
2792381026,10.1001/jamacardio.2018.0569,2018.0,article,JAMA Cardiology,<i>ADCY9</i> Genetic Variants and Cardiovascular Outcomes With Evacetrapib in Patients With High-Risk Vascular Disease,False,proceed,True,False,False,False,False
2024900230,10.1109/wcre.2013.6671286,2013.0,article,,Effects of cloned code on software maintainability: A replicated developer study,False,proceed,True,True,False,False,True
6943785336,10.17605/osf.io/gh52k,2020.0,other,OSF Preprints (OSF Preprints),Replication of Reitsma-van Rooijen and Daamen (2006),False,proceed,False,False,False,False,True
2116802920,10.3233/jem-2006-0262,2006.0,article,Journal of Economic and Social Measurement,Replicating a study of mothers' forgone earnings in Australia,False,proceed,False,True,True,True,True
2403383558,10.2217/pgs.16.16,2016.0,article,Pharmacogenomics,Previously Reported <i>PDE3A–SLCO1C1</i> Genetic Variant does not Correlate with Anti-TNF Response in a Large UK Rheumatoid Arthritis Cohort,False,proceed,True,False,True,False,False
2021422943,10.2147/nss.s7040,2009.0,article,Nature and Science of Sleep,Normal regional brain iron concentration in restless legs syndrome measured by MRI,False,proceed,True,True,True,True,False
2407521250,10.18632/oncotarget.9422,2016.0,article,Oncotarget,NEURL rs6584555 and CAND2 rs4642101 contribute to postoperative atrial fibrillation: a prospective study among Chinese population,False,proceed,True,True,True,False,False
4312210084,10.1080/15592294.2022.2158285,2022.0,article,Epigenetics,Leukocyte DNA methylation in Alzheimer´s disease associated genes: replication of findings from neuronal cells,False,proceed,True,True,True,False,True
2138981377,10.3109/15368378.2013.776437,2013.0,article,Electromagnetic Biology and Medicine,RETRACTED: Replication of heart rate variability provocation study with 2.4-GHz cordless phone confirms original findings,False,proceed,False,True,False,False,True
2790004291,10.1080/00029157.2017.1416279,2018.0,article,American Journal of Clinical Hypnosis,An Extension Study Using Hypnotic Suggestion as an Adjunct to Intravenous Sedation,False,proceed,True,True,True,False,False
2114303487,10.1080/00036840802112471,2008.0,article,Applied Economics,Reconsidering the impact of national soccer results on the FTSE 100,False,proceed,True,False,True,False,True
2096092139,10.1257/aer.91.5.1508,2001.0,article,American Economic Review,Information Cascades: Replication and an Extension to Majority Rule and Conformity-Rewarding Institutions,False,proceed,False,True,False,False,True
1491492413,10.2307/145812,1988.0,article,The Journal of Human Resources,The Stability of Household Production Technology: A Replication,False,proceed,True,True,False,False,True
2280906963,10.2217/pgs.15.162,2016.0,article,Pharmacogenomics,"Evidence for Association of SNPs in <i>ABCB1</i> and <i>CBR3</i> , but not <i>RAC2, NCF4, SLC28A3</i> or <i>TOP2B</i> , with Chronic Cardiotoxicity in a Cohort of Breast Cancer Patients Treated with Anthracyclines",False,proceed,True,False,False,False,False
2136556448,10.1080/09297040500473706,2006.0,article,Child Neuropsychology,Peer Relationships and Emotional Well-Being of Children with Sickle Cell Disease: A Controlled Replication,False,proceed,True,True,True,False,True
2546708233,10.1080/15021149.2016.1231003,2016.0,article,European Journal of Behavior Analysis,Evaluating effects of cultural consequences on the variability of interlocking behavioral contingencies and their aggregate products,False,discard,False,False,False,False,False
2162624787,10.1186/s12881-014-0131-4,2014.0,review,BMC Medical Genetics,Genetic associations of Nrf2-encoding NFE2L2 variants with Parkinson’s disease – a multicenter study,False,proceed,True,True,True,False,False
6943766097,10.17605/osf.io/cy89g,2019.0,other,Open Science Framework,Face recognition bias for in-group members,False,proceed,True,False,False,False,True
2126644066,10.1080/09588220600803311,2006.0,article,Computer Assisted Language Learning,Corrective feedback in the chatroom: An experimental study,False,proceed,False,False,False,False,False
1998614112,10.1111/j.1540-4781.2006.00384.x,2006.0,article,Modern Language Journal,The Pedagogical Knowledge Base of Four TESOL Teachers,False,proceed,True,False,False,False,True
1949834635,10.1111/acer.12779,2015.0,article,Alcoholism Clinical and Experimental Research,The Utility of Including the Strengths of Underage Drinking Laws in Determining Their Effect on Outcomes,False,proceed,True,True,True,False,False
2114551159,10.2514/6.1998-4333,1998.0,article,,Pilot-induced oscillation prediction with three levels of simulation motion displacement,False,proceed,False,False,False,False,False
1965524101,10.1037/0893-164x.14.4.397,2000.0,article,Psychology of Addictive Behaviors,Motivational patterns of alcohol dependent patients: A replication.,False,proceed,True,True,False,True,True
2085948184,10.1001/archpsyc.1979.01780010071007,1979.0,article,Archives of General Psychiatry,Suicide and Alcoholism,False,proceed,False,False,True,False,False
2044943750,10.1002/jae.2424,2014.0,article,Journal of Applied Econometrics,Narrow Replication of ‘A Spatio-Temporal Model of House Prices in the Usa’ Using R,False,proceed,True,False,False,False,True
2905868387,10.1002/jae.2677,2018.0,article,Journal of Applied Econometrics,A factor‐augmented vector autoregressive (FAVAR) approach for monetary policy: Replication of the empirical results in “measuring the effects of monetary policy”,False,proceed,True,True,False,False,True
3214549408,10.1080/00224499.2021.1999893,2021.0,article,The Journal of Sex Research,"U.S. Adults’ Attitudes toward Gay Individuals’ Civil Liberties, Moral Judgments of Homosexuality, Support for Same-sex Marriage, and Pornography Consumption, Revisited",False,proceed,True,False,False,False,False
1565923005,10.2307/145983,1991.0,article,The Journal of Human Resources,The Distribution of Economic Losses among Displaced Workers: A Replication,False,proceed,False,True,False,False,True
1984334116,10.1207/s15327752jpa4905_11,1985.0,article,Journal of Personality Assessment,The JAS-T and Type A in Students: A Replication Note,False,proceed,True,True,False,False,True
3090888600,10.1080/00918369.2020.1804262,2020.0,article,Journal of Homosexuality,Reducing Internalized Homonegativity: Refinement and Replication of an Online Intervention for Gay Men,False,proceed,True,True,True,False,True
4400060759,10.31234/osf.io/jfmsz,2024.0,preprint,,WITHDRAWN,False,proceed,True,False,False,False,True
2050769522,10.1098/rspb.2001.1866,2002.0,article,Proceedings of the Royal Society B Biological Sciences,"Shielding, but not zeroing of the ambient magnetic field reduces stress-induced analgesia in mice",False,proceed,True,False,True,False,False
2885882096,10.1007/bf00880778,1975.0,article,American Journal of Community Psychology,The prediction of “shows” and “no‐shows” to a crisis center,False,proceed,True,False,True,False,False
1999349062,10.1145/2652524.2652581,2014.0,article,,A replication case study to measure the architectural quality of a commercial system,False,proceed,False,True,True,False,True
1747806192,10.3233/jem-2007-0268,2007.0,article,Journal of Economic and Social Measurement,"Fama MacBeth 1973: Reproduction, extension, robustification",False,proceed,True,False,False,False,True
2042590995,10.1210/jc.2007-1712,2007.0,article,The Journal of Clinical Endocrinology & Metabolism,Nonreplication of the Type 5 17β-Hydroxysteroid Dehydrogenase Gene Association with Polycystic Ovary Syndrome,False,proceed,True,True,True,False,True
2024124148,10.4236/jbbs.2013.32020,2013.0,article,Journal of Behavioral and Brain Science,Is There an Association between Temperament and Apolipoprotein E? &amp;lt;br&amp;gt;A Replication of a 1993 Young Finns Study&amp;lt;/br&amp;gt;,False,proceed,True,True,True,True,True
2150491252,10.1080/036107399244020,1999.0,article,Experimental Aging Research,Genetic and Environmental Influences on Forced Expiratory Volume in Midlife: A Cross-Cultural Replication,False,proceed,True,True,False,True,True
2791329054,10.1080/00332747.2017.1309867,2018.0,article,Psychiatry,Interactive Effects of Anxiety Sensitivity and Attentional Control on Posttraumatic Stress in Community and Clinical Populations,False,discard,False,False,False,False,False
6943917568,10.17605/osf.io/5y7ne,2023.0,article,OSF Preprints (OSF Preprints),Can Laypeople Predict which Social Science Studies Will be Replicated Successfully?,True,discard,False,False,False,False,True
4319343964,10.1080/01973533.2023.2175681,2023.0,article,Basic and Applied Social Psychology,Do Injustice and Mortality Salience Impact Secondary Victimization Through the Need to Believe in a Just World?,False,proceed,False,False,False,False,False
4400030564,10.31234/osf.io/xjaty,2024.0,preprint,,WITHDRAWN,False,discard,False,False,False,True,True
1988145648,10.1089/thy.2005.15.1119,2005.0,article,Thyroid,Association of CD40 Gene Polymorphism (C-1T) with Susceptibility and Phenotype of Graves' Disease,False,proceed,False,True,True,False,False
2791395539,10.1089/brain.2017.0573,2018.0,article,Brain Connectivity,Switching Language Modes: Complementary Brain Patterns for Formulaic and Propositional Language,False,proceed,False,False,False,False,False
2138269682,10.1093/ije/4.2.105,1975.0,article,International Journal of Epidemiology,The Changing Distribution of Disease in Regionville,False,proceed,False,False,True,False,False
4254462406,10.2307/1132137,1998.0,article,Child Development,Family Relationships and Children's Emotional Adjustment as Correlates of Maternal and Paternal Differential Treatment: A Replication with Toddler and Preschool Siblings,False,proceed,True,True,False,False,True
2036737189,10.1097/00005721-200409000-00004,2004.0,article,MCN The American Journal of Maternal/Child Nursing,Methods to Test Feeding Tube Placement in Children,False,proceed,False,False,True,False,False
2072081641,10.3389/fnhum.2013.00817,2013.0,article,Frontiers in Human Neuroscience,Functional diffusion tensor imaging at 3 Tesla,False,proceed,True,True,True,True,True
2156690382,10.1080/17483100701256388,2007.0,article,Disability and Rehabilitation Assistive Technology,Effects of speech and print feedback on spelling performance of a child with cerebral palsy using a speech generating device,False,discard,False,True,True,False,False
2146106618,10.3389/fpsyg.2011.00274,2011.0,article,Frontiers in Psychology,Literacy Affects Spoken Language in a Non-Linguistic Task: An ERP Study,False,proceed,True,False,True,False,False
3087300283,10.1371/journal.pone.0235595,2020.0,article,PLoS ONE,"Social evaluation and imitation of prosocial and antisocial agents in infants, children, and adults",False,proceed,True,False,False,False,False
3034489598,10.1016/j.paid.2020.110199,2020.0,article,Personality and Individual Differences,Who complies with the restrictions to reduce the spread of COVID-19?: Personality and perceptions of the COVID-19 situation,False,discard,False,False,True,False,False
3031924390,10.1016/j.nicl.2020.102286,2020.0,article,NeuroImage Clinical,Adolescents at clinical high risk for psychosis show qualitatively altered patterns of activation during rule learning,False,proceed,True,True,True,True,False
2134833770,10.1371/journal.pone.0133682,2015.0,article,PLoS ONE,Exploring the Structure of Human Defensive Responses from Judgments of Threat Scenarios,False,discard,False,False,False,False,False
2546496989,10.1371/journal.pone.0165665,2016.0,article,PLoS ONE,Next-Generation Sequencing and In Vitro Expression Study of ADAMTS13 Single Nucleotide Variants in Deep Vein Thrombosis,False,proceed,True,False,True,False,False
2783210112,10.3389/fpsyg.2017.02362,2018.0,article,Frontiers in Psychology,When Do Morally Motivated Innovators Elicit Inspiration Instead of Irritation?,False,proceed,True,False,True,False,False
2069371691,10.1037/0278-7393.30.2.354,2004.0,article,Journal of Experimental Psychology Learning Memory and Cognition,Intentional Control and Implicit Sequence Learning.,False,proceed,True,True,True,False,True
2586447085,10.1371/journal.pone.0170216,2017.0,article,PLoS ONE,Are Luxury Brand Labels and “Green” Labels Costly Signals of Social Status? An Extended Replication,False,proceed,True,True,False,False,True
2055490599,10.1371/journal.pone.0112563,2014.0,article,PLoS ONE,"Validation, Replication, and Sensitivity Testing of Heckman-Type Selection Models to Adjust Estimates of HIV Prevalence",False,proceed,True,False,False,False,True
2736643742,10.1371/journal.pone.0169997,2017.0,article,PLoS ONE,A view not to be missed: Salient scene content interferes with cognitive restoration,False,discard,False,False,False,False,False
2003580485,10.1080/09658211.2013.804091,2013.0,article,Memory,State-based metacognition: How time of day affects the accuracy of metamemory,False,proceed,False,True,True,False,False
3082245526,10.3389/fpsyg.2020.02090,2020.0,article,Frontiers in Psychology,Changes in Students’ Understanding of and Visual Attention on Digitally Represented Graphs Across Two Domains in Higher Education: A Postreplication Study,False,proceed,True,False,True,False,True
2927091335,10.1371/journal.pone.0214540,2019.0,article,PLoS ONE,Reinstating verbal memories with virtual contexts: Myth or reality?,False,discard,False,True,True,False,False
2415466450,10.1037/xge0000102,2015.0,article,Journal of Experimental Psychology General,Any effects of social orientation priming on object-location memory are smaller than initially reported.,False,proceed,True,True,True,False,True
2024777224,10.1016/j.neuroimage.2007.04.057,2007.0,article,NeuroImage,Face adaptation aftereffects reveal anterior medial temporal cortex role in high level category representation,False,proceed,True,False,False,False,False
1534251649,10.1007/bf00937890,1991.0,article,American Journal of Community Psychology,Home environmental consequences of commute travel impedance,False,proceed,True,False,True,False,False
2022285817,10.1080/00224490609552325,2006.0,article,The Journal of Sex Research,Nonconscious processing of sexual information: A generalization to women,False,proceed,False,True,True,False,False
2776028189,10.1186/s40479-017-0077-1,2017.0,article,Borderline Personality Disorder and Emotion Dysregulation,"Specificity of emotion sequences in borderline personality disorder compared to posttraumatic stress disorder, bulimia nervosa, and healthy controls: an e-diary study",False,proceed,True,False,True,False,False
2806752794,10.1007/s00464-018-6259-0,2018.0,article,Surgical Endoscopy,Additional value of EUS in oesophageal cancer patients staged N0 on PET/CT: validation of a prognostic model,False,proceed,True,False,False,True,False
2042168625,10.1074/jbc.c112.394403,2012.0,article,Journal of Biological Chemistry,Growth of a Bacterium That Apparently Uses Arsenic Instead of Phosphorus Is a Consequence of Massive Ribosome Breakdown*,False,proceed,True,False,False,False,False
4372218453,10.1016/j.prdoa.2023.100199,2023.0,article,Clinical Parkinsonism & Related Disorders,"Longitudinal hippocampal subfields, CSF biomarkers, and cognition in patients with Parkinson disease",False,proceed,False,False,True,False,False
2166771036,10.1136/jnnp.74.7.985,2003.0,article,Journal of Neurology Neurosurgery & Psychiatry,The effect of transcranial magnetic stimulation on movement selection,False,proceed,True,False,False,True,False
3123796359,10.1371/journal.pone.0115756,2014.0,article,PLoS ONE,Time Pressure Increases Cooperation in Competitively Framed Social Dilemmas,False,proceed,True,False,True,True,False
2754444492,10.1007/s00125-017-4405-1,2017.0,article,Diabetologia,Transethnic insight into the genetics of glycaemic traits: fine-mapping results from the Population Architecture using Genomics and Epidemiology (PAGE) consortium,False,proceed,True,False,True,True,False
2985480115,10.1016/j.neuroimage.2019.116370,2019.0,article,NeuroImage,Task-induced brain connectivity promotes the detection of individual differences in brain-behavior relationships,False,proceed,True,True,True,False,False
3036032493,10.3389/fnhum.2020.00230,2020.0,article,Frontiers in Human Neuroscience,Effect of tDCS Over the Right Inferior Parietal Lobule on Mind-Wandering Propensity,False,proceed,True,False,True,True,False
2862059015,10.1371/journal.pone.0200151,2018.0,article,PLoS ONE,Testing the link between visual suppression and intelligence,False,proceed,True,False,False,False,False
2791146741,10.1371/journal.pone.0193616,2018.0,article,PLoS ONE,"If there’s a penis, it’s most likely a man: Investigating the social construction of gender using eye tracking",False,proceed,False,False,False,False,False
2109279454,10.1371/journal.pone.0072778,2013.0,article,PLoS ONE,How Does MBCT for Depression Work? Studying Cognitive and Affective Mediation Pathways,False,proceed,False,True,True,False,False
2107045717,10.3109/13816810.2013.879598,2014.0,article,Ophthalmic Genetics,Analyses of Sequence Variants in the<i>MYOC</i>Gene and of Single Nucleotide Polymorphisms in the<i>NR3C1</i>and<i>FKBP5</i>Genes in Corticosteroid-Induced Ocular Hypertension,False,proceed,False,False,True,False,False
2807200499,10.1016/j.cortex.2018.05.013,2018.0,article,Cortex,Reaffirming the link between chronic phantom limb pain and maintained missing hand representation,False,proceed,True,True,True,False,False
2072276782,10.1001/archpsyc.1996.01830080033007,1996.0,article,Archives of General Psychiatry,Replication of the Stockholm Adoption Study of Alcoholism,False,proceed,True,True,True,False,True
2470846879,10.1080/1059924x.2016.1211575,2016.0,article,Journal of Agromedicine,Comparing Occupational Health and Safety Management System Programming with Injury Rates in Poultry Production,False,proceed,True,True,True,False,False
2132590722,10.1002/humu.20725,2008.0,article,Human Mutation,SORL1 is genetically associated with increased risk for late-onset Alzheimer disease in the Belgian population,False,proceed,True,True,True,False,True
2886161841,10.1371/journal.pone.0201655,2018.0,article,PLoS ONE,The effects of time frames on self-report,False,proceed,True,False,False,True,False
3096611886,10.18564/jasss.4352,2020.0,article,Journal of Artificial Societies and Social Simulation,Leveraging Modularity During Replication of High-Fidelity Models: Lessons from Replicating an Agent-Based Model for HIV Prevention,False,proceed,False,True,True,False,True
3174875373,10.1016/j.neuroscience.2021.06.032,2021.0,article,Neuroscience,Socially Induced Negative Emotions Elicit Neural Activity in the Mentalizing Network in a Subsequent Inhibitory Task,False,proceed,True,True,True,False,True
2085127466,10.1038/tp.2013.63,2013.0,article,Translational Psychiatry,Interaction between polygenic risk for cigarette use and environmental exposures in the Detroit neighborhood health study,False,proceed,True,False,False,True,True
2341039899,10.1093/ijnp/pyw033,2016.0,article,The International Journal of Neuropsychopharmacology,Association of Superoxide Dismutase 2 (<i>SOD2</i>) Genotype with Gray Matter Volume Shrinkage in Chronic Alcohol Users: Replication and Further Evaluation of an Addiction Gene Panel,False,proceed,True,True,True,False,True
2608600404,10.3758/s13421-017-0708-1,2017.0,article,Memory & Cognition,Is color an integral part of a rich mental simulation?,False,proceed,True,False,False,False,False
2943688984,10.1371/journal.pone.0213772,2019.0,article,PLoS ONE,Why can some implicit Theory of Mind tasks be replicated and others cannot? A test of mentalizing versus submentalizing accounts,False,proceed,False,True,True,False,True
2765336585,10.1371/journal.pone.0187205,2017.0,article,PLoS ONE,"Genetic variations, reproductive aging, and breast cancer risk in African American and European American women: The Women's Circle of Health Study",False,proceed,False,False,True,True,True
2038722542,10.1080/10810730902873117,2009.0,article,Journal of Health Communication,Testing a Theory-Based Health Communication Program: A Replication of<i>Go Sun Smart</i>in Outdoor Winter Recreation,False,proceed,True,True,False,False,True
2803712352,10.1371/journal.pone.0210405,2019.0,article,PLoS ONE,Cash transfers and HIV/HSV-2 prevalence: A replication of a cluster randomized trial in Malawi,False,proceed,True,True,False,False,True
2220051385,10.1371/journal.pone.0127106,2015.0,article,PLoS ONE,Tracking Visual Events in Time in the Absence of Time Perception: Implicit Processing at the ms Level,False,proceed,False,False,False,False,False
2793843524,10.1371/journal.pone.0217541,2019.0,article,PLoS ONE,Reproduction study using public data of: Development and validation of a deep learning algorithm for detection of diabetic retinopathy in retinal fundus photographs,False,proceed,True,False,False,False,True
2004088711,10.1371/journal.pone.0004137,2009.0,article,PLoS ONE,IL2RA/CD25 Gene Polymorphisms: Uneven Association with Multiple Sclerosis (MS) and Type 1 Diabetes (T1D),False,proceed,True,False,True,False,False
4389178820,10.1037/pspa0000363,2023.0,article,Journal of Personality and Social Psychology,In what ways do accessible attitudes ease decision making? Examining the reproducibility of accessibility effects across cultural contexts.,False,proceed,False,False,False,False,True
2998477174,10.1016/j.dib.2019.105042,2019.0,article,Data in Brief,Data from brain activity during visual working memory replicates the correlation between contralateral delay activity and memory capacity,False,proceed,True,False,False,False,True
2902994787,10.3758/s13414-018-1630-8,2018.0,article,Attention Perception & Psychophysics,Modality differences in timing and the filled-duration illusion: Testing the pacemaker rate explanation,False,proceed,True,False,True,False,False
1976213481,10.1371/journal.pone.0065601,2013.0,article,PLoS ONE,Is Attention Based on Spatial Contextual Memory Preferentially Guided by Low Spatial Frequency Signals?,False,proceed,False,False,False,False,False
2122706069,10.1371/journal.pone.0074017,2013.0,article,PLoS ONE,Cultural Modulation of Face and Gaze Scanning in Young Children,False,discard,False,False,False,False,False
3045224722,10.18413/2658-6533-2020-6-2-0-4,2020.0,article,RESEARCH RESULTS IN BIOMEDICINE,A replicative study of the associations of polymorphic loci of the LOXL1 and CDKN2B-AS1 genes with the development of primary open-angle glaucoma in men of the Central Black Earth Region of the Russian Federation,False,proceed,False,False,False,False,True
2887945507,10.1371/journal.pone.0201780,2018.0,article,PLoS ONE,Promotion and suppression of autobiographical thinking differentially affect episodic memory consolidation,False,proceed,True,False,False,True,False
2091957319,10.1371/journal.pone.0038849,2012.0,article,PLoS ONE,Updating Fearful Memories with Extinction Training during Reconsolidation: A Human Study Using Auditory Aversive Stimuli,False,proceed,True,False,True,True,False
4362633867,10.1016/j.scog.2023.100284,2023.0,article,Schizophrenia Research Cognition,Neurocognitive function and mortality in patients with schizophrenia spectrum disorders,False,proceed,True,True,True,True,False
2147070986,10.3109/10826089309062168,1993.0,article,International Journal of the Addictions,The Characteristics of Recovering Chemically-Dependent Manitoba Nurses,False,proceed,False,False,True,False,True
2047132692,10.1016/s0022-3956(96)00061-1,1997.0,article,Journal of Psychiatric Research,Thyroid function in attention deficit and hyperactivity disorder,False,proceed,True,False,True,False,False
2026012616,10.3389/fpsyg.2014.01343,2014.0,article,Frontiers in Psychology,On the reliability of retrieval-induced forgetting,False,proceed,True,True,True,True,True
2095773896,10.1371/journal.pone.0044424,2012.0,article,PLoS ONE,Effects of Genetic Variants Previously Associated with Fasting Glucose and Insulin in the Diabetes Prevention Program,False,proceed,True,False,True,False,False
1831247947,10.1371/journal.pone.0134007,2015.0,article,PLoS ONE,Men’s Sexual Faithfulness Judgments May Contain a Kernel of Truth,False,proceed,False,False,False,False,False
3214996005,10.1016/j.dib.2021.107595,2021.0,article,Data in Brief,"Replication dataset: the effect of compassion, biological sex, and gender identity threat on jerky choice",False,proceed,True,True,True,False,True
2003328263,10.1371/journal.pone.0030237,2012.0,article,PLoS ONE,Genetic Evidence for the Association between the Early Growth Response 3 (EGR3) Gene and Schizophrenia,False,proceed,True,False,False,True,False
2009156157,10.1097/00006199-200609000-00004,2006.0,article,Nursing Research,Testing the Relationship Between Job Stress and Satisfaction in Correctional Nurses,False,proceed,True,True,True,False,False
2325520801,10.1037/a0036840,2014.0,article,Journal of Consulting and Clinical Psychology,Replication RCT of early universal prevention effects on young adult substance misuse.,False,proceed,True,True,True,False,True
4313453275,10.1037/per0000611,2023.0,article,Personality Disorders Theory Research and Treatment,"Replication of the associations of positive, negative, and disorganized schizotypy with interview-assessed symptoms and impairment: Convergence with previous studies.",False,proceed,False,True,True,True,True
2202832596,10.3389/fpsyg.2015.01621,2015.0,article,Frontiers in Psychology,The influence of math anxiety on symbolic and non-symbolic magnitude processing,False,proceed,True,True,True,False,False
2564895496,10.1016/j.chiabu.2016.12.005,2016.0,article,Child Abuse & Neglect,Assessing child maltreatment prevention via administrative data systems: A case example of reproducibility,False,proceed,True,False,False,False,True
2981473862,10.1371/journal.pone.0223843,2019.0,article,PLoS ONE,What happens in the brain of meditators when perception changes but not the stimulus?,False,discard,False,False,False,False,False
3046065857,10.3389/fpsyg.2020.01764,2020.0,article,Frontiers in Psychology,Influence of Reward Motivation on Directed Forgetting in Younger and Older Adults,False,discard,False,True,True,False,False
2261850810,10.1371/journal.pone.0147939,2016.0,article,PLoS ONE,The Toll-Like Receptor 4 (TLR4) Variant rs2149356 and Risk of Gout in European and Polynesian Sample Sets,False,proceed,True,False,False,False,False
2902692016,10.1371/journal.pone.0208128,2018.0,article,PLoS ONE,Doing philosophy effectively II: A replication and elaboration of student learning in classroom teaching,False,proceed,True,True,True,False,True
2908580739,10.1371/journal.pone.0210736,2019.0,article,PLoS ONE,A functional MRI investigation of crossmodal interference in an audiovisual Stroop task,False,proceed,False,False,True,False,False
2521442128,10.1371/journal.pone.0162449,2016.0,article,PLoS ONE,No Evidence for a Saccadic Range Effect for Visually Guided and Memory-Guided Saccades in Simple Saccade-Targeting Tasks,False,proceed,True,True,True,False,True
1982934800,10.1037/a0018230,2010.0,article,Personality Disorders Theory Research and Treatment,Five-factor trait instability in borderline relative to other personality disorders.,False,proceed,True,False,False,False,False
2065105344,10.1371/journal.pone.0025429,2011.0,article,PLoS ONE,Distance in Motion: Response Trajectories Reveal the Dynamics of Number Comparison,False,proceed,True,False,False,False,False
2323328156,10.1300/j027v12n04_06,1992.0,article,Home Health Care Services Quarterly,Rural Home Health Care Workers' Attitudes Toward the Elderly,False,proceed,False,False,False,False,False
4383568358,10.1016/j.nbas.2023.100083,2023.0,article,Aging Brain,EngAge – A metacognitive intervention to supplement working memory training: A feasibility study in older adults,False,discard,False,True,True,False,False
2172250870,10.3389/fpsyg.2014.00800,2014.0,article,Frontiers in Psychology,Hits and misses: leveraging tDCS to advance cognitive research,False,proceed,False,False,False,True,False
1965893829,10.3389/fpsyg.2014.00754,2014.0,article,Frontiers in Psychology,Discrimination of speech and non-speech sounds following theta-burst stimulation of the motor cortex,False,proceed,True,False,True,True,False
2080211902,10.1371/journal.pone.0057410,2013.0,article,PLoS ONE,Evaluating Amazon's Mechanical Turk as a Tool for Experimental Behavioral Research,False,proceed,True,False,True,False,False
2026481380,10.1001/archpsyc.1990.01810220051006,1990.0,article,Archives of General Psychiatry,"Atypical Depression, Panic Attacks, and Response to Imipramine and Phenelzine",False,proceed,False,True,True,False,False
2153087048,10.1167/10.14.30,2010.0,article,Journal of Vision,Experience affects the use of ego-motion signals during 3D shape perception,False,proceed,True,False,True,False,False
2947082618,10.1371/journal.pone.0217436,2019.0,article,PLoS ONE,Manipulating the reported age in earliest memories in a Dutch community sample,False,proceed,True,False,True,False,False
1971287260,10.1046/j.1365-2133.1996.d01-1096.x,1996.0,article,British Journal of Dermatology,Angry back syndrome': a non-reproducible phenomenon,False,proceed,True,False,False,False,True
1971104826,10.1371/journal.pone.0022070,2011.0,article,PLoS ONE,The Use of Genome-Wide eQTL Associations in Lymphoblastoid Cell Lines to Identify Novel Genetic Pathways Involved in Complex Traits,False,proceed,True,False,False,True,False
2098594608,10.1093/schbul/sbl066,2006.0,review,Schizophrenia Bulletin,Neuropsychology of the Deficit Syndrome: New Data and Meta-analysis of Findings To Date,False,proceed,True,False,True,True,False
2886843976,10.1097/md.0000000000011865,2018.0,article,Medicine,Contributions of rare coding variants in hypotension syndrome genes to population blood pressure variation,False,proceed,True,True,True,True,False
3202063096,10.1037/per0000513,2021.0,article,Personality Disorders Theory Research and Treatment,The roles of personality traits and close social contact in the expression of momentary borderline personality disorder symptoms in daily life.,False,proceed,True,True,True,False,False
2163624960,10.1093/humrep/dev022,2015.0,review,Human Reproduction,Replication and meta-analysis of previous genome-wide association studies confirm vezatin as the locus with the strongest evidence for association with endometriosis,False,proceed,False,False,True,False,True
2982491010,10.3389/fnins.2019.01161,2019.0,article,Frontiers in Neuroscience,Surveillance During REM Sleep for the First-Night Effect,False,proceed,True,True,True,False,False
4413929195,10.5334/joc.459,2025.0,article,Journal of Cognition,Revisiting the Plausibility Effect in Remembering Truth and Falsity: An Analysis of Underlying Memory and Guessing Processes,False,proceed,True,False,True,False,False
4382584108,10.5334/joc.285,2023.0,article,Journal of Cognition,Language Experience Predicts Eye Movements During Online Auditory Comprehension,False,discard,False,False,False,False,False
2312996577,10.3357/asem.3172.2012,2012.0,article,Aviation Space and Environmental Medicine,Hypoxia Training: Symptom Replication in Experienced Military Aircrew,False,proceed,True,True,False,False,True
1982594477,10.1016/j.cortex.2012.08.008,2012.0,article,Cortex,Behavioral and neural evidence for masked conceptual priming of recollection,False,proceed,True,True,True,False,False
2991838954,10.1016/j.jbo.2019.100270,2019.0,article,Journal of bone oncology,Functional variant of IL33 is associated with survival of osteosarcoma patients,False,proceed,True,False,True,False,False
2038166107,10.1371/journal.pone.0124170,2015.0,review,PLoS ONE,A Cross-Cultural Perspective on the Preference for Potential Effect: An Individual Participant Data (IPD) Meta-Analysis Approach,False,proceed,True,False,True,False,False
2514658702,10.1097/md.0000000000003857,2016.0,article,Medicine,Analysis of genetic polymorphisms associated with leukoaraiosis in the southern Chinese population,False,proceed,False,True,True,True,False
2028349028,10.1111/j.1601-183x.2010.00652.x,2010.0,article,Genes Brain & Behavior,Serotonin transporter deficient mice are vulnerable to escape deficits following inescapable shocks,False,discard,False,True,True,False,False
2078975280,10.1371/journal.pone.0110118,2014.0,article,PLoS ONE,Do Implicit and Explicit Measures of the Sense of Agency Measure the Same Thing?,False,discard,False,False,True,False,False
2016585809,10.1371/journal.pone.0086462,2014.0,article,PLoS ONE,Fear Inhibition in High Trait Anxiety,False,proceed,True,True,True,False,False
2387292955,10.1371/journal.pone.0155554,2016.0,article,PLoS ONE,Maternal Smoking during Pregnancy and DNA-Methylation in Children at Age 5.5 Years: Epigenome-Wide-Analysis in the European Childhood Obesity Project (CHOP)-Study,False,proceed,True,False,False,False,False
2145235111,10.3389/fpsyg.2014.00265,2014.0,article,Frontiers in Psychology,How low can you go? Changing the resolution of novel complex objects in visual working memory according to task demands,False,discard,False,False,False,False,False
2994988006,10.1016/j.jecp.2019.104756,2019.0,article,Journal of Experimental Child Psychology,Mistaken Max befriends Duplo girl: No difference between a standard and an acted-out false belief task,False,proceed,True,False,False,True,False
1581075274,10.3389/fpsyg.2015.01106,2015.0,article,Frontiers in Psychology,Feel like you belong: on the bidirectional link between emotional fit and group identification in task groups,False,proceed,False,False,True,False,False
2118814738,10.1371/journal.pone.0007494,2009.0,article,PLoS ONE,Variation at GRN 3′-UTR rs5848 Is Not Associated with a Risk of Frontotemporal Lobar Degeneration in Dutch Population,False,proceed,True,False,False,False,False
2104486572,10.1371/journal.pgen.1000564,2009.0,article,PLoS Genetics,A Genome-Wide Association Study of Hypertension and Blood Pressure in African Americans,False,discard,False,False,True,False,False
2181178606,10.1371/journal.pone.0137499,2015.0,article,PLoS ONE,When Science Replaces Religion: Science as a Secular Authority Bolsters Moral Sensitivity,False,proceed,True,False,False,True,False
2792815487,10.1186/s13229-018-0188-6,2018.0,article,Molecular Autism,Alterations in the inferior longitudinal fasciculus in autism and associations with visual processing: a diffusion-weighted MRI study,False,proceed,True,False,False,False,False
2102370384,10.1080/00220388.2012.727563,2012.0,article,The Journal of Development Studies,Gunfight at the Not OK Corral: Reply to ‘High Noon for Microfinance’,False,proceed,True,False,False,False,True
2106624849,10.1371/journal.pone.0018813,2011.0,article,PLoS ONE,"The Genetic Association of Variants in CD6, TNFRSF1A and IRF8 to Multiple Sclerosis: A Multicenter Case-Control Study",False,proceed,True,False,True,False,False
1975656204,10.1136/jnnp.74.7.857,2003.0,review,Journal of Neurology Neurosurgery & Psychiatry,Head injury as a risk factor for Alzheimer's disease: the evidence 10 years on; a partial replication,False,proceed,True,False,True,False,True
2010037761,10.1016/j.homp.2012.09.003,2013.0,article,Homeopathy,Replication of an experiment on extremely diluted thyroxine and highland amphibians,False,proceed,False,True,False,False,True
2334968895,10.1371/journal.pone.0152212,2016.0,article,PLoS ONE,Colour Terms Affect Detection of Colour and Colour-Associated Objects Suppressed from Visual Awareness,False,proceed,True,False,True,False,False
3042340747,10.3238/arztebl.2020.0347,2020.0,article,Deutsches Ärzteblatt international,The Prevalence and Effects of Stalking,False,proceed,True,False,True,False,False
2101153392,10.1167/8.1.1,2008.0,article,Journal of Vision,Face adaptation does not improve performance on search or discrimination tasks,False,proceed,True,False,False,False,False
2901870734,10.1186/s13017-018-0214-1,2018.0,review,World Journal of Emergency Surgery,LBP rs2232618 polymorphism contributes to risk of sepsis after trauma,False,proceed,True,True,True,False,False
2031313639,10.1371/journal.pone.0058048,2013.0,article,PLoS ONE,Rare Genomic Structural Variants in Complex Disease: Lessons from the Replication of Associations with Obesity,False,proceed,True,True,True,True,True
2402538784,10.1186/s40359-016-0127-2,2016.0,article,BMC Psychology,The testing effect for mediator final test cues and related final test cues in online and laboratory experiments,False,proceed,True,False,False,False,False
2738981899,10.3758/s13423-017-1348-y,2017.0,article,Psychonomic Bulletin & Review,Participant Nonnaiveté and the reproducibility of cognitive psychology,False,proceed,True,False,False,False,True
2043246010,10.1186/s12881-015-0160-7,2015.0,article,BMC Medical Genetics,Impact of PTBP1 rs11085226 on glucose-stimulated insulin release in adult Danes,False,proceed,True,False,True,True,False
3024382336,10.1016/j.bionps.2020.100014,2020.0,article,Biomarkers in Neuropsychiatry,Auditory paired-stimuli responses across the psychosis and bipolar spectrum and their relationship to clinical features,False,proceed,True,False,True,False,False
2908404253,10.1371/journal.pone.0209368,2018.0,article,PLoS ONE,A new index of semantic short-term memory: Development and validation of the conceptual span task in Spanish,False,proceed,True,True,True,False,False
2009616264,10.1371/journal.pbio.0030315,2005.0,article,PLoS Biology,Lack of Support for the Association between GAD2 Polymorphisms and Severe Human Obesity,False,proceed,True,True,True,True,True
2002148850,10.5551/jat.15727,2012.0,article,Journal of Atherosclerosis and Thrombosis,Genetic Impact on Uric Acid Concentration and Hyperuricemia in the Japanese Population,False,proceed,False,False,True,False,True
2047087992,10.1080/02643290442000202,2004.0,article,Cognitive Neuropsychology,Parallel processing blocked by letter similarity in letter by letter dyslexia: A replication,False,proceed,True,True,False,False,True
2043261575,10.1371/journal.pone.0046385,2012.0,article,PLoS ONE,Association of Genetic Variants Influencing Lipid Levels with Coronary Artery Disease in Japanese Individuals,False,proceed,True,False,True,False,False
2052764996,10.1371/journal.pone.0091845,2014.0,article,PLoS ONE,Replicating the Violence Risk Appraisal Guide: A Total Forensic Cohort Study,False,proceed,False,False,True,False,True
2162230245,10.1093/hmg/ddu041,2014.0,review,Human Molecular Genetics,Meta-analysis of loci associated with age at natural menopause in African-American women,False,proceed,True,False,True,False,False
2891502541,10.3389/fgene.2018.00363,2018.0,article,Frontiers in Genetics,MS4A2-rs573790 Is Associated With Aspirin-Exacerbated Respiratory Disease: Replicative Study Using a Candidate Gene Strategy,False,proceed,True,True,False,False,True
2767853829,10.3389/fpsyg.2017.01954,2017.0,article,Frontiers in Psychology,Eye Contact and Fear of Being Laughed at in a Gaze Discrimination Task,False,discard,False,False,True,False,False
4317473384,10.1016/j.nicl.2023.103325,2023.0,article,NeuroImage Clinical,Replicability of proton MR spectroscopic imaging findings in mild traumatic brain injury: Implications for clinical applications,False,proceed,False,True,True,False,True
2093701214,10.1521/aeap.2007.19.3.258,2007.0,article,AIDS Education and Prevention,Replicating a Teen HIV/STD Preventive Intervention in a Multicultural City,False,proceed,True,True,True,True,True
2065332767,10.1016/s0014-5793(99)00599-2,1999.0,article,FEBS Letters,Reproducibility in genome sequence annotation: the <i>Plasmodium falciparum</i> chromosome 2 case,False,proceed,True,False,False,False,True
2123806561,10.1176/appi.ajp.159.6.1051,2002.0,article,American Journal of Psychiatry,Gender Differences in the Prevalence of Somatic Versus Pure Depression: A Replication,False,proceed,False,True,False,True,True
1989147684,10.1001/archophthalmol.2008.623,2009.0,article,Archives of Ophthalmology,TGFB1 as a Susceptibility Gene for High Myopia,False,proceed,False,False,False,True,False
2020014873,10.3389/fnhum.2015.00037,2015.0,article,Frontiers in Human Neuroscience,Temporal dynamics of attentional selection in adult male carriers of the fragile X premutation allele and adult controls,False,proceed,False,False,True,False,False
2789959464,10.3389/fpsyg.2018.00258,2018.0,article,Frontiers in Psychology,Effects of Grammatical Structure of Compound Words on Word Recognition in Chinese,False,proceed,True,True,True,False,False
3082772402,10.1371/journal.pone.0238373,2020.0,article,PLoS ONE,"A preregistered multi-lab replication of Maier et al. (2014, Exp. 4) testing retroactive avoidance",False,proceed,False,False,True,True,True
2069626330,10.3109/07357907.2011.630052,2012.0,article,Cancer Investigation,<i>GPC5</i>rs2352028 Polymorphism and Risk of Lung Cancer in Han Chinese,False,proceed,True,False,True,False,False
2605430571,10.1371/journal.pone.0175538,2017.0,review,PLoS ONE,Absence of antibodies against KIR4.1 in multiple sclerosis: A three-technique approach and systematic review,False,proceed,True,False,True,True,False
2950592014,10.3389/fpubh.2019.00127,2019.0,article,Frontiers in Public Health,Personality Associations With Smartphone and Internet Use Disorder: A Comparison Study Including Links to Impulsivity and Social Anxiety,False,proceed,True,False,False,True,False
2904750221,10.3389/fnhum.2018.00472,2018.0,article,Frontiers in Human Neuroscience,The Role of Frontostriatal Systems in Instructed Reinforcement Learning: Evidence From Genetic and Experimentally-Induced Variation,False,proceed,True,True,True,False,False
2791003207,10.1371/journal.pone.0194101,2018.0,article,PLoS ONE,Does altercentric interference rely on mentalizing?: Results from two level-1 perspective-taking tasks,False,proceed,True,True,True,False,True
2534719434,10.3389/fpsyg.2016.01646,2016.0,article,Frontiers in Psychology,Predicting Lexical Priming Effects from Distributional Semantic Similarities: A Replication with Extension,False,proceed,True,True,True,True,True
2002592274,10.1001/archneurol.2010.292,2010.0,article,Archives of Neurology,"Identification of Novel Loci for Alzheimer Disease and Replication of CLU, PICALM, and BIN1 in Caribbean Hispanic Individuals",False,proceed,True,False,True,False,True
1023822953,10.1097/hcm.0000000000000066,2015.0,article,The Health Care Manager,Health Care Finance Executive Personalities Revisited,False,proceed,False,True,True,False,False
2045287899,10.1080/02643294.2012.706218,2012.0,article,Cognitive Neuropsychology,Conceptual representations of perceptual knowledge,False,proceed,True,False,True,False,False
2004877079,10.1371/journal.pone.0055208,2013.0,article,PLoS ONE,No Effect of Genome-Wide Copy Number Variation on Measures of Intelligence in a New Zealand Birth Cohort,False,proceed,True,False,True,True,False
1973909893,10.1371/journal.pone.0077006,2013.0,article,PLoS ONE,Processing Chinese Relative Clauses: Evidence for the Subject-Relative Advantage,False,proceed,True,False,False,True,False
4324057382,10.1016/j.ynirp.2023.100163,2023.0,article,Neuroimage Reports,Population modeling with machine learning can enhance measures of mental health - Open-data replication,False,proceed,True,True,True,True,True
2917335949,10.3389/fpsyg.2019.00375,2019.0,article,Frontiers in Psychology,A Novel Test of Pure Irrelevance-Induced Blindness,False,proceed,True,False,False,False,False
2768591422,10.1007/s00125-017-4497-7,2017.0,review,Diabetologia,"DNA methylation markers associated with type 2 diabetes, fasting glucose and HbA1c levels: a systematic review and replication in a case–control sample of the Lifelines study",False,proceed,True,True,False,True,True
4388252454,10.1016/j.bpsgos.2023.08.012,2023.0,article,Biological Psychiatry Global Open Science,Rumination-Focused Cognitive Behavioral Therapy Reduces Rumination and Targeted Cross-network Connectivity in Youth With a History of Depression: Replication in a Preregistered Randomized Clinical Trial,False,proceed,True,True,True,False,True
1980885522,10.1186/1471-2148-9-5,2009.0,article,BMC Evolutionary Biology,Sexual selection does not influence minisatellite mutation rate,False,proceed,True,False,False,True,False
2603406377,10.1007/s00406-017-0784-z,2017.0,article,European Archives of Psychiatry and Clinical Neuroscience,The association of childhood maltreatment with depression and anxiety is not moderated by the oxytocin receptor gene,False,proceed,False,False,True,False,False
2053630955,10.1371/journal.pone.0060433,2013.0,article,PLoS ONE,Effects of Pre-Experience of Social Exclusion on Hypothalamus-Pituitary-Adrenal Axis and Catecholaminergic Responsiveness to Public Speaking Stress,False,proceed,True,True,True,True,False
2342353844,10.1037/xge0000125,2015.0,article,Journal of Experimental Psychology General,Just out of reach: On the reliability of the action-sentence compatibility effect.,False,proceed,True,False,False,True,False
2313366042,10.3121/cmr.2013.1199,2014.0,article,Clinical Medicine & Research,SNPs Previously Associated with Dupuytren's Disease Replicated in a North American Cohort,False,proceed,False,False,True,False,True
2553315236,10.3389/fnins.2016.00531,2016.0,article,Frontiers in Neuroscience,Investigation of SNP rs2060546 Immediately Upstream to NTN4 in a Danish Gilles de la Tourette Syndrome Cohort,False,proceed,True,False,True,True,False
2111289373,10.3109/13816810.2012.716488,2012.0,article,Ophthalmic Genetics,Analysis of single nucleotide polymorphisms in the<i>SFRS3</i>and<i>FKBP4</i>genes in corticosteroid-induced ocular hypertension,False,proceed,False,False,True,False,False
2132726975,10.1001/archneurol.2011.155,2011.0,article,Archives of Neurology,"Association and Expression Analyses With Single-Nucleotide Polymorphisms in &lt;emph type=""ital""&gt;TOMM40&lt;/emph&gt; in Alzheimer Disease",False,proceed,True,True,True,True,False
2111287604,10.1001/archpsyc.1988.01800260037004,1988.0,article,Archives of General Psychiatry,Antidepressant Specificity in Atypical Depression,False,discard,False,False,False,False,False
3021477760,10.1371/journal.pcbi.1007885,2020.0,article,PLoS Computational Biology,Standard multiscale entropy reflects neural dynamics at mismatched temporal scales: What’s signal irregularity got to do with it?,False,proceed,False,True,True,False,True
2080670254,10.3109/15412555.2014.908831,2014.0,article,COPD Journal of Chronic Obstructive Pulmonary Disease,<i>IL-8</i>Gene Variants are Associated with Lung Function Decline and Multidimensional BODE Index in COPD Patients But Not with Disease Susceptibility: A Validation Study,False,proceed,True,False,True,False,False
2594608898,10.3389/fpsyt.2017.00039,2017.0,article,Frontiers in Psychiatry,Reduced Freezing in Posttraumatic Stress Disorder Patients while Watching Affective Pictures,False,discard,False,False,False,False,False
4297243574,10.12688/f1000research.77430.2,2022.0,preprint,F1000Research,Can enhancement and suppression concurrently guide attention? An assessment at the individual level,False,proceed,True,True,True,False,False
1990279228,10.3382/ps.0741561,1995.0,article,Poultry Science,Two-Way Selection for Threshold Body Weight at First Egg in Broiler Strain Females.,False,proceed,False,False,False,False,True
4410209897,10.1186/s12967-025-06535-x,2025.0,article,Journal of Translational Medicine,Reproducibility of genetic risk factors identified for long COVID using combinatorial analysis across US and UK patient cohorts with diverse ancestries,False,proceed,True,False,False,False,True
2033704717,10.1002/mpr.251,2008.0,article,International Journal of Methods in Psychiatric Research,Development and validation of a cluster-based classification system to facilitate treatment tailoring,False,proceed,True,False,False,False,True
2561321161,10.1037/pspp0000115,2016.0,article,Journal of Personality and Social Psychology,The effect of mood on judgments of subjective well-being: Nine tests of the judgment model.,False,proceed,True,True,True,False,True
3042158770,10.3389/fnhum.2020.00265,2020.0,article,Frontiers in Human Neuroscience,Wheelchair Control in a Virtual Environment by Healthy Participants Using a P300-BCI Based on Tactile Stimulation: Training Effects and Usability,False,proceed,True,True,True,True,False
2313479041,10.3389/fpsyg.2016.00396,2016.0,article,Frontiers in Psychology,Guessing versus Choosing an Upcoming Task,False,proceed,True,True,True,False,False
1503960449,10.3389/fncom.2011.00044,2011.0,article,Frontiers in Computational Neuroscience,Distinguishing linear vs. non-linear integration in CA1 radial oblique dendrites: it’s about time,False,discard,False,False,True,False,False
2793693109,10.1016/j.neuropsychologia.2018.03.017,2018.0,article,Neuropsychologia,The neural systems for perceptual updating,False,proceed,True,True,True,False,False
3044016183,10.3389/fgene.2020.00827,2020.0,article,Frontiers in Genetics,Replication of the Association Between Keratoconus and Polymorphisms in PNPLA2 and MAML2 in a Han Chinese Population,False,proceed,True,True,True,False,True
2981384005,10.1016/j.dcn.2020.100818,2020.0,article,Developmental Cognitive Neuroscience,Dynamic modulation of frontal theta power predicts cognitive ability in infancy,False,proceed,True,True,True,False,False
2240014549,10.1016/j.bbacli.2015.12.004,2016.0,article,BBA Clinical,Analysis of single nucleotide polymorphisms implicate mTOR signalling in the development of new-onset diabetes after transplantation,False,proceed,False,False,True,False,False
3032604040,10.1371/journal.pone.0233614,2020.0,article,PLoS ONE,Ten minutes of transcranial static magnetic field stimulation does not reliably modulate motor cortex excitability,False,proceed,True,True,True,True,False
1978765408,10.1080/13554790802032218,2008.0,article,Neurocase,Refractory access disorders and the organization of concrete and abstract semantics: Do they differ?,False,proceed,False,False,True,True,False
4294324404,10.1016/j.bbi.2022.08.016,2022.0,article,Brain Behavior and Immunity,Systemic inflammation enhances stimulant-induced striatal dopamine elevation in tobacco smokers,False,proceed,True,False,False,False,False
2474055039,10.3389/fpsyg.2016.00994,2016.0,article,Frontiers in Psychology,Understanding Dysregulated Behaviors and Compulsions: An Extension of the Emotional Cascade Model and the Mediating Role of Intrusive Thoughts,False,proceed,True,False,False,False,False
2095104948,10.1371/journal.pone.0094223,2014.0,article,PLoS ONE,Intuitive Logic Revisited: New Data and a Bayesian Mixed Model Meta-Analysis,False,proceed,True,False,False,False,False
2104315196,10.1186/s13293-015-0026-x,2015.0,article,Biology of Sex Differences,Neural growth hormone: regional regulation by estradiol and/or sex chromosome complement in male and female mice,False,proceed,True,False,False,True,False
2109917648,10.1371/journal.pone.0101784,2014.0,article,PLoS ONE,Dissociable Genetic Contributions to Error Processing: A Multimodal Neuroimaging Study,False,proceed,True,True,True,False,False
3000703345,10.1371/journal.pone.0239817,2020.0,article,PLoS ONE,Dispositional cognitive effort investment and behavioral demand avoidance: Are they related?,False,proceed,True,True,True,False,False
2108483316,10.1001/archpsyc.1991.01810250079012,1991.0,article,Archives of General Psychiatry,Hyperactive Boys Almost Grown Up,False,proceed,False,False,False,True,True
2131480429,10.1080/10640260390218639,2003.0,article,Eating Disorders,Replication of a Peer Support Program Designed to Prevent Disordered Eating: Is a Life Skills Approach Sufficient for all Middle School Students?,False,proceed,True,True,False,False,True
3161792298,10.1016/j.lmot.2021.101728,2021.0,article,Learning and Motivation,"Evaluating extinction, renewal, and resurgence of operant behavior in humans with Amazon Mechanical Turk",False,proceed,True,True,True,False,False
3083536941,10.3389/fnint.2020.571408,2020.0,article,Frontiers in Integrative Neuroscience,Social Cognition in Autism Spectrum Disorder Across the Adult Lifespan: Influence of Age and Sex on Reading the Mind in the Eyes Task in a Cross-sectional Sample,False,discard,False,True,True,False,False
2014513561,10.1111/j.1600-0404.2005.00433.x,2005.0,article,Acta Neurologica Scandinavica,Increased CSF/serum albumin ratio: a recurrent finding in violent offenders,False,proceed,True,True,True,False,False
2806853873,10.3389/fpsyg.2018.00874,2018.0,article,Frontiers in Psychology,The Influence of Co-action on a Simple Attention Task: A Shift Back to the Status Quo,False,proceed,True,False,True,True,False
2954619137,10.3758/s13428-019-01264-8,2019.0,article,Behavior Research Methods,A novel virtual-reality-based route-learning test suite: Assessing the effects of cognitive aging on navigation,False,discard,False,True,True,False,False
2049882670,10.3389/fnhum.2015.00028,2015.0,article,Frontiers in Human Neuroscience,Metaphors are physical and abstract: ERPs to metaphorically modified nouns resemble ERPs to abstract language,False,proceed,True,False,True,False,False
2085750658,10.1016/j.brainres.2015.04.032,2015.0,article,Brain Research,The auditory dynamic attending theory revisited: A closer look at the pitch comparison task,False,proceed,True,True,True,True,True
1977343212,10.1371/journal.pone.0033318,2012.0,review,PLoS ONE,A Common SMAD7 Variant Is Associated with Risk of Colorectal Cancer: Evidence from a Case-Control Study and a Meta-Analysis,False,proceed,True,False,True,False,False
3137959084,10.1016/j.ijpsycho.2021.03.003,2021.0,article,International Journal of Psychophysiology,Replicating five pupillometry studies of Eckhard Hess,False,proceed,False,True,True,True,True
2118394646,10.3109/13816810.2015.1005317,2015.0,article,Ophthalmic Genetics,Evaluating the Association between Keratoconus and Reported Genetic Loci in a Han Chinese Population,False,proceed,False,False,True,False,False
2508493810,10.1016/j.cortex.2016.08.006,2016.0,article,Cortex,Improved estimates for the role of grey matter volume and GABA in bistable perception,False,proceed,True,True,True,True,False
1972630398,10.1037/a0015774,2010.0,article,Journal of Experimental Psychology Animal Behavior Processes,Contrasting predictions of extended comparator hypothesis and acquisition-focused models of learning concerning retrospective revaluation.,False,discard,False,False,False,False,False
1983907151,10.3389/fncel.2013.00015,2013.0,article,Frontiers in Cellular Neuroscience,Novel molecular changes induced by Nrg1 hypomorphism and Nrg1-cannabinoid interaction in adolescence: a hippocampal proteomic study in mice,False,discard,False,False,False,False,False
2038899332,10.1515/jpem-2011-0456,2012.0,article,Journal of Pediatric Endocrinology and Metabolism,Replication of clinical associations with 17-hydroxyprogesterone in preterm newborns,False,proceed,False,True,True,False,True
2796496800,10.1007/s00221-018-5259-6,2018.0,article,Experimental Brain Research,Updating impairments and the failure to explore new hypotheses following right brain damage,False,proceed,True,True,True,False,False
2159377212,10.3109/17482968.2012.704926,2012.0,article,Amyotrophic Lateral Sclerosis,Replication of association of CHRNA4 rare variants with sporadic amyotrophic lateral sclerosis: The Italian multicentre study,False,proceed,True,False,False,False,True
2076767542,10.1080/16501970213231,2002.0,article,Journal of Rehabilitation Medicine,Replication and construct validation of the Barrow Neurological Institute screen for higher cerebral function with a Swedish population,False,proceed,False,False,True,False,True
2270117331,10.3389/fpsyg.2015.01982,2016.0,article,Frontiers in Psychology,What can Written-Words Tell us About Lexical Retrieval in Speech Production?,False,proceed,True,False,False,False,False
2069563492,10.3201/eid1903.121029,2013.0,article,Emerging infectious diseases,Lack of Norovirus Replication and Histo-Blood Group Antigen Expression in 3-Dimensional Intestinal Epithelial Cells,False,proceed,True,True,True,True,True
2948883361,10.3389/fpsyg.2019.01381,2019.0,article,Frontiers in Psychology,Moral Elevation and Economic Games: The Moderating Role of Personality,False,proceed,True,False,True,False,False
2092832088,10.12688/f1000research.2-140.v1,2013.0,preprint,F1000Research,Environmental enrichment does not impact on tumor growth in mice,False,proceed,True,False,True,True,False
1966139138,10.1371/journal.pone.0051876,2012.0,article,PLoS ONE,Common (Mis)Beliefs about Memory: A Replication and Comparison of Telephone and Mechanical Turk Survey Methods,False,proceed,True,True,True,False,True
2009706557,10.1186/1471-244x-9-1,2009.0,article,BMC Psychiatry,Apathy is associated with executive functioning in first episode psychosis,False,proceed,False,False,True,False,False
2076139015,10.1371/journal.pone.0035851,2012.0,article,PLoS ONE,Auditory Deficit as a Consequence Rather than Endophenotype of Specific Language Impairment: Electrophysiological Evidence,False,proceed,True,True,True,False,False
2065929647,10.1001/archneurol.2010.147,2010.0,article,Archives of Neurology,"Replication of CLU, CR1, and PICALM Associations With Alzheimer Disease",False,proceed,True,False,False,False,True
2981446007,10.3389/fpsyg.2019.02474,2019.0,article,Frontiers in Psychology,"Surprise, Curiosity, and Confusion Promote Knowledge Exploration: Evidence for Robust Effects of Epistemic Emotions",False,proceed,True,False,False,True,False
2024951855,10.1371/journal.pone.0060868,2013.0,article,PLoS ONE,Adaptive Memory: Evaluating Alternative Forms of Fitness-Relevant Processing in the Survival Processing Paradigm,False,discard,False,False,True,False,False
2079179101,10.1371/journal.pone.0025057,2011.0,article,PLoS ONE,"Smoking Related Cancers and Loci at Chromosomes 15q25, 5p15, 6p22.1 and 6p21.33 in the Polish Population",False,proceed,True,True,True,False,False
2144998489,10.3389/fpsyg.2014.00855,2014.0,article,Frontiers in Psychology,Sequential modulations of the Simon effect depend on episodic retrieval,False,proceed,True,False,True,False,False
2911000798,10.3389/fpsyg.2018.02790,2019.0,article,Frontiers in Psychology,"Joint Action Enhances Cohesion and Positive Affect, but Suppresses Aspects of Creativity When Combined With Shared Goals",False,proceed,True,True,True,False,False
2017404805,10.1371/journal.pone.0054789,2013.0,article,PLoS ONE,The Duration of a Co-Occurring Sound Modulates Visual Detection Performance in Humans,False,discard,False,True,True,False,False
2098330396,10.3109/10428194.2014.910775,2014.0,article,Leukemia & lymphoma/Leukemia and lymphoma,10p12.31-12.2 variants and risk of childhood acute lymphoblastic leukemia in a Chinese population,False,proceed,True,False,True,False,False
4297026077,10.1016/j.ynirp.2022.100132,2022.0,article,Neuroimage Reports,Phase matters when there is power: Phasic modulation of corticospinal excitability occurs at high amplitude sensorimotor mu-oscillations,False,discard,False,False,False,True,False
2969331074,10.3389/fnhum.2019.00309,2019.0,article,Frontiers in Human Neuroscience,Emotion in Chinese Words Could Not Be Extracted in Continuous Flash Suppression,False,proceed,True,True,True,True,False
2590444006,10.1371/journal.pone.0171305,2017.0,article,PLoS ONE,Mapping cerebral pulse pressure and arterial compliance over the adult lifespan with optical imaging,False,proceed,True,True,True,False,False
2150472852,10.3109/10826089009058876,1990.0,article,International Journal of the Addictions,Family Therapy for Dutch Drug Abusers: Replication of an American Study,False,proceed,False,True,False,True,True
2946455910,10.1523/jneurosci.3184-18.2019,2019.0,article,Journal of Neuroscience,Oscillatory Properties of Functional Connections Between Sensory Areas Mediate Cross-Modal Illusory Perception,False,proceed,True,False,False,False,False
2169458259,10.1093/hmg/ddp489,2009.0,article,Human Molecular Genetics,Replication of the five novel loci for uric acid concentrations and potential mediating mechanisms,False,proceed,True,True,True,False,True
2014835915,10.1371/journal.pone.0090493,2014.0,article,PLoS ONE,Discriminating Males and Unpredictable Females: Males Differentiate Self-Similar Facial Cues More than Females in the Judgment of Opposite-Sex Attractiveness,False,discard,False,False,True,False,False
2918381257,10.1371/journal.pone.0213073,2019.0,review,PLoS ONE,Evaluation of 12 GWAS-drawn SNPs as biomarkers of rheumatoid arthritis response to TNF inhibitors. A potential SNP association with response to etanercept,False,proceed,False,False,True,False,False
2468889233,10.1037/neu0000222,2015.0,article,Neuropsychology,A diffusion model analysis of episodic recognition in preclinical individuals with a family history for Alzheimer’s disease: The adult children study.,False,proceed,False,False,True,True,False
1984622482,10.1371/journal.pone.0095431,2014.0,article,PLoS ONE,Perceptions of Others' Political Affiliation Are Moderated by Individual Perceivers' Own Political Attitudes,False,proceed,True,False,True,False,False
2904488960,10.3389/fnins.2018.00920,2018.0,article,Frontiers in Neuroscience,Does TMS Disruption of the Left Primary Motor Cortex Affect Verb Retrieval Following Exposure to Pantomimed Gestures?,False,proceed,False,True,True,False,False
1988087271,10.1080/15402000701264005,2007.0,article,Behavioral Sleep Medicine,How Early in Treatment is PAP Adherence Established? Revisiting Night-to-Night Variability,False,proceed,True,True,True,True,False
4214558502,10.1016/j.nicl.2022.102975,2022.0,article,NeuroImage Clinical,"The relationships between subclinical OCD symptoms, beta/gamma-band power, and the rate of evidence integration during perceptual decision making",False,proceed,True,True,True,False,False
2524958049,10.3389/fpsyg.2016.01479,2016.0,article,Frontiers in Psychology,Some Alternatives? Event-Related Potential Investigation of Literal and Pragmatic Interpretations of Some Presented in Isolation,False,discard,False,False,True,True,False
2054702830,10.1037/a0017828,2010.0,article,Psychological Assessment,The dot pattern expectancy task: Reliability and replication of deficits in schizophrenia.,False,proceed,False,True,False,False,True
2920908845,10.1037/xge0000570,2019.0,review,Journal of Experimental Psychology General,A comprehensive meta-analysis of money priming.,False,discard,False,False,False,False,False
4285297812,10.5334/cpsy.84,2022.0,article,Computational Psychiatry,Gambling Environment Exposure Increases Temporal Discounting but Improves Model-Based Control in Regular Slot-Machine Gamblers,False,proceed,False,False,False,False,False
2158290056,10.3324/haematol.2010.022459,2010.0,article,Haematologica,Replication analysis confirms the association of ARID5B with childhood B-cell acute lymphoblastic leukemia,False,proceed,True,False,False,True,True
4221029633,10.1016/j.cognition.2022.105113,2022.0,article,Cognition,Unconscious information integration: A replication and the role of spatial window in masking experiments,False,proceed,True,True,True,False,True
4391439463,10.7759/cureus.53372,2024.0,article,Cureus,Impact of Applied Behavior Analysis on Autistic Children Target Behaviors: A Replication Using Repeated Measures,False,proceed,False,True,False,True,True
2013773891,10.1371/journal.pone.0019587,2011.0,article,PLoS ONE,PAX6 Haplotypes Are Associated with High Myopia in Han Chinese,False,proceed,False,True,True,True,False
2134798508,10.1207/s15327752jpa7402_3,2000.0,article,Journal of Personality Assessment,A Replication of Rorschach and MMPI-2 Convergent Validity,False,proceed,False,True,True,False,True
2062043632,10.1001/archneurol.2008.552,2009.0,article,Archives of Neurology,GAB2 as an Alzheimer Disease Susceptibility Gene,False,proceed,True,False,False,False,False
2317568490,10.1038/mp.2015.209,2016.0,article,Molecular Psychiatry,Abnormal asymmetries in subcortical brain volume in schizophrenia,False,proceed,True,True,True,False,False
1994784188,10.1371/journal.pone.0016565,2011.0,article,PLoS ONE,An Investigation of Genome-Wide Studies Reported Susceptibility Loci for Ulcerative Colitis Shows Limited Replication in North Indians,False,proceed,False,False,True,True,True
2049023055,10.1371/journal.pone.0030320,2012.0,article,PLoS ONE,"Socioeconomic Status (SES) and Children's Intelligence (IQ): In a UK-Representative Sample SES Moderates the Environmental, Not Genetic, Effect on IQ",False,proceed,True,False,True,True,False
2098665843,10.3233/jad-122395,2013.0,article,Journal of Alzheimer s Disease,SORL1 is Genetically Associated with Neuropathologically Characterized Late-Onset Alzheimer's Disease,False,proceed,True,True,True,True,False
1492812232,10.1371/journal.pone.0060231,2013.0,article,PLoS ONE,"Population-Based Input Function Modeling for [18F]FMPEP-d2, an Inverse Agonist Radioligand for Cannabinoid CB1 Receptors: Validation in Clinical Studies",False,proceed,True,False,False,False,False
4385172639,10.7759/cureus.42194,2023.0,article,Cureus,"Neonatal, Infant, and Under Age Five Vaccine Doses Routinely Given in Developed Nations and Their Association With Mortality Rates",False,proceed,True,True,True,False,False
4408934140,10.1016/j.nicl.2025.103771,2025.0,article,NeuroImage Clinical,Thalamic iron in multiple sclerosis: Waning support for the early-rise late-decline hypothesis,False,proceed,True,True,True,False,False
3202311031,10.18653/v1/2021.inlg-1.29,2021.0,article,,Reproducing a Comparison of Hedged and Non-hedged NLG Texts,False,proceed,True,False,False,False,True
571494891,10.1057/9781137293626_12,2014.0,book-chapter,Palgrave Macmillan UK eBooks,Replicating “Sources of Slow Growth in African Economies”,False,proceed,True,True,True,False,True
2156317822,10.1093/brain/awr007,2011.0,article,Brain,TMEM106B is associated with frontotemporal lobar degeneration in a clinically diagnosed patient cohort,False,proceed,True,False,True,False,False
2016605632,10.1371/journal.pone.0056732,2013.0,article,PLoS ONE,Replication of Association between Schizophrenia and Chromosome 6p21-6p22.1 Polymorphisms in Chinese Han Population,False,proceed,True,False,False,True,True
4387873318,10.1016/j.jclinepi.2023.10.013,2023.0,article,Journal of Clinical Epidemiology,The 2-week systematic review (2weekSR) method was successfully blind-replicated by another team: a case study,False,proceed,True,False,False,True,True
4414554577,10.1186/s40359-025-03353-0,2025.0,article,BMC Psychology,The effect of emotional expression on age estimates is modulated by face age and participant age,False,discard,False,False,False,False,False
1973778908,10.1002/humu.20840,2008.0,article,Human Mutation,Whole genome survey of coding SNPs reveals a reproducible pathway determinant of Parkinson disease,False,proceed,True,False,False,False,True
4405006624,10.1186/s40359-024-02194-7,2024.0,article,BMC Psychology,The effects of power posing on neuroendocrine levels and risk-taking,False,proceed,True,False,False,True,False
4400306696,10.31234/osf.io/esu9z,2024.0,preprint,,WITHDRAWN,False,proceed,True,True,True,True,True
4407180572,10.5114/biolsport.2025.147010,2025.0,article,Biology of Sport,Association of the GALNTL6 polymorphism with muscle strength in Japanese athletes,False,proceed,True,True,True,False,False
4230084800,10.23846/rps0012,2017.0,report,,Cash transfers and HIV/HSV-2 prevalence: a replication of a cluster randomized trial in Malawi,False,proceed,True,True,True,False,True
1564890621,10.3386/w12607,2006.0,article,National Bureau of Economic Research,"Further Tests of Abortion and Crime: A Response to Donohue and Levitt (2001,2004, 2006)",False,proceed,True,False,False,False,False
2915790396,10.23846/rps0009,2015.0,report,,The effects of land titling on the urban poor: a replication of property rights for the poor,False,proceed,True,True,False,False,True
3007502937,10.1109/tnsre.2020.2974272,2020.0,letter,IEEE Transactions on Neural Systems and Rehabilitation Engineering,Questionable Classification Accuracy Reported in “Designing a Sum of Squared Correlations Framework for Enhancing SSVEP-Based BCIs”,False,proceed,True,False,True,False,True
4226205043,10.1212/wnl.0000000000200346,2022.0,article,Neurology,Effectiveness of a Self-Management Program to Improve Cognition and Quality of Life in Epilepsy,False,proceed,True,False,True,False,False
1975382605,10.1037/a0027687,2012.0,article,Psychology and Aging,"Dementia has a categorical, not dimensional, latent structure.",False,proceed,True,False,True,False,False
4385250210,10.2147/prbm.s406523,2023.0,article,Psychology Research and Behavior Management,Assessment of an Epidemic Urgency: Psychometric Evidence for the UCLA Loneliness Scale,False,proceed,True,False,False,True,False
4404843838,10.1016/j.jointm.2024.10.003,2024.0,article,Journal of Intensive Medicine,Preparing for future pandemics: Automated intensive care electronic health record data extraction to accelerate clinical insights,False,proceed,True,True,True,False,False
2775797250,10.1371/journal.pone.0188891,2017.0,article,PLoS ONE,"In patients with suspected acute stroke, CT perfusion-based cerebral blood flow maps cannot substitute for DWI in measuring the ischemic core",False,proceed,True,False,False,False,False
3081047367,10.1016/j.nicl.2020.102399,2020.0,article,NeuroImage Clinical,A multicenter effectiveness trial of QEEG-informed neurofeedback in ADHD: Replication and treatment prediction,False,proceed,True,True,False,True,True
3165623500,10.1016/j.ynstr.2021.100344,2021.0,article,Neurobiology of Stress,"Insights from a laboratory and naturalistic investigation on stress, rumination and frontal brain functioning in MDD: An fNIRS study",False,proceed,True,False,False,True,False
2564749296,10.1037/abn0000230,2016.0,article,Journal of Abnormal Psychology,Suicide and self-injury-related implicit cognition: A large-scale examination and replication.,False,proceed,False,True,False,False,True
2785310965,10.1037/xge0000402,2018.0,article,Journal of Experimental Psychology General,Shifting the balance between goals and habits: Five failures in experimental habit induction.,False,proceed,True,False,False,True,False
3134809765,10.1007/s40273-021-01008-7,2021.0,article,PharmacoEconomics,"Replication of Published Health Economic Obesity Models: Assessment of Facilitators, Hurdles and Reproduction Success",False,proceed,False,False,False,False,True
2892304963,10.1080/23279095.2018.1480484,2018.0,article,Applied Neuropsychology Adult,Neurobehavioral symptom validity and performance validity in veterans: Evidence for distinct outcomes across data types,False,proceed,False,True,True,False,True
4384130165,10.1016/j.cortex.2023.04.019,2023.0,article,Cortex,Reassessing referral of touch following peripheral deafferentation: The role of contextual bias,False,proceed,False,False,True,False,False
6943870429,10.17605/osf.io/j3ue4,2022.0,article,OSF Preprints (OSF Preprints),Revisiting the role of public exposure and moral beliefs on feelings of shame and guilt: Replication Registered Report of Smith et al. (2002)’s Study 1,True,proceed,False,True,False,False,True
3029363639,10.1371/journal.pone.0233904,2020.0,article,PLoS ONE,"Plasma glucocorticogenic activity, race/ethnicity and alcohol intake among San Francisco Bay Area women",False,proceed,True,False,True,False,False
224635783,10.3969/j.issn.1002-0829.2012.01.002,2012.0,article,PubMed,Efficacy of contingency management in improving retention and compliance to methadone maintenance treatment: a random controlled study.,False,proceed,False,False,True,True,False
3005578013,10.1093/jn/nxaa020,2020.0,article,Journal of Nutrition,The EAT-Lancet Commission's Dietary Composition May Not Prevent Noncommunicable Disease Mortality,False,proceed,True,False,False,True,False
2079852993,10.4161/cbt.25093,2013.0,article,Cancer Biology & Therapy,“Selective cell death mediated by small conditional RNAs” is not selective,False,proceed,True,True,True,True,False
2795113797,10.1093/scan/nsy025,2018.0,article,Social Cognitive and Affective Neuroscience,Neural mechanisms of the rejection–aggression link,False,proceed,False,False,True,False,False
3017190287,10.1371/journal.pone.0231135,2020.0,article,PLoS ONE,Partition dependence in financial aid distribution to income categories,False,proceed,False,False,False,False,False
3087296455,10.1167/jov.20.9.13,2020.0,article,Journal of Vision,OSIEshort: A small stimulus set can reliably estimate individual differences in semantic salience,False,proceed,True,True,True,False,True
1977734316,10.1167/iovs.08-2382,2009.0,article,Investigative Ophthalmology & Visual Science,Linkage Analysis in Keratoconus: Replication of Locus 5q21.2 and Identification of Other Suggestive Loci,False,proceed,True,True,True,False,True
2316348164,10.1167/iovs.14-15105,2014.0,article,Investigative Ophthalmology & Visual Science,Comprehensive Replication of the Relationship Between Myopia-Related Genes and Refractive Errors in a Large Japanese Cohort,False,proceed,True,True,True,True,True
2137378851,10.1093/humrep/dev081,2015.0,review,Human Reproduction,Lack of replication of four candidate SNPs implicated in human male fertility traits: a large-scale population-based study,False,proceed,True,False,True,False,True
2588462410,10.1093/schbul/sbx001,2017.0,article,Schizophrenia Bulletin,Altered DLPFC–Hippocampus Connectivity During Working Memory: Independent Replication and Disorder Specificity of a Putative Genetic Risk Phenotype for Schizophrenia,False,proceed,False,True,False,False,True
3038489063,10.5334/jcaa.52,2020.0,article,Journal of Computer Applications in Archaeology,"Agent-Based Modeling, Scientific Reproducibility, and Taphonomy: A Successful Model Implementation Case Study",False,proceed,True,False,True,True,True
2161159397,10.1038/ejhg.2011.206,2011.0,article,European Journal of Human Genetics,UGT1A1 is a major locus influencing bilirubin levels in African Americans,False,proceed,True,False,True,True,False
2091838348,10.1080/10473289.2000.10464149,2000.0,article,Journal of the Air & Waste Management Association,Is Daily Mortality Associated Specifically with Fine Particles? Data Reconstruction and Replication of Analyses,False,proceed,True,True,False,False,True
2087526313,10.5249/jivr.v4i1.65,2011.0,article,Journal of Injury and Violence Research,A replication of the relationship between adversity earlier in life and elderly suicide rates using five years cross-national data,False,proceed,True,True,False,False,True
2089614978,10.1080/21642850.2014.916218,2014.0,article,Health Psychology and Behavioral Medicine,Collectivism/individualism and its relationship to behavioral and physiological immunity,False,discard,False,False,True,True,False
3003442733,10.1371/journal.pone.0227629,2020.0,article,PLoS ONE,"Conducting online virtual environment experiments with uncompensated, unsupervised samples",False,proceed,True,True,True,False,True
2748000983,10.3892/ol.2017.6829,2017.0,article,Oncology Letters,Impact of tumoral carbonic anhydrase IX and Ki‑67 expression on survival in oral squamous cell carcinoma patients,False,proceed,True,False,True,True,False
1685966668,10.1167/15.4.12,2015.0,article,Journal of Vision,Distinct cognitive mechanisms involved in the processing of single objects and object ensembles,False,proceed,True,True,True,False,False
2983684699,10.1093/cercor/bhz238,2019.0,article,Cerebral Cortex,Temporal Characteristics of Priming of Attention Shifts Are Mirrored by BOLD Response Patterns in the Frontoparietal Attention Network,False,proceed,True,True,True,False,False
2137328631,10.1017/s0272263101003023,2001.0,article,Studies in Second Language Acquisition,MODALITY AND ATTENTION TO MEANING AND FORM IN THE INPUT,False,proceed,True,False,False,False,True
2735105672,10.1044/2017_jslhr-l-16-0327,2017.0,article,Journal of Speech Language and Hearing Research,Sensitivity to Audiovisual Temporal Asynchrony in Children With a History of Specific Language Impairment and Their Peers With Typical Development: A Replication and Follow-Up Study,False,proceed,True,True,False,False,True
4283789824,10.3390/ijerph19138192,2022.0,article,International Journal of Environmental Research and Public Health,Physical Education with Eduball Stimulates Non-Native Language Learning in Primary School Students,False,proceed,False,False,True,False,False
3006325128,10.1111/jcpp.13229,2020.0,article,Journal of Child Psychology and Psychiatry,"Sex differences in foetal origins of child emotional symptoms: a test of evolutionary hypotheses in a large, general population cohort",False,proceed,True,True,True,False,False
1602378098,10.1002/dys.1470,2014.0,article,Dyslexia,"A Tale of Two Studies on Auditory Training in Children: A Response to the Claim that ‘Discrimination Training of Phonemic Contrasts Enhances Phonological Processing in Mainstream School Children’ by Moore, Rosenberg and Coleman (2005)",False,proceed,True,False,True,True,False
2033288354,10.1080/17470218.2012.699077,2012.0,article,Quarterly Journal of Experimental Psychology,Familiarity and face processing,False,discard,False,False,False,False,False
2288564460,10.1098/rstb.2015.0191,2016.0,article,Philosophical Transactions of the Royal Society B Biological Sciences,The effects of environment and ownership on children's innovation of tools and tool material selection,False,proceed,False,True,True,False,False
4365503441,10.1044/2023_jslhr-22-00694,2023.0,article,Journal of Speech Language and Hearing Research,Crowdsourced Perceptual Ratings of Voice Quality in People With Parkinson's Disease Before and After Intensive Voice and Articulation Therapies: Secondary Outcome of a Randomized Controlled Trial,False,proceed,True,False,False,False,False
1896837587,10.1111/lang.12149,2015.0,article,Language Learning,Nonnative Speakers Do Not Take Competing Alternative Expressions Into Account the Way Native Speakers Do,False,proceed,True,True,True,False,False
1995505122,10.1177/1087054712462884,2012.0,article,Journal of Attention Disorders,Deficient Emotional Self-Regulation in ADHD Assessed Using a Unique Profile of the Child Behavior Checklist (CBCL),False,proceed,False,False,False,False,False
2340596131,10.1177/1526924816641814,2016.0,article,Progress in Transplantation,The Potential (F)utility of a Passive Organ Donor Registration Opportunity,False,proceed,True,False,False,False,False
2089025250,10.1002/ajmg.b.30744,2008.0,article,American Journal of Medical Genetics Part B Neuropsychiatric Genetics,"Association study of candidate variants of COMT with neuroticism, anxiety and depression",False,proceed,False,False,False,False,False
2911012769,10.1029/2017ea000360,2019.0,article,Earth and Space Science,"Reproducibility of San Andreas Fault Slip Rate Measurements at Wallace Creek in the Carrizo Plain, CA",False,proceed,True,False,True,False,True
2951062515,10.1093/ckj/sfz073,2019.0,article,Clinical Kidney Journal,Validation of distinct pathogenic patterns in a cohort of membranoproliferative glomerulonephritis patients by cluster analysis,False,proceed,True,False,False,False,False
2035223728,10.1901/jaba.2001.34-61,2001.0,article,Journal of Applied Behavior Analysis,ANALYSIS OF RESPONSE CLASS HIERARCHIES WITH ATTENTION‐MAINTAINED PROBLEM BEHAVIORS,False,proceed,True,False,True,False,False
2147856605,10.1177/0022022100031003001,2000.0,article,Journal of Cross-Cultural Psychology,Culture in the Cockpit,False,proceed,True,False,True,True,False
3092151265,10.1177/0269881120953994,2020.0,article,Journal of Psychopharmacology,"Microdosing psychedelics: Subjective benefits and challenges, substance testing behavior, and the relevance of intention",False,proceed,True,True,True,True,True
3177588094,10.1038/s41598-021-93464-6,2021.0,article,Scientific Reports,"Uncertainty increases curiosity, but decreases happiness",False,proceed,False,True,True,False,False
2139053447,10.1177/00222194030360040601,2003.0,article,Journal of Learning Disabilities,Students Classified as LD Who Petitioned for or Fulfilled the College Foreign Language Requirement—Are They Different?,False,proceed,False,False,True,False,False
2065076335,10.1002/art.30604,2011.0,article,Arthritis & Rheumatism,A putative functional variant within the <i>UBAC2</i> gene is associated with increased risk of Behçet's disease,False,proceed,True,False,True,False,False
2136369471,10.1136/jmg.2008.061457,2008.0,letter,Journal of Medical Genetics,Six new coeliac disease loci replicated in an Italian population confirm association with coeliac disease,False,proceed,True,False,True,False,True
4385625208,10.1371/journal.pone.0289062,2023.0,article,PLoS ONE,Nuances in intensity deviant asymmetric responses as a biomarker for tinnitus,False,proceed,True,False,True,True,False
1984604010,10.1192/bjp.161.1.55,1992.0,article,The British Journal of Psychiatry,Evidence for a Pseudoautosomal Locus for Schizophrenia,False,proceed,True,False,False,False,False
1992603245,10.1901/jeab.2009.91-143,2009.0,article,Journal of the Experimental Analysis of Behavior,EXTENSIVE TRAINING IS INSUFFICIENT TO PRODUCE THE WORK‐ETHIC EFFECT IN PIGEONS,False,proceed,True,False,True,True,False
2091469207,10.1089/gtmb.2012.0161,2012.0,article,Genetic Testing and Molecular Biomarkers,Association of <i>Uridine Diphosphate-Glucuronosyltransferase 2B</i> Gene Variants with Serum Glucuronide Levels and Prostate Cancer Risk,False,proceed,True,False,True,False,False
1990082891,10.1177/1524839907307884,2008.0,article,Health Promotion Practice,The 6-Step Model for Community Empowerment: Revisited in Public Housing Communities for Low-Income Senior Citizens,False,proceed,True,False,True,False,False
4411431801,10.1098/rsos.250316,2025.0,article,Royal Society Open Science,Do ecological valid stop signals aid detour performance? A comparison of four bird species,False,proceed,False,True,True,False,False
2607375323,10.1002/ajmg.a.38190,2017.0,article,American Journal of Medical Genetics Part A,Gene‐gene interaction of single nucleotide polymorphisms in 16p13.3 may contribute to the risk of non‐syndromic cleft lip with or without cleft palate in Chinese case‐parent trios,False,proceed,True,False,True,True,False
3125935586,10.1002/smj.2574,2016.0,article,Strategic Management Journal,Global diversification discount and its discontents: A bit of self‐selection makes a world of difference,False,proceed,False,False,False,False,True
4390789934,10.3389/fpsyg.2023.1254789,2024.0,article,Frontiers in Psychology,"The consumption of experiential gifts is construed as more autonomy supportive and leads to greater gratitude, especially when they are given out of love",False,discard,False,True,True,False,True
3167249776,10.1111/ejn.15353,2021.0,article,European Journal of Neuroscience,"No evidence of rhythmic visuospatial attention at cued locations in a spatial cuing paradigm, regardless of their behavioural relevance",False,proceed,True,False,False,True,False
2277141008,10.1111/cogs.12368,2016.0,article,Cognitive Science,Preschoolers' Acquisition of Novel Verbs in the Double Object Dative,False,proceed,True,False,True,False,False
2886050787,10.1111/jsr.12749,2018.0,article,Journal of Sleep Research,Dreaming of a learning task is associated with enhanced memory consolidation: Replication in an overnight sleep study,False,proceed,True,True,True,False,True
3108220376,10.1371/journal.pone.0237829,2020.0,article,PLoS ONE,Failure to modulate reward prediction errors in declarative learning with theta (6 Hz) frequency transcranial alternating current stimulation,False,proceed,True,True,True,False,False
4403415618,10.1101/gr.279351.124,2024.0,article,Genome Research,Characterizing tandem repeat complexities across long-read sequencing platforms with TREAT and <i>otter</i>,False,discard,False,False,True,False,False
4393097360,10.1371/journal.pgen.1011192,2024.0,review,PLoS Genetics,Canadian COVID-19 host genetics cohort replicates known severity associations,False,proceed,True,False,True,False,True
2111622402,10.1017/s0142716412000501,2012.0,article,Applied Psycholinguistics,An eye-tracking study of learned attention in second language acquisition,False,proceed,True,False,False,False,False
2123868479,10.1177/1091142114537893,2014.0,article,Public Finance Review,A Replication of “Millionaire Migration and State Taxation of Top Incomes,False,proceed,True,False,False,False,True
2946425997,10.1002/pon.5126,2019.0,article,Psycho-Oncology,A randomized control trial of stress management for caregivers of stem cell transplant patients: Effect on patient quality of life and caregiver distress,False,proceed,True,False,True,False,False
3136135208,10.3390/vision5020017,2021.0,article,Vision,The Interpretation of E-Motions in Faces and Bodies Derived from Static Artworks by Individuals with High Functioning Autistic Spectrum,False,proceed,False,False,True,False,False
2784211509,10.1038/s41598-017-18950-2,2018.0,article,Scientific Reports,Role of subcortical structures on cognitive and social function in schizophrenia,False,proceed,True,True,True,False,False
1537292431,10.1111/jns.12110,2015.0,review,Journal of the Peripheral Nervous System,Genetic determinants of chronic oxaliplatin‐induced peripheral neurotoxicity: a genome‐wide study replication and meta‐analysis,False,proceed,True,True,True,False,True
4390279359,10.1002/jae.3021,2023.0,article,Journal of Applied Econometrics,Does paid parental leave affect children's schooling outcomes? Replicating Danzer and Lavy (2018),False,proceed,True,True,False,False,True
2034605086,10.1002/bem.2250160208,1995.0,article,Bioelectromagnetics,Melatonin and puberty in female lambs exposed to EMF: A replicate study,False,proceed,True,True,False,False,True
2152327356,10.1017/s0958344004001715,2004.0,article,ReCALL,<i>A multivariate analysis of secondary students’ experience of web-based language acquisition</i>,False,proceed,True,False,False,False,False
2773667286,10.5018/economics-ejournal.ja.2018-34,2018.0,article,Economics,"Replicating “Predicting the present with Google trends” by Hyunyoung Choi and Hal Varian (The Economic Record, 2012)",False,proceed,True,False,False,False,True
4414950550,10.1101/2025.10.06.25337371,2025.0,preprint,medRxiv,"Does anodal tDCS over M1 really enhance motor sequence learning? A non-replication of earlier findings in a double-blind, pre-registered large-sample study in humans",False,proceed,False,True,True,True,True
4280511183,10.3389/fpsyg.2022.828081,2022.0,article,Frontiers in Psychology,"Pandemic or Not, Worker Subjective Wellbeing Pivots About the Living Wage Point: A Replication, Extension, and Policy Challenge in Aotearoa New Zealand",False,proceed,False,True,False,False,True
4224987307,10.3389/fnint.2022.847824,2022.0,article,Frontiers in Integrative Neuroscience,Vascular Health Is Associated With Functional Connectivity Decline in Higher-Order Networks of Older Adults,False,proceed,True,False,True,False,False
1896730476,10.1111/j.1467-9922.2012.00693.x,2012.0,article,Language Learning,Reinvestigating the Noticing Function of Output,False,proceed,True,True,True,False,True
2024905513,10.1159/000218076,2009.0,article,Neuropsychobiology,"&lt;i&gt;DTNBP1, NRG1, DAOA&lt;/i&gt;, &lt;i&gt;DAO&lt;/i&gt; and &lt;i&gt;GRM3&lt;/i&gt; Polymorphisms and Schizophrenia: An Association Study",False,proceed,False,True,True,False,False
2034234310,10.1111/1540-4781.00152,2002.0,article,Modern Language Journal,Promoting Openness toward Culture Learning: Ethnographic Interviews for Students of Spanish,False,proceed,True,False,False,False,False
2603418347,10.1038/s41525-017-0011-x,2017.0,article,npj Genomic Medicine,Pitfalls of exome sequencing: a case study of the attribution of HABP2 rs7080536 in familial non-medullary thyroid cancer,False,proceed,True,False,True,False,False
4402995409,10.1177/02698811241279022,2024.0,article,Journal of Psychopharmacology,Unidentified <i>CYP2D6</i> genotype does not affect pharmacological treatment for patients with first episode psychosis,False,proceed,True,True,True,True,False
2397381542,10.1097/mpg.0000000000000880,2015.0,review,Journal of Pediatric Gastroenterology and Nutrition,Association Analysis of <i>SLC6A20</i> Polymorphisms With Hirschsprung Disease,False,proceed,True,False,True,False,False
2053323942,10.1002/ijc.23448,2008.0,article,International Journal of Cancer,Consortium analysis of 7 candidate SNPs for ovarian cancer,False,proceed,False,False,False,False,False
2043410078,10.1002/ajmg.b.32145,2013.0,article,American Journal of Medical Genetics Part B Neuropsychiatric Genetics,<i>ADCYAP1R1</i> genotype associates with post‐traumatic stress symptoms in highly traumatized African‐American females,False,proceed,True,False,False,False,False
2044390760,10.1002/ajmg.b.32049,2012.0,article,American Journal of Medical Genetics Part B Neuropsychiatric Genetics,"No associations found between the genes situated at 6p22.1, <i>HIST1H2BJ</i>, <i>PRSS16</i>, and <i>PGBD1</i> in Japanese patients diagnosed with schizophrenia",False,proceed,True,False,True,False,False
2130497328,10.1002/ajmg.b.30727,2008.0,article,American Journal of Medical Genetics Part B Neuropsychiatric Genetics,The neuregulin 1 promoter polymorphism rs6994992 is not associated with chronic schizophrenia or neurocognition,False,proceed,True,False,False,True,False
4410984184,10.1162/nol.a.15,2025.0,article,Neurobiology of Language,Neural Oscillations in the Aging Brain Associated With Interference Control in Word Production,False,proceed,True,False,True,False,False
4307203481,10.3389/fpsyg.2022.932592,2022.0,article,Frontiers in Psychology,The effects of wakeful rest on memory consolidation in an online memory study,False,proceed,True,False,True,False,False
4312201087,10.1007/s00429-022-02602-x,2022.0,article,Brain Structure and Function,Is musical engagement enough to keep the brain young?,False,proceed,True,False,False,True,False
2117844119,10.1111/gbb.12012,2012.0,article,Genes Brain & Behavior,Does <scp>COMT</scp> genotype influence the effects of <i>d</i>‐amphetamine on executive functioning?,False,proceed,True,False,True,True,False
4310057541,10.1038/s41598-022-24821-2,2022.0,article,Scientific Reports,Relationship between behavioral and mood responses to monetary rewards in a sample of Indian students with and without reported pain,False,proceed,True,False,False,False,False
2771685714,10.1152/physiolgenomics.00085.2017,2017.0,article,Physiological Genomics,Attempted replication of SNPs in RANKL and OPG with musculoskeletal adverse events during aromatase inhibitor treatment for breast cancer,False,proceed,True,False,False,True,True
1976238425,10.2190/2bej-t9m9-mnja-l64l,1978.0,article,The International Journal of Aging and Human Development,"Adult Male Daydreaming across the Life Span: A Replication, Further Analyses, and Tentative Norms Based upon Retrospective Reports",False,proceed,True,True,False,False,True
3132038847,10.3389/fpsyg.2021.604843,2021.0,article,Frontiers in Psychology,Sensitivity to Sunk Costs Depends on Attention to the Delay,False,proceed,True,True,True,False,False
2806713387,10.1007/s40881-018-0049-2,2018.0,article,Journal of the Economic Science Association,Framing effects on bribery behaviour: experimental evidence from China and Uganda,False,proceed,True,False,True,False,False
4221131563,10.1093/emph/eoac007,2022.0,article,Evolution Medicine and Public Health,Strength is negatively associated with depression and accounts for some of the sex difference,False,proceed,True,True,True,False,False
2089253219,10.1901/jeab.1998.70-139,1998.0,article,Journal of the Experimental Analysis of Behavior,EFFECTS OF VARIABLE‐INTERVAL VALUE AND AMOUNT OF TRAINING ON STIMULUS GENERALIZATION,False,discard,False,False,False,False,True
2958996772,10.1098/rsos.190068,2019.0,article,Royal Society Open Science,Is implicit Theory of Mind real but hard to detect? Testing adults with different stimulus materials,False,proceed,False,True,True,True,True
4220695346,10.1111/sjop.12816,2022.0,article,Scandinavian Journal of Psychology,To vaccinate or not: The relationship between conscientiousness and individual attitudes toward vaccination in real‐life contexts,False,proceed,True,False,False,False,False
3181944623,10.1002/hbm.25572,2021.0,article,Human Brain Mapping,"Neuroanatomical norms in the <scp>UK</scp> Biobank: The impact of allometric scaling, sex, and age",False,proceed,True,False,False,False,False
2070978757,10.1006/cbir.2001.0774,2001.0,article,Cell Biology International,[Ca<sup>2+</sup>]<sub>i</sub>RISE IN JURKAT E6‐1 CELL LINES FROM DIFFERENT SOURCES AS A RESPONSE TO 50Hz MAGNETIC FIELD EXPOSURE IS A REPRODUCIBLE EFFECT AND INDEPENDENT OF POLY‐<scp>l</scp>‐LYSINE TREATMENT,False,proceed,False,True,True,False,True
4403422378,10.1371/journal.pone.0312088,2024.0,article,PLoS ONE,Cognitive support for political partisans’ understanding of policy data,False,proceed,True,False,True,True,False
2170437306,10.1002/hbm.10074,2002.0,article,Human Brain Mapping,Reproducibility of the hemodynamic response to auditory oddball stimuli: A six‐week test–retest study,False,discard,False,False,False,False,True
2528127065,10.1182/blood-2016-07-728063,2016.0,article,Blood,Replication of associations between genetic polymorphisms and chronic graft-versus-host disease,False,proceed,True,False,False,False,True
3094820551,10.1093/ijnp/pyaa084,2020.0,article,The International Journal of Neuropsychopharmacology,Dopamine D2/3 Receptor Availabilities and Evoked Dopamine Release in Striatum Differentially Predict Impulsivity and Novelty Preference in Roman High- and Low-Avoidance Rats,False,proceed,True,False,True,False,False
2086272859,10.1177/1091142114537895,2014.0,article,Public Finance Review,A Replication of “Counting Chickens When They Hatch” ( <i>Economic Journal</i> 2012),False,proceed,True,False,False,False,True
4220716991,10.1017/s0033291721005547,2022.0,article,Psychological Medicine,Alterations in the inferior fronto-occipital fasciculus – a specific neural correlate of gender incongruence?,False,discard,False,False,False,False,False
1983368365,10.1111/j.1528-1157.1998.tb01156.x,1998.0,article,Epilepsia,Replication Analysis of a Putative Susceptibility Locus (<i>EGI</i>) for Idiopathic Generalized Epilepsy on Chromosome 8q24,False,proceed,False,True,True,True,True
2740590307,10.1177/1352458517720528,2017.0,article,Multiple Sclerosis Journal,"Personalized, bilateral whole-body somatosensory cortex stimulation to relieve fatigue in multiple sclerosis",False,proceed,True,False,True,False,False
4226068159,10.1038/s41598-022-04997-3,2022.0,article,Scientific Reports,Bayesian modeling of item heterogeneity in dichotomous recognition memory data and prospects for computerized adaptive testing,False,discard,False,False,False,False,False
2145042053,10.1155/2012/476316,2012.0,article,Journal of Lipids,Additional Common Polymorphisms in the<i>PON</i>Gene Cluster Predict PON1 Activity but Not Vascular Disease,False,discard,False,False,True,False,False
3151113306,10.1155/2021/6698979,2021.0,article,Genetics Research,Functional Analysis of DNMT1 SNPs (rs2228611 and rs2114724) Associated with Schizophrenia,False,proceed,True,False,True,False,False
4406640847,10.1098/rsos.240879,2025.0,article,Royal Society Open Science,The role of expansion and adaptability of face-space for individual differences in face identity processing,False,proceed,False,True,True,False,False
1978161769,10.1017/s0033291711001371,2011.0,article,Psychological Medicine,Functional anatomy of autobiographical memory recall deficits in depression,False,discard,False,True,True,False,False
4387253641,10.7554/elife.88762,2023.0,article,eLife,Auditory confounds can drive online effects of transcranial ultrasonic stimulation in humans,False,proceed,True,True,True,False,False
1990324752,10.1002/mds.23642,2011.0,article,Movement Disorders,"Replication of <i>MAPT</i> and <i>SNCA</i>, but not <i>PARK16‐18</i>, as susceptibility genes for Parkinson's disease",False,proceed,False,False,True,True,True
2129392694,10.1158/1055-9965.epi-09-0861,2010.0,article,Cancer Epidemiology Biomarkers & Prevention,Polymorphism in the <i>GALNT1</i> Gene and Epithelial Ovarian Cancer in Non-Hispanic White Women: The Ovarian Cancer Association Consortium,False,proceed,True,False,False,True,True
3160134540,10.3758/s13414-021-02312-2,2021.0,article,Attention Perception & Psychophysics,Number processing outside awareness? Systematically testing sensitivities of direct and indirect measures of consciousness,False,proceed,True,False,True,False,False
4289871079,10.1287/mnsc.2022.4484,2022.0,article,Management Science,A Reexamination of the Impact of Decision Conflict on Choice Deferral,False,proceed,True,True,True,False,True
2160820103,10.1017/s0272263100015394,1996.0,article,Studies in Second Language Acquisition,Explanation versus Structured Input in Processing Instruction,False,proceed,True,False,True,False,False
3193912321,10.1093/schbul/sbab090,2021.0,article,Schizophrenia Bulletin,Psychosis Biotypes: Replication and Validation from the B-SNIP Consortium,False,discard,False,True,False,False,True
2171637847,10.1017/s0142716400001417,1982.0,article,Applied Psycholinguistics,The acquisition of /r/ and /l/ by Japanese learners of English: Evidence that speech production can precede speech perception,False,proceed,True,False,True,False,False
1984373594,10.1002/art.22425,2007.0,article,Arthritis & Rheumatism,No evidence for genetic association of interferon regulatory factor 1 in juvenile idiopathic arthritis,False,proceed,False,True,True,False,False
4361003684,10.3390/jintelligence11040059,2023.0,article,Journal of Intelligence,The Role of Semantic Associations as a Metacognitive Cue in Creative Idea Generation,False,proceed,False,False,True,False,False
2790936919,10.5018/economics-ejournal.ja.2018-3,2018.0,article,Economics,"A replication of ‘Education and catch-up in the Industrial Revolution’ (American Economic Journal: Macroeconomics, 2011)",False,proceed,False,False,False,False,True
2582860346,10.1177/073953298600700307,1986.0,article,Newspaper Research Journal,Replication of a Study on Uses and Gratifications for Weekday and Sunday Readers,False,proceed,False,True,False,False,True
3044764380,10.1002/bdr2.1773,2020.0,article,Birth Defects Research,Maternal risk associated with the<scp>VACTERL</scp>association: A case–control study,False,proceed,True,False,True,True,False
2162217918,10.1017/s0033291713000846,2013.0,article,Psychological Medicine,Environmental influences on familial resemblance for drug abuse in first-cousin pairs: a Swedish national study,False,proceed,True,True,True,False,False
3186526476,10.1002/jae.2851,2021.0,article,Journal of Applied Econometrics,Did Protestantism promote prosperity via higher human capital? Replicating the Becker–Woessmann (2009) results,False,proceed,True,True,False,False,True
2620766557,10.1257/aer.20141440,2017.0,article,American Economic Review,Measuring the Impacts of Teachers: Comment,False,proceed,True,False,False,False,False
1978242712,10.3138/cmlr.59.3.393,2003.0,article,Canadian Modern Language Review/ La Revue canadienne des langues vivantes,Analyzing Late Interlanguage with Learner Corpora: Québec Replications of Three European Studies,False,proceed,False,False,False,False,True
4283025506,10.1111/psyp.14124,2022.0,article,Psychophysiology,An examination of relations between baseline pupil measures and cognitive abilities,False,proceed,False,False,False,True,True
2938959755,10.1002/pd.5459,2019.0,article,Prenatal Diagnosis,Fetal anogenital distance using ultrasound,False,proceed,True,False,False,False,False
2891475723,10.18388/abp.2017_1451,2018.0,article,Acta Biochimica Polonica,Association between RBMS1 gene rs7593730 and BCAR1 gene rs7202877 and Type 2 Diabetes Mellitus in a Chinese Han Population,False,proceed,False,False,True,False,False
4394686697,10.3389/fpsyg.2024.1211987,2024.0,article,Frontiers in Psychology,The semantic structure of accuracy in eyewitness testimony,False,discard,False,False,False,False,False
4390056177,10.3389/fpsyg.2023.1258359,2023.0,article,Frontiers in Psychology,Re-examining the testing effect as a learning strategy: the advantage of retrieval practice over concept mapping as a methodological artifact,False,proceed,True,True,True,False,False
4411358353,10.1002/ece3.71556,2025.0,article,Ecology and Evolution,Non‐Native Herpetofauna Continue to Proliferate in the World's Most Invaded Herpetofauna Community,False,proceed,True,False,True,False,False
3134749101,10.3389/fpsyg.2021.623402,2021.0,article,Frontiers in Psychology,Temporal Regularity May Not Improve Memory for Item-Specific Detail,False,proceed,True,False,True,True,False
3001743556,10.1177/0956797619896270,2020.0,article,Psychological Science,"Same Data Set, Different Conclusions: Preschool Delay of Gratification Predicts Later Behavioral Outcomes in a Preregistered Study",False,proceed,True,True,True,False,True
2045010778,10.1111/j.1540-4781.1995.tb01114.x,1995.0,article,Modern Language Journal,Positive Attitudes and Realistic Beliefs: Links to Proficiency,False,proceed,True,False,False,False,False
2008865593,10.1523/jneurosci.3292-11.2011,2011.0,article,Journal of Neuroscience,KIBRA Polymorphism Is Related to Enhanced Memory and Elevated Hippocampal Processing,False,proceed,True,False,True,False,False
2101092817,10.1123/jpah.5.1.19,2008.0,article,Journal of Physical Activity and Health,WV Walks: Replication With Expanded Reach,False,proceed,True,True,True,False,True
3113355506,10.1371/journal.pone.0244110,2020.0,article,PLoS ONE,Motion fluency effects on object preference is limited to learned context,False,proceed,True,True,True,False,False
3206586372,10.1162/jocn_a_01785,2021.0,article,Journal of Cognitive Neuroscience,Value-Biased Competition in the Auditory System of the Brain,False,proceed,False,False,True,False,False
4402951928,10.1111/psyp.14695,2024.0,article,Psychophysiology,Cortical oscillations and event‐related brain potentials during the preparation and execution of deceptive behavior,False,proceed,True,True,True,False,False
4389311106,10.1002/mrm.29947,2023.0,article,Magnetic Resonance in Medicine,Replication of the <scp>bSTAR</scp> sequence and open‐source implementation,False,proceed,True,True,True,True,True
4409866064,10.3389/fnsys.2025.1547276,2025.0,article,Frontiers in Systems Neuroscience,Replicability of a resting-state functional connectivity study in profound early blindness,False,proceed,True,True,True,False,True
3175658743,10.3389/fpsyg.2021.696025,2021.0,article,Frontiers in Psychology,Failure to Find Altruistic Food Sharing in Rats,False,proceed,True,False,False,True,False
4409760078,10.1371/journal.pone.0321956,2025.0,article,PLoS ONE,Time perception of attractive male faces and voices: The role of women’s menstrual cycle,False,proceed,True,False,True,False,False
2049747908,10.1111/j.1944-9720.2008.tb03311.x,2008.0,article,Foreign Language Annals,How Far Is Georgia?: New Jersey's Teachers of Italian Evaluate Their Preparation,False,proceed,True,False,False,False,False
2134024990,10.1161/jaha.112.005421,2013.0,article,Journal of the American Heart Association,Genetic‐Genomic Replication to Identify Candidate Mouse Atherosclerosis Modifier Genes,False,proceed,True,False,True,False,True
3037140181,10.1186/s12886-020-01516-8,2020.0,review,BMC Ophthalmology,Association of 5p15.2 and 15q14 with high myopia in Tujia and Miao Chinese populations,False,proceed,False,True,True,False,False
1514560239,10.1002/jts.21996,2015.0,article,Journal of Traumatic Stress,Critical Incident History Questionnaire Replication: Frequency and Severity of Trauma Exposure Among Officers From Small and Midsize Police Agencies,False,proceed,True,False,True,False,True
4281565265,10.1186/s41235-022-00388-4,2022.0,article,Cognitive Research Principles and Implications,Effects of experience on recognition of speech produced with a face mask,False,proceed,True,True,True,False,False
4309884213,10.1186/s12888-022-04380-6,2022.0,article,BMC Psychiatry,The Bergen 4-day treatment for panic disorder: replication and implementation in a new clinic,False,proceed,True,True,True,False,True
3183679190,10.3390/molecules26144311,2021.0,article,Molecules,Large-Scale Reassessment of In-Vineyard Smoke-Taint Grapevine Protection Strategies and the Development of Predictive Off-Vine Models,False,proceed,False,False,False,False,False
2108471831,10.1901/jeab.2012.98-169,2012.0,article,Journal of the Experimental Analysis of Behavior,RESISTANCE TO EXTINCTION AND RELAPSE IN COMBINED STIMULUS CONTEXTS,False,proceed,True,False,True,False,False
3004440083,10.3758/s13414-020-01982-8,2020.0,article,Attention Perception & Psychophysics,Loads of unconscious processing: The role of perceptual load in processing unattended stimuli during inattentional blindness,False,proceed,False,False,True,False,False
4292834056,10.1017/pls.2022.11,2022.0,article,Politics and the Life Sciences,"Genes, personality, and political behavior",False,proceed,False,False,False,False,False
2228701860,10.1038/tp.2015.199,2016.0,review,Translational Psychiatry,A comprehensive analysis of NDST3 for schizophrenia and bipolar disorder in Han Chinese,False,proceed,True,False,False,True,False
3109084069,10.1111/bjhp.12556,2021.0,article,British Journal of Health Psychology,Social nudges for vaccination: How communicating herd behaviour influences vaccination intentions,False,proceed,True,False,False,True,False
3030407679,10.1007/s10683-020-09658-8,2020.0,article,Experimental Economics,Best practices in replication: a case study of common information in coordination games,False,proceed,True,True,True,False,True
3167399303,10.3389/fnhum.2021.629648,2021.0,article,Frontiers in Human Neuroscience,Contrast and Conflict in Dutch Vowels,False,proceed,True,False,False,False,False
2969917585,10.1098/rsos.190327,2019.0,article,Royal Society Open Science,"The role of deliberate practice in expert performance: revisiting Ericsson, Krampe &amp; Tesch-Römer (1993)",False,proceed,True,True,True,True,False
2001844841,10.1002/jbmr.62,2010.0,article,Journal of Bone and Mineral Research,Replication of previous genome-wide association studies of bone mineral density in premenopausal American women,False,proceed,True,False,False,False,True
3084214243,10.1177/0956797620970561,2021.0,article,Psychological Science,The Crowd-Emotion-Amplification Effect,False,discard,False,False,False,False,False
2040530630,10.1177/00222194020350060101,2002.0,article,Journal of Learning Disabilities,Students Classified as LD Who Received Course Substitutions for the College Foreign Language Requirement,False,proceed,False,False,True,False,False
2954062075,10.7554/elife.43578,2019.0,letter,eLife,Comment on 'AIRE-deficient patients harbor unique high-affinity disease-ameliorating autoantibodies',False,proceed,True,False,True,True,False
4387169938,10.3390/jintelligence11100190,2023.0,article,Journal of Intelligence,Judgments of Learning Following Retrieval Practice Produce Minimal Reactivity Effect on Learning of Education-Related Materials,False,proceed,True,False,False,False,True
4417050988,10.3390/clockssleep7040068,2025.0,article,Clocks & Sleep,Anticipation of Stress and Relaxation Dynamically Impacts Sleep,False,proceed,True,True,True,True,False
2964570991,10.1519/jsc.0000000000003304,2019.0,article,The Journal of Strength and Conditioning Research,Three DNA Polymorphisms Previously Identified as Markers for Handgrip Strength Are Associated With Strength in Weightlifters and Muscle Fiber Hypertrophy,False,proceed,True,True,True,False,False
1998995893,10.1901/jaba.1994.27-63,1994.0,article,Journal of Applied Behavior Analysis,EFFECTS OF RESPONSE CARDS ON STUDENT PARTICIPATION AND ACADEMIC ACHIEVEMENT: A SYSTEMATIC REPLICATION WITH INNER‐CITY STUDENTS DURING WHOLE‐CLASS SCIENCE INSTRUCTION,False,proceed,True,True,False,False,True
4391099063,10.3390/brainsci14010107,2024.0,article,Brain Sciences,Evidence for a Classical Dissociation between Face and Object Recognition in Developmental Prosopagnosia,False,proceed,True,True,True,True,False
2039566800,10.1038/oby.2008.470,2008.0,article,Obesity,The Q121 Variant of ENPP1 May Protect From Childhood Overweight/obesity in the Italian Population,False,proceed,True,False,True,False,False
1985519411,10.1044/2014_ajslp-13-0098,2014.0,article,American Journal of Speech-Language Pathology,Effect of Verb Network Strengthening Treatment (VNeST) in Persons With Aphasia: Extension and Replication of Previous Findings,False,proceed,True,True,False,False,True
2155099457,10.1192/bjp.bp.110.086991,2011.0,article,The British Journal of Psychiatry,"<i>MAOA</i>, abuse exposure and antisocial behaviour: 30-year longitudinal study",False,proceed,True,False,False,True,False
1781884737,10.1002/smi.2430,2012.0,article,Stress and Health,Effects of Chewing Gum on Stress and Health: A Replication and Investigation of Dose–Response,False,proceed,True,True,False,True,True
4391570064,10.31234/osf.io/68jft,2024.0,preprint,,Corruption and Hierarchy: A Replication of Studies 1c and 6 of Fath &amp;amp; Kay 2018,False,proceed,False,True,True,False,True
1979124585,10.1128/aac.49.6.2180-2188.2005,2005.0,article,Antimicrobial Agents and Chemotherapy,Are Transporter Genes Other than the Chloroquine Resistance Locus ( <i>pfcrt</i> ) and Multidrug Resistance Gene ( <i>pfmdr</i> ) Associated with Antimalarial Drug Resistance?,False,proceed,True,False,True,False,False
2996434871,10.1515/ijnes-2019-0061,2019.0,article,International Journal of Nursing Education Scholarship,"A, B, or C? A Quasi-experimental Multi-site Study Investigating Three Option Multiple Choice Questions",False,proceed,False,False,True,False,True
2071186202,10.1177/1073191111415365,2011.0,article,Assessment,Psychometric Assessment of the Mindful Attention Awareness Scale (MAAS) Among Chinese Adolescents,False,proceed,False,False,False,False,False
4412618800,10.1162/opmi.a.4,2025.0,article,Open Mind,"The Expanded Natural History of Song Discography, A Global Corpus of Vocal Music",False,proceed,False,True,True,False,True
2058816106,10.1111/j.2044-8341.1993.tb01764.x,1993.0,article,British Journal of Medical Psychology,Daily events and mood prior to the onset of respiratory illness episodes: A non‐replication of the 3–5 day ‘desirability dip’,False,proceed,True,True,True,True,True
4289528713,10.1098/rsos.202197,2022.0,article,Royal Society Open Science,Does competitive winning increase subsequent cheating?,False,proceed,True,True,True,True,False
2098092086,10.1101/lm.2269911,2011.0,article,Learning & Memory,Dorsal and ventral striatal protein synthesis inhibition affect reinforcer valuation but not the consolidation of instrumental learning,False,proceed,True,False,True,False,False
2012905838,10.1159/000117595,2008.0,article,Neuropsychobiology,Application of Cluster Analysis in the Classification of Depression,False,proceed,True,False,True,False,False
2165382854,10.1002/ajmg.10380,2002.0,article,American Journal of Medical Genetics,Apparent replication of suggestive linkage on chromosome 16 in the NIMH genetics initiative bipolar pedigrees,False,proceed,True,False,False,False,True
4319342311,10.1523/eneuro.0203-22.2023,2023.0,article,eNeuro,Long-Range α-Synchronization as Control Signal for BCI: A Feasibility Study,False,discard,False,False,False,False,False
2022051831,10.1177/0739986312446290,2012.0,article,Hispanic Journal of Behavioral Sciences,Psychometric Performance of a Novel Measure of Social Support Among Spanish-Speaking Immigrant Latino Gay Men,False,proceed,True,False,False,True,False
2037375068,10.2466/pms.1994.79.1.384,1994.0,article,Perceptual and Motor Skills,The Recognition Memory Test in the Assessment of Memory Impairment after Financially Compensable Mild Head Injury: A Replication,False,proceed,True,True,False,False,True
2085588983,10.1111/j.2044-8260.1998.tb01292.x,1998.0,article,British Journal of Clinical Psychology,Cognitive assessment of voices: Further developments in understanding the emotional impact of voices,False,proceed,True,True,True,False,False
4406034034,10.1111/jan.16738,2025.0,article,Journal of Advanced Nursing,The Nursing Staff's Understandings of Spiritual Care in an Oncology Clinic in 2003 and 2023: A Mixed Method Longitudinal Study,False,proceed,False,False,True,False,False
2031843185,10.1901/jaba.1979.12-211,1979.0,article,Journal of Applied Behavior Analysis,EFFECTS OF SELF‐INSTRUCTIONAL TRAINING ON SECOND‐ AND THIRD‐GRADE HYPERACTIVE CHILDREN: A FAILURE TO REPUCATE,False,proceed,True,False,False,True,False
2108187890,10.1017/s0033291707001511,2007.0,article,Psychological Medicine,"Effectiveness of cognitive-behavioural, person-centred, and psychodynamic therapies in UK primary-care routine practice: replication in a larger sample",False,proceed,True,True,True,False,True
2108617132,10.1191/1362168803lr127oa,2003.0,article,Language Teaching Research,"L2 output, reformulation and noticing: Implications for IL development",False,proceed,False,False,True,False,True
2161643691,10.1101/lm.1896010,2010.0,article,Learning & Memory,What makes recognition without awareness appear to be elusive? Strategic factors that influence the accuracy of guesses,False,proceed,True,False,True,True,False
4394844369,10.1177/19485506241244547,2024.0,article,Social Psychological and Personality Science,Target Weight and Gender Moderate Anti-Black Bias in Pain Perception,False,discard,False,False,False,False,False
4323666946,10.3389/fpsyg.2023.1130632,2023.0,article,Frontiers in Psychology,Food sharing with friends and acquaintances: A study in preschool boys and girls,False,proceed,True,True,True,True,False
2889119551,10.1111/ejn.14137,2018.0,article,European Journal of Neuroscience,Enhanced motivation of cognitive control in Parkinson's disease,False,proceed,False,True,True,False,False
2132143717,10.1136/jmg.2008.062992,2009.0,article,Journal of Medical Genetics,Replication of restless legs syndrome loci in three European populations,False,proceed,True,False,True,False,True
4386859817,10.1155/2023/8898498,2023.0,article,Journal of Obesity,Delay Discounting and the Income-Food Insecurity-Obesity Paradox in Mothers,False,proceed,True,False,False,False,False
4385157346,10.1002/aepp.13393,2023.0,article,Applied Economic Perspectives and Policy,A new look at agricultural fires and health: A replication of Rangel and Vogl (2019),False,proceed,True,True,True,False,True
4205821635,10.1093/oncolo/oyab021,2022.0,article,The Oncologist,Physician Perceptions of the FDA’s Breakthrough Therapy Designation: An Update,False,proceed,True,False,True,False,False
4313318722,10.1371/journal.pone.0279686,2022.0,article,PLoS ONE,Color diversity judgments in peripheral vision: Evidence against “cost-free” representations,False,proceed,True,False,False,False,False
2012740961,10.1101/lm.493707,2007.0,article,Learning & Memory,Contextual-specificity of short-delay extinction in humans: Renewal of fear-potentiated startle in a virtual environment,False,proceed,True,False,False,True,False
2047855424,10.1901/jaba.1994.27-179,1994.0,article,Journal of Applied Behavior Analysis,"EFFECTS OF ACTIVE STUDENT RESPONSE DURING ERROR CORRECTION ON THE ACQUISITION, MAINTENANCE, AND GENERALIZATION OF SCIENCE VOCABULARY BY ELEMENTARY STUDENTS: A SYSTEMATIC REPLICATION",False,proceed,True,True,False,False,True
2969384995,10.1002/sim.8215,2019.0,article,Statistics in Medicine,A plea to stop using the case‐control design in retrospective database studies,False,proceed,True,True,True,True,False
4391032617,10.1177/15480518241227660,2024.0,article,Journal of Leadership & Organizational Studies,Leader Group Prototypicality: A Replication of Average Member Versus Ideal-Type Operationalization Effects,False,proceed,True,True,False,False,True
1559414730,10.1002/mds.26292,2015.0,article,Movement Disorders,Global cognitive scores do not predict outcome after subthalamic nucleus deep brain stimulation,False,proceed,True,False,True,True,False
2020250684,10.1002/ajmg.b.31031,2009.0,article,American Journal of Medical Genetics Part B Neuropsychiatric Genetics,The effect of smoking on <i>MAOA</i> promoter methylation in DNA prepared from lymphoblasts and whole blood,False,proceed,True,True,True,False,False
2758879064,10.1111/bjdp.12216,2017.0,article,British Journal of Developmental Psychology,"Social, cognitive, and physiological aspects of humour perception from 4 to 8 months: Two longitudinal studies",False,proceed,True,False,True,False,False
2792506851,10.1111/jcmm.13498,2018.0,article,Journal of Cellular and Molecular Medicine,Association of <i>NRG1</i> and <i>AUTS2</i> genetic polymorphisms with Hirschsprung disease in a South Chinese population,False,proceed,False,False,True,False,False
2103129429,10.1158/1055-9965.epi-08-1223,2009.0,article,Cancer Epidemiology Biomarkers & Prevention,Genetic Variants and Prostate Cancer Risk: Candidate Replication and Exploration of Viral Restriction Genes,False,proceed,True,True,True,False,True
2042059267,10.1002/ajmg.b.31044,2009.0,article,American Journal of Medical Genetics Part B Neuropsychiatric Genetics,Do 5HTTLPR and stress interact in risk for depression and suicidality? Item response analyses of a large sample,False,proceed,False,False,False,True,False
4378528430,10.3390/brainsci13060863,2023.0,article,Brain Sciences,"An Experimental Study on Sarcasm Comprehension in School Children: The Possible Role of Contextual, Linguistics and Meta-Representative Factors",False,discard,False,True,True,False,False
4406956628,10.1177/10870547251314924,2025.0,article,Journal of Attention Disorders,Avoidant Automatic Thoughts Are Associated With Task Avoidance and Inattention in the Moment: Replication in a Community Sample,False,proceed,True,True,True,False,True
2001858347,10.1111/j.1468-1331.2012.03879.x,2012.0,article,European Journal of Neurology,Association of <scp>C</scp>hr17q25 with cerebral white matter hyperintensities and cognitive impairment: the <scp>J</scp>‐<scp>SHIPP</scp> study,False,proceed,True,False,True,False,False
3133928522,10.3390/e23030304,2021.0,article,Entropy,Increased Neural Efficiency in Visual Word Recognition: Evidence from Alterations in Event-Related Potentials and Multiscale Entropy,False,proceed,True,False,True,False,False
2760198003,10.1097/nna.0000000000000521,2017.0,article,JONA The Journal of Nursing Administration,Effect of the Salary Model on Sustainability of a Professional Practice Environment,False,proceed,True,True,True,False,False
1986575193,10.1111/j.1741-3737.2006.00343.x,2007.0,article,Journal of Marriage and the Family,Generalizability of Gottman and Colleagues’ Affective Process Models of Couples’ Relationship Outcomes,False,proceed,True,False,False,True,False
3157062612,10.3389/fpsyt.2021.668152,2021.0,article,Frontiers in Psychiatry,Paranoia and Grandiosity in the General Population: Differential Associations With Putative Causal Factors,False,proceed,True,False,True,False,False
4310030267,10.1017/s1366728922000748,2022.0,article,Bilingualism Language and Cognition,The contributions of proficiency and semantics to the bilingual sentence superiority effect,False,proceed,True,False,True,False,False
1963619020,10.1161/circgenetics.108.819326,2009.0,article,Circulation Cardiovascular Genetics,Association and Functional Analyses of <i>MEF2A</i> as a Susceptibility Gene for Premature Myocardial Infarction and Coronary Artery Disease,False,proceed,True,False,True,False,False
2992538866,10.1177/1747021819895472,2019.0,article,Quarterly Journal of Experimental Psychology,Testing the interhemispheric deficit theory of dyslexia using the visual half-field technique,False,proceed,True,False,False,True,False
2108332659,10.1111/j.1469-7610.2011.02452.x,2011.0,article,Journal of Child Psychology and Psychiatry,Gene by environment interactions influencing reading disability and the inattentive symptom dimension of attention deficit/hyperactivity disorder,False,proceed,True,False,True,False,False
2122401004,10.1017/s0272263109990027,2009.0,article,Studies in Second Language Acquisition,MORE ON THE EFFECTS OF EXPLICIT INFORMATION IN INSTRUCTED SLA,False,proceed,True,True,True,False,True
3002970352,10.1002/jaba.679,2020.0,article,Journal of Applied Behavior Analysis,Preference for leisure items over edible items in individuals with dementia: A replication,False,proceed,False,True,True,False,True
7122698687,10.1186/s41235-025-00703-9,2026.0,article,Cognitive Research Principles and Implications,Flexible use of quorum and numerosity principles in evaluation of social and non-social cues in group contexts,False,proceed,True,True,True,False,True
2162574964,10.1142/s0218194011005335,2011.0,article,International Journal of Software Engineering and Knowledge Engineering,UNCERTAIN CONTEXT FACTORS IN ERP PROJECT ESTIMATION ARE AN ASSET: INSIGHTS FROM A SEMI-REPLICATION CASE STUDY IN A FINANCIAL SERVICES FIRM,False,proceed,True,False,True,False,True
4312703663,10.2196/38066,2022.0,article,Journal of Medical Internet Research,Smartphone Keyboard Interaction Monitoring as an Unobtrusive Method to Approximate Rest-Activity Patterns: Experience Sampling Study Investigating Interindividual and Metric-Specific Variations,False,proceed,False,True,True,True,False
4366350975,10.1111/desc.13399,2023.0,article,Developmental Science,Vocabulary and automatic attention: The relation between novel words and gaze dynamics in noun generalization,False,proceed,True,True,True,False,False
4416293121,10.1371/journal.pone.0332478,2025.0,article,PLoS ONE,Impact of processing and analysis methodology on thalamic susceptibility assessment in multiple sclerosis,False,proceed,True,True,True,False,True
2909356046,10.3390/bs9010010,2019.0,article,Behavioral Sciences,Perceptions of Change after a Trauma and Perceived Posttraumatic Growth: A Prospective Examination,False,proceed,True,False,True,True,False
2055006143,10.1111/jcpe.12375,2015.0,article,Journal Of Clinical Periodontology,Replication of the association of <scp>GLT</scp>6<scp>D</scp>1 with aggressive periodontitis in a <scp>S</scp>udanese population,False,proceed,True,True,False,False,True
2892439144,10.1098/rsbl.2018.0499,2018.0,article,Biology Letters,Comparing chimpanzees' preparatory responses to known and unknown future outcomes,False,proceed,True,False,True,False,False
2060900150,10.1080/17470210903121655,2009.0,article,Quarterly Journal of Experimental Psychology,Perceptual simulations and linguistic representations have differential effects on speeded relatedness judgements and recognition memory,False,proceed,True,False,True,False,False
3030692525,10.1098/rsos.190808,2020.0,article,Royal Society Open Science,Replicating different roles of intent across moral domains,False,proceed,True,True,True,True,True
3031192800,10.3758/s13421-020-01043-3,2020.0,article,Memory & Cognition,Cognitive aging and verbal labeling in continuous visual memory,False,proceed,True,False,True,False,False
4400138809,10.1111/jar.13268,2024.0,article,Journal of Applied Research in Intellectual Disabilities,‘Key skills’ building in schools as a possible approach to reducing and preventing challenging behaviour,False,proceed,False,False,True,False,False
4409159961,10.1371/journal.pone.0313726,2025.0,article,PLoS ONE,The effect of deferring feedback on rule-based and information-integration category learning,False,proceed,True,True,True,False,False
3184870753,10.1111/jofi.13063,2021.0,article,The Journal of Finance,Risk Management in Financial Institutions: A Replication,False,proceed,True,True,False,False,True
1973118694,10.1002/hbm.20283,2006.0,article,Human Brain Mapping,Abnormal activation of the social brain during face perception in autism,False,proceed,True,True,True,False,False
4409745240,10.1002/jaba.70012,2025.0,article,Journal of Applied Behavior Analysis,Toward cross‐disciplinary translation of the testing effect: A systematic replication,False,proceed,False,True,True,True,True
4280549505,10.1111/cogs.13141,2022.0,article,Cognitive Science,Verb Metaphoric Extension Under Semantic Strain,False,discard,False,False,True,False,False
4408884949,10.1111/jan.16929,2025.0,article,Journal of Advanced Nursing,Difficulties Associated With Spiritual Care According to the Nursing Staff at an Oncology Clinic: A 20‐Year Longitudinal Mixed Method Case Study,False,proceed,True,False,False,False,False
2132482206,10.1111/gbb.12254,2015.0,review,Genes Brain & Behavior,Replication of <i><scp>ZNF804A</scp></i> gene variant associations with risk of heroin addiction,False,proceed,True,True,True,False,True
1819440429,10.1111/jabr.12029,2015.0,article,Journal of Applied Biobehavioral Research,<i>In Situ</i> Methodology for Studying State Driver Stress: A Between‐Subjects Design Replication,False,proceed,True,False,True,False,True
2004621788,10.1111/j.1944-9720.2004.tb02174.x,2004.0,article,Foreign Language Annals,Examining the Effect of Feedback in Beginning L2 Composition,False,proceed,True,False,False,False,False
1530786050,10.3233/jad-140225,2014.0,article,Journal of Alzheimer s Disease,Lack of Genetic Association Between <i>TREM2</i> and Late-Onset Alzheimer's Disease in a Japanese Population,False,proceed,False,False,True,False,False
2116713707,10.1002/ajmg.b.30671,2007.0,article,American Journal of Medical Genetics Part B Neuropsychiatric Genetics,"Two methylenetetrahydrofolate reductase gene (<i>MTHFR</i>) polymorphisms, schizophrenia and bipolar disorder: An association study",False,proceed,False,True,True,False,False
4402170727,10.3390/brainsci14090895,2024.0,article,Brain Sciences,Transcranial Magnetic Stimulation Facilitates Neural Speech Decoding,False,proceed,False,False,True,False,False
2137334146,10.1044/jshr.3704.841,1994.0,article,Journal of Speech Language and Hearing Research,Facilitating Prelinguistic Communication Skills in Young Children With Developmental Delay II,False,proceed,True,False,False,False,False
2053632591,10.1177/1091142114537891,2014.0,article,Public Finance Review,A Replication of “Dividend Taxes and Implied Cost of Equity Capital” ( <i>Journal of Accounting Research</i> 2005),False,proceed,True,False,False,False,True
1978166028,10.1101/lm.94105,2005.0,article,Learning & Memory,Cognitive performance is highly sensitive to prior experience in mice with a learning and memory deficit: Failure leads to more failure,False,proceed,True,False,True,False,False
2611033029,10.3928/01484834-20170421-06,2017.0,article,Journal of Nursing Education,Physical Assessment Techniques in Nursing Education: A Replicated Study,False,proceed,True,True,False,False,True
2142155452,10.2337/diabetes.53.11.3020,2004.0,article,Diabetes,"Replication of an Association Between the Lymphoid Tyrosine Phosphatase Locus (<i>LYP/PTPN22</i>) With Type 1 Diabetes, and Evidence for Its Role as a General Autoimmunity Locus",False,proceed,True,True,True,False,True
1972486906,10.1901/jeab.2003.80-261,2003.0,article,Journal of the Experimental Analysis of Behavior,"AROUSAL, CHANGEOVER RESPONSES, AND PREFERENCE IN CONCURRENT SCHEDULES",False,proceed,True,False,False,False,False
4389339510,10.3389/fnins.2023.1267611,2023.0,article,Frontiers in Neuroscience,Cross-validation of the ego dissolution scale: implications for studying psychedelics,False,proceed,True,False,True,False,False
3191044343,10.1371/journal.pone.0255583,2021.0,article,PLoS ONE,"Racial, ethnic, and gender differences in obesity and body fat distribution: An All of Us Research Program demonstration project",False,proceed,False,True,True,False,False
4406431757,10.3389/fpsyg.2024.1472489,2025.0,article,Frontiers in Psychology,Setting the tone: crossmodal emotional face-voice combinations in continuous flash suppression,False,proceed,True,True,True,False,False
4385971112,10.1101/2023.08.16.553472,2023.0,preprint,bioRxiv (Cold Spring Harbor Laboratory),Replication and Refinement of Brain Age Model for adolescent development,False,proceed,True,True,True,False,True
4303199318,10.1007/s42761-022-00145-2,2022.0,article,Affective Science,Blinded by and Stuck in Negative Emotions: Is Psychological Inflexibility Across Different Domains Related?,False,proceed,True,True,True,False,False
2492247985,10.1002/mds.26732,2016.0,article,Movement Disorders,Stop‐related subthalamic beta activity indexes global motor suppression in Parkinson's disease,False,proceed,False,False,False,False,False
3001388718,10.1038/s41598-020-57934-7,2020.0,article,Scientific Reports,Effects of verbal instructions and physical threat removal prior to extinction training on the return of conditioned fear,False,proceed,True,False,True,False,False
2568163371,10.1523/jneurosci.2827-16.2016,2017.0,article,Journal of Neuroscience,Dopamine Modulates the Functional Organization of the Orbitofrontal Cortex,False,discard,False,False,True,False,False
4210582215,10.1523/eneuro.0430-21.2022,2022.0,article,eNeuro,Custom-Built Operant Conditioning Setup for Calcium Imaging and Cognitive Testing in Freely Moving Mice,False,proceed,True,True,True,False,False
4310707205,10.1111/bjso.12612,2022.0,article,British Journal of Social Psychology,Challenges of measuring empathic accuracy: A mentalizing versus experience‐sharing paradigm,False,proceed,True,False,True,False,True
2762768675,10.1002/aur.1857,2017.0,article,Autism Research,Genetic background effects in Neuroligin‐3 mutant mice: Minimal behavioral abnormalities on C57 background,False,proceed,True,True,True,False,False
2162351615,10.1186/ar4504,2014.0,review,Arthritis Research & Therapy,Lack of validation of genetic variants associated with anti–tumor necrosis factor therapy response in rheumatoid arthritis: a genome-wide association study replication and meta-analysis,False,proceed,True,True,False,True,True
4386714370,10.3389/fpsyt.2023.1238473,2023.0,article,Frontiers in Psychiatry,When practice does not make a perfect - paradoxical learning curve in schizophrenia and bipolar disorder revealed by different serial reaction time task variants,False,proceed,True,False,False,False,False
4408395537,10.1162/jocn_a_02320,2025.0,article,Journal of Cognitive Neuroscience,The Role of Syntactic and Semantic Cues in Preventing Temporary Illusions of Plausibility,False,proceed,True,True,True,False,True
4405220932,10.1098/rsos.241120,2024.0,article,Royal Society Open Science,Replicating the ‘seductive allure of neuroscience explanations’ effect in a classroom experiment and an online study,False,proceed,True,False,False,True,True
4292506200,10.3390/brainsci12081061,2022.0,article,Brain Sciences,Doing Experimental Psychological Research from Remote: How Alerting Differently Impacts Online vs. Lab Setting,False,proceed,True,False,True,False,False
4408417638,10.3389/fnbeh.2025.1555081,2025.0,article,Frontiers in Behavioral Neuroscience,The rhythm of memory. Does theta frequency audio/visual flicker improve recall?,False,proceed,True,True,True,True,False
4406307812,10.1111/bjop.12767,2025.0,article,British Journal of Psychology,New evidence finds young people in Mainland China are now bicultural,False,proceed,True,False,True,False,False
2801682832,10.1515/iss-2017-0040,2018.0,article,Innovative Surgical Sciences,Reproducibility of preoperative endoscopic injection of botulinum toxin into the sphincter of Oddi to prevent postoperative pancreatic fistula,False,proceed,True,False,False,False,True
2115262039,10.1136/jmg.35.12.1034,1998.0,article,Journal of Medical Genetics,The butyrylcholinesterase K variant and susceptibility to Alzheimer's disease.,False,proceed,True,True,True,True,False
2255788783,10.1177/1091142114553785,2014.0,article,Public Finance Review,"A Replication of “The Political Determinants of Federal Expenditure at the State Level” (Public Choice, 2005)",False,proceed,True,False,True,False,True
2330709596,10.1080/17470218.2016.1165264,2016.0,article,Quarterly Journal of Experimental Psychology,Distributional analysis of semantic interference in picture naming,False,proceed,True,True,True,False,False
3033642885,10.2196/18963,2020.0,article,JMIR Medical Informatics,Predicting Current Glycated Hemoglobin Levels in Adults From Electronic Health Records: Validation of Multiple Logistic Regression Algorithm,False,proceed,True,True,True,False,False
4378232441,10.3389/fonc.2023.1139347,2023.0,article,Frontiers in Oncology,Replication of genetic associations of chemotherapy-related cardiotoxicity in the adjuvant NSABP B-31 clinical trial,False,proceed,True,False,False,True,True
4310601442,10.3758/s13414-022-02625-w,2022.0,article,Attention Perception & Psychophysics,"Chunking, boosting, or offloading? Using serial position to investigate long-term memory's enhancement of verbal working memory performance",False,proceed,False,True,True,False,False
4407385768,10.3390/brainsci15020176,2025.0,article,Brain Sciences,Neurostimulation and Sense of Agency: Three tDCS Experiments on the Modulation of Intentional Binding,False,proceed,True,False,True,True,False
2090726979,10.1002/eat.20444,2007.0,article,International Journal of Eating Disorders,The tripartite influence model of body image and eating disturbance: A replication with a Japanese sample,False,proceed,True,True,False,False,True
4310984694,10.1093/psyrad/kkac020,2022.0,article,Psychoradiology,Associations between levels of Internet Gaming Disorder symptoms and striatal morphology–replication and associations with social anxiety,False,proceed,True,False,False,False,True
2770497909,10.1111/jsr.12644,2017.0,article,Journal of Sleep Research,Elevated perseveration errors on a verbal fluency task in frequent nightmare recallers: a replication,False,proceed,True,True,False,False,True
2149160772,10.1098/rspb.2009.1765,2009.0,article,Proceedings of the Royal Society B Biological Sciences,"Grapheme-colour synaesthesia improves detection of embedded shapes, but without pre-attentive ‘pop-out’ of synaesthetic colour",False,proceed,True,False,False,True,False
2148594205,10.2466/pr0.2002.91.2.671,2002.0,article,Psychological Reports,Homosexual Partnerships and Homosexual Longevity: A Replication,False,proceed,False,True,False,False,True
2106637730,10.1901/jeab.1975.24-191,1975.0,article,Journal of the Experimental Analysis of Behavior,PERFORMANCE IN CONCURRENT INTERVAL SCHEDULES: A SYSTEMATIC REPLICATION<sup>1</sup>,False,proceed,True,True,False,False,True
2921911267,10.1017/s0954579419000166,2019.0,article,Development and Psychopathology,Attention bias to reward predicts behavioral problems and moderates early risk to externalizing and attention problems,False,proceed,True,False,True,False,False
4411523010,10.1145/3728983,2025.0,article,Proceedings of the ACM on software engineering.,Gamifying Testing in IntelliJ: A Replicability Study,False,proceed,True,True,True,True,True
2071283231,10.1159/000079976,2004.0,article,Neuropsychobiology,"Replication Test for Association of the IL-1 Receptor Antagonist Gene, IL1RN, with Attention-Deficit/Hyperactivity Disorder",False,proceed,True,True,True,False,True
2799762029,10.1042/bsr20171688,2018.0,article,Bioscience Reports,The intragenic epistatic association of <i>ADD3</i> with biliary atresia in Southern Han Chinese population,False,proceed,True,False,True,True,False
4296839831,10.3389/fpsyg.2022.1019272,2022.0,article,Frontiers in Psychology,To see or not to see (again): Dealbreakers and dealmakers in relation to social inclusion,False,proceed,True,False,True,False,False
2158965732,10.1002/elps.201100128,2011.0,article,Electrophoresis,Confirmation that SNPs in the high mobility group‐A2 gene (<i>HMGA2</i>) are associated with adult height in the Japanese population; wide‐ranging population survey of height‐related SNPs in <i>HMGA2</i>,False,proceed,True,False,True,False,False
2025232829,10.1901/jaba.2000.33-239,2000.0,article,Journal of Applied Behavior Analysis,USING POSITIVE PEER REPORTING TO IMPROVE THE SOCIAL INTERACTIONS AND ACCEPTANCE OF SOCIALLY ISOLATED ADOLESCENTS IN RESIDENTIAL CARE: A SYSTEMATIC REPLICATION,False,proceed,True,True,False,False,True
4315498165,10.36903/physiome.21714863.v1,2023.0,article,Physiome,Reproducibility Study for a Computational Model of the Neurovascular Coupling Unit,False,proceed,True,False,False,False,True
4286632130,10.3390/metabo12070624,2022.0,article,Metabolites,Crosstalk between Host Genome and Metabolome among People with HIV in South Africa,False,proceed,False,False,True,False,False
3047366018,10.1093/texcom/tgaa045,2020.0,article,Cerebral Cortex Communications,Modulation of the Earliest Component of the Human VEP by Spatial Attention: An Investigation of Task Demands,False,proceed,False,False,True,False,False
4297464433,10.3390/biology11101417,2022.0,article,Biology,Polymorphisms in ARNTL/BMAL1 and CLOCK Are Not Associated with Multiple Sclerosis in Spanish Population,False,proceed,True,False,False,True,False
3189522061,10.1093/texcom/tgab050,2021.0,article,Cerebral Cortex Communications,Cerebellar Dentate Connectivity across Adulthood: A Large-Scale Resting State Functional Connectivity Investigation,False,proceed,True,False,True,False,False
1910971576,10.1002/acp.2974,2013.0,article,Applied Cognitive Psychology,The Verifiability Approach: Countermeasures Facilitate its Ability to Discriminate Between Truths and Lies,False,proceed,True,True,True,False,False
2884318343,10.1177/0956797619831612,2019.0,article,Psychological Science,How Replicable Are Links Between Personality Traits and Consequential Life Outcomes? The Life Outcomes of Personality Replication Project,False,proceed,False,True,True,False,True
1967225005,10.1901/jaba.1975.8-287,1975.0,article,Journal of Applied Behavior Analysis,REPLICATION OF THE ACHIEVEMENT PLACE MODEL IN CALIFORNIA1,False,proceed,False,True,False,True,True
2037896297,10.1111/j.1365-2648.1987.tb01317.x,1987.0,article,Journal of Advanced Nursing,Perceptions of self‐care in East Germany: a cross‐cultural empirical investigation,False,proceed,False,False,False,False,False
2135653259,10.1111/j.1467-1770.1996.tb01354.x,1996.0,article,Language Learning,The Differential Role of Comprehension and Production Practice,False,proceed,True,False,False,False,True
2962759486,10.1111/1460-6984.12493,2019.0,article,International Journal of Language & Communication Disorders,Reliability and stability of the metrical stress effect on segmental production accuracy in persons with apraxia of speech,False,proceed,True,False,False,False,True
2118035337,10.1515/jbnst-2014-0504,2014.0,article,Jahrbücher für Nationalökonomie und Statistik,Comment on ‘‘Unemployment Compensation and Wages: Evidence from the German Hartz Reforms’’ by Stefan Arent and Wolfgang Nagl,False,proceed,True,True,True,False,False
4297338470,10.3758/s13423-022-02182-1,2022.0,article,Psychonomic Bulletin & Review,Object memory is multisensory: Task-irrelevant sounds improve recollection,False,proceed,True,False,False,False,False
1973294949,10.1159/000049331,2001.0,article,Psychopathology,Stability of Memories of Parental Rearing among Psychiatric Inpatients: A Replication Based on EMBU Subscales,False,proceed,True,True,False,False,True
3018465724,10.1523/eneuro.0332-19.2020,2020.0,article,eNeuro,Early Restoration of<i>Shank3</i>Expression in<i>Shank3</i>Knock-Out Mice Prevents Core ASD-Like Behavioral Phenotypes,False,proceed,True,False,True,False,False
4307704623,10.3389/fpsyg.2022.994448,2022.0,article,Frontiers in Psychology,Law abidance leadership education for university students in Hong Kong: Post-lecture evaluation,False,proceed,False,False,True,False,False
4225785166,10.1098/rsos.210056,2022.0,article,Royal Society Open Science,The role of state and trait anxiety in the processing of facial expressions of emotion,False,proceed,True,False,False,False,False
2792618863,10.1017/gheg.2017.17,2018.0,article,Global Health,Novel polymorphisms in <i>TICAM2</i> and <i>NOD1</i> associated with tuberculosis progression phenotypes in Ethiopian populations,False,proceed,True,False,True,True,False
2081790533,10.1192/bjp.179.1.46,2001.0,article,The British Journal of Psychiatry,"Family history, place and season of birth as risk factors for schizophrenia in Denmark: A replication and reanalysis",False,proceed,True,True,True,False,True
2992864415,10.1002/jeab.567,2019.0,article,Journal of the Experimental Analysis of Behavior,A preliminary evaluation of treatment duration on the resurgence of destructive behavior,False,proceed,True,False,True,True,False
2811346687,10.1111/sjop.12462,2018.0,article,Scandinavian Journal of Psychology,Errors on a computer task and subclinical symptoms of attention‐deficit/hyperactivity disorder (<scp>ADHD</scp>),False,proceed,True,True,True,True,False
2230500913,10.1002/ajmg.b.10761,2002.0,article,American Journal of Medical Genetics Part B Neuropsychiatric Genetics,Familial aggregation of psychotic symptoms in a replication set of 69 bipolar disorder pedigrees,False,proceed,True,True,True,False,True
2045167314,10.1002/ajmg.b.30056,2004.0,article,American Journal of Medical Genetics Part B Neuropsychiatric Genetics,Non‐replication of the brain‐derived neurotrophic factor (BDNF) association in bipolar affective disorder: A Belgian patient‐control study,False,proceed,True,True,True,True,True
4244208352,10.31234/osf.io/mtsx8,2018.0,preprint,,Are sex differences in preferences for physical attractiveness and good earning capacity in potential mates smaller in countries with greater gender equality?,False,proceed,False,False,True,True,False
4394931126,10.3389/fphar.2024.1391412,2024.0,article,Frontiers in Pharmacology,"Effects of psilocybin, psychedelic mushroom extract and 5-hydroxytryptophan on brain immediate early gene expression: Interaction with serotonergic receptor modulators",False,discard,False,True,True,False,False
4210982658,10.1371/journal.pone.0263879,2022.0,article,PLoS ONE,The real-time status of strong and weak islands,False,proceed,True,True,True,False,True
1973122849,10.1002/ana.410280508,1990.0,article,Annals of Neurology,Mild senile dementia of the Alzheimer type: 3. Longitudinal and cross‐sectional assessment,False,proceed,True,True,True,False,False
1969709729,10.1111/j.1365-2648.1989.tb01484.x,1989.0,article,Journal of Advanced Nursing,Perceptions of self‐care in Sweden: a cross‐cultural replication,False,proceed,True,False,False,True,True
2146483322,10.1017/s0261444808005442,2008.0,article,Language Teaching,Negotiated interaction in the L2 classroom,False,proceed,True,True,True,False,True
2073746033,10.1901/jaba.1993.26-461,1993.0,article,Journal of Applied Behavior Analysis,AN APPOINTMENT‐KEEPING IMPROVEMENT PACKAGE FOR OUTPATIENT PEDIATRICS: SYSTEMATIC REPLICATION AND COMPONENT ANALYSIS,False,proceed,True,True,False,False,True
4308719983,10.3390/nu14224721,2022.0,article,Nutrients,Predicting Factors for Metabolic Non-Response to a Complex Lifestyle Intervention—A Replication Analysis to a Randomized-Controlled Trial,False,proceed,True,False,True,True,True
4417312499,10.3389/fncel.2025.1681881,2025.0,article,Frontiers in Cellular Neuroscience,Single-nucleus RNA-seq reveals no increase in T cells in Alzheimer’s disease prefrontal cortex or hippocampus,False,proceed,True,True,True,False,False
4405694023,10.3389/fnhum.2024.1482052,2024.0,article,Frontiers in Human Neuroscience,The impact of typological similarities and differences between German and Italian on the acquisition of language-specific phonetic cues in bilingual children: insights from the T-complex,False,discard,False,False,False,False,False
4389675504,10.1515/phon-2023-0012,2023.0,article,Phonetica,Do letters matter? The influence of spelling on acoustic duration,False,proceed,False,False,False,False,True
2016990961,10.1523/jneurosci.4000-14.2015,2015.0,article,Journal of Neuroscience,Input-Gain Control Produces Feature-Specific Surround Suppression,False,proceed,True,True,True,False,False
4309588437,10.3390/ijerph192315430,2022.0,article,International Journal of Environmental Research and Public Health,No Motor Costs of Physical Education with Eduball,False,proceed,False,False,True,False,False
2031651620,10.3899/jrheum.110199,2011.0,article,The Journal of Rheumatology,Evaluation of 19 Autoimmune Disease-associated Loci with Rheumatoid Arthritis in a Colombian Population: Evidence for Replication and Gene-Gene Interaction,False,proceed,True,True,True,False,True
3202188958,10.1093/texcom/tgab057,2021.0,article,Cerebral Cortex Communications,Brain Activity During Antisaccades to Faces in Adolescence,False,proceed,False,False,True,False,False
4387372288,10.1186/s13075-023-03180-x,2023.0,review,Arthritis Research & Therapy,"Assessment of anti-malondialdehyde-acetaldehyde antibody frequencies in rheumatoid arthritis with new data from two independent cohorts, meta-analysis, and meta-regression",False,proceed,True,False,True,True,False
2085514111,10.1159/000063828,2002.0,article,Psychopathology,Replication of a Two-Factor Model of the Beck Depression Inventory in Alcohol Dependents and Suicide Attempters,False,proceed,False,True,False,True,True
3008252077,10.1002/hbm.24946,2020.0,article,Human Brain Mapping,Brain responses to human‐voice processing predict child development and intelligence,False,proceed,False,False,True,False,False
4296425530,10.1098/rsos.220594,2022.0,article,Royal Society Open Science,The valence-dominance model applies to body perception,False,proceed,True,False,False,False,True
4401153364,10.1177/17470218241269272,2024.0,article,Quarterly Journal of Experimental Psychology,The “good is up” metaphoric effects on recognition: True for source guessing but false for item memory,False,proceed,True,True,True,False,False
2147916148,10.1111/joor.12280,2015.0,article,Journal of Oral Rehabilitation,Gagging Problem Assessment: a re‐evaluation,False,proceed,True,False,True,False,False
2073995021,10.1177/1073191102238150,2002.0,article,Assessment,A Factor Structure for the MMPI-A,False,proceed,True,False,False,True,False
2006182073,10.1044/1092-4388(2009/07-0012),2009.0,article,Journal of Speech Language and Hearing Research,Inferencing Processes After Right Hemisphere Brain Damage: Maintenance of Inferences,False,proceed,True,False,True,False,False
4409542817,10.7554/elife.83865,2024.0,article,eLife,"Modulation of brain signal variability in visual cortex reflects aging, GABA, and behavior",False,proceed,False,True,True,False,False
2051960751,10.1111/j.1365-2788.2005.00742.x,2005.0,article,Journal of Intellectual Disability Research,Cross‐cultural study of person‐centred quality of life domains and indicators: a replication,False,proceed,True,True,True,False,True
2056099843,10.2466/pr0.104.2.500-508,2009.0,article,Psychological Reports,The Moderating Role of Personal Relevance on Differential Priming of Anxiety and Sadness on Perceived Travel Risk: A Replication,False,proceed,True,True,True,False,True
2099052273,10.1017/s0033291700032864,1992.0,article,Psychological Medicine,A psychometric analysis of the Mental Adjustment to Cancer Scale,False,proceed,True,True,True,False,True
2037396285,10.2466/pms.1994.79.3f.1499,1994.0,article,Perceptual and Motor Skills,Forced Single-Nostril Breathing and Cognition,False,proceed,False,False,True,False,True
2015112080,10.1191/0265532206lt332oa,2006.0,article,Language Testing,"Investigating the relative effects of persons, items, sections, and languages on TOEIC score dependability",False,proceed,True,False,True,False,False
4411061833,10.1128/jvi.02160-24,2025.0,article,Journal of Virology,"Inherited chromosomally integrated human herpesvirus 6: regional variation in prevalence, association with angina, and identification of ancestral viral lineages in two large UK studies",False,proceed,True,False,True,False,False
4403661080,10.3389/fnagi.2024.1433426,2024.0,article,Frontiers in Aging Neuroscience,Longitudinal accelerated brain age in mild cognitive impairment and Alzheimer’s disease,False,discard,False,True,True,False,False
2914086906,10.1002/jae.2695,2019.0,article,Journal of Applied Econometrics,Bubbles and crises: Replicating the Anundsen et al. (2016) results,False,proceed,True,True,False,False,True
2330980526,10.2466/pms.1989.68.1.157,1989.0,article,Perceptual and Motor Skills,A Possible Proximity Effect on Human Grip Strength: An Attempted Replication,False,proceed,True,True,False,False,True
2583322683,10.1017/s136672891500067x,2015.0,article,Bilingualism Language and Cognition,The time course of cross-language activation in deaf ASL–English bilinguals,False,proceed,False,True,True,False,False
4317479653,10.1177/17470218231153974,2023.0,article,Quarterly Journal of Experimental Psychology,Mental representation of equivalence and order,False,discard,False,False,True,False,False
4401856492,10.1093/ije/dyae110,2024.0,article,International Journal of Epidemiology,"Disentangling discordant vitamin D associations with prostate cancer incidence and fatality in a large, nested case–control study",False,proceed,True,False,True,False,False
3217673169,10.5195/jmla.2021.1220,2021.0,article,Journal of the Medical Library Association JMLA,The publication fate of abstracts presented at the Medical Library Association conferences,False,proceed,True,True,True,False,False
4364351798,10.1371/journal.pone.0284035,2023.0,article,PLoS ONE,Antecedents of the red-romance effect: Men’s attractiveness and women’s fertility,False,proceed,True,True,True,False,False
2004054144,10.1111/iji.12151,2014.0,article,International Journal of Immunogenetics,<i><scp>HLA</scp>‐<scp>DRA</scp></i> is associated with <scp>P</scp>arkinson's disease in <scp>I</scp>ranian population,False,proceed,False,False,True,False,False
3190711721,10.1371/journal.pone.0255484,2021.0,article,PLoS ONE,"Perceived food palatability, blood glucose level and future discounting: Lack of evidence for blood glucose level’s impact on reward discounting",False,proceed,True,False,False,True,False
2030799861,10.2466/pr0.95.3f.1059-1071,2004.0,article,Psychological Reports,Testing a Social Psychological Model of Strategy Use with Students of English as a Foreign Language,False,proceed,True,False,True,False,True
2952734680,10.1002/aur.2161,2019.0,article,Autism Research,Increased facial asymmetry in autism spectrum conditions is associated with symptom presentation,False,proceed,False,False,False,False,True
3128692742,10.1038/s41598-021-80995-1,2021.0,article,Scientific Reports,Impaired visual working memory and reduced connectivity in undergraduates with a history of mild traumatic brain injury,False,proceed,True,False,True,False,False
2153591961,10.2337/db08-0719,2008.0,article,Diabetes,Population-Specific Risk of Type 2 Diabetes Conferred by <i>HNF4A</i> P2 Promoter Variants,False,proceed,True,False,False,False,False
2903287886,10.1177/0886260518814267,2018.0,article,Journal of Interpersonal Violence,Does Gottman’s Marital Communication Conceptualization Inform Teen Dating Violence? Communication Skill Deficits Analyzed Across Three Samples of Diverse Adolescents,False,proceed,True,False,False,False,False
4297348270,10.3390/brainsci12101299,2022.0,article,Brain Sciences,On the Effect of Bilateral Eye Movements on Memory Retrieval in Ageing and Dementia,False,proceed,True,False,False,True,False
3212174194,10.3389/fpsyg.2021.676271,2021.0,article,Frontiers in Psychology,Using Rational Models to Interpret the Results of Experiments on Accent Adaptation,False,discard,False,False,True,True,False
4210667094,10.1371/journal.pone.0262902,2022.0,article,PLoS ONE,Examining the reliability and validity of two versions of the Effort-Expenditure for Rewards Task (EEfRT),False,proceed,True,False,True,True,False
2123103695,10.1002/eat.1066,2001.0,article,International Journal of Eating Disorders,Childhood trauma has dose‐effect relationship with dropping out from psychotherapeutic treatment for bulimia nervosa: A replication,False,proceed,True,True,False,True,True
2124774930,10.1002/ijc.23682,2008.0,article,International Journal of Cancer,Replication of a genome‐wide case–control study of esophageal squamous cell carcinoma,False,proceed,True,True,True,True,True
2169844497,10.4049/jimmunol.1102775,2012.0,article,The Journal of Immunology,A 17q12 Allele Is Associated with Altered NK Cell Subsets and Function,False,proceed,False,False,False,False,False
1996131564,10.1523/jneurosci.4403-13.2014,2014.0,article,Journal of Neuroscience,Binocular Rivalry: Frontal Activity Relates to Introspection and Action But Not to Perception,False,discard,False,False,False,False,False
1987362190,10.1162/jocn_a_00373,2013.0,article,Journal of Cognitive Neuroscience,The Neurobiology of Rhyme Judgment by Deaf and Hearing Adults: An ERP Study,False,discard,False,False,True,False,False
4410598107,10.1002/ejp.70042,2025.0,article,European Journal of Pain,Temporal Summation of Pain Unpleasantness Is Increased in Borderline Personality Disorder,False,discard,False,False,True,False,False
4310550521,10.1121/10.0015093,2022.0,article,The Journal of the Acoustical Society of America,Revisiting the left ear advantage for phonetic cues to talker identification,False,proceed,True,False,False,True,False
4310594271,10.1002/jaba.964,2022.0,article,Journal of Applied Behavior Analysis,Escalating schedules of incentives increase physical activity with no differences between deposit and no‐deposit groups: A systematic replication,False,proceed,True,True,False,False,True
3212486607,10.1093/deafed/enab032,2021.0,article,The Journal of Deaf Studies and Deaf Education,Deaf Children’s ASL Vocabulary and ASL Syntax Knowledge Supports English Knowledge,False,proceed,False,True,True,False,True
4210725118,10.1098/rsos.210477,2022.0,article,Royal Society Open Science,"Cranial volume and palate length of cats, <i>Felis</i> spp., under domestication, hybridization and in wild populations",False,proceed,False,False,True,False,False
1505053127,10.1002/hbm.22787,2015.0,article,Human Brain Mapping,"Immediate memory for “when, where and what”: Short‐delay retrieval using dynamic naturalistic material",False,discard,False,True,True,False,False
4292444340,10.1038/s41598-022-18521-0,2022.0,article,Scientific Reports,Moral parochialism and causal appraisal of transgressive harm in Seoul and Los Angeles,False,proceed,True,False,False,False,False
2153323374,10.1111/j.1526-4610.1992.hed3205239.x,1992.0,article,Headache The Journal of Head and Face Pain,Psychometric Characteristics of the Headache‐Specific Locus of Control Scale,False,proceed,True,False,True,False,True
4410813790,10.1093/eep/dvaf016,2025.0,article,Current Zoology,Immediate and durable effects of maternal tobacco consumption on placental DNA methylation: a replication and discovery study,False,proceed,True,True,True,False,True
3106038557,10.1093/hropen/hoaa047,2020.0,article,Human Reproduction Open,Does the effectiveness of IUI in couples with unexplained subfertility depend on their prognosis of natural conception? A replication of the H2Oil study,False,proceed,True,True,True,True,True
2031159938,10.3928/02793695-20121204-01,2012.0,article,Journal of Psychosocial Nursing and Mental Health Services,Suicide in Hospitalized Medical-Surgical Patients: Exploring Nurses’ Attitudes,False,proceed,False,False,True,False,False
4295942645,10.3389/fpsyt.2022.951065,2022.0,article,Frontiers in Psychiatry,Antidepressant use and risk of intubation or death in hospitalized patients with COVID-19: A retrospective cohort study of clinical effectiveness,False,proceed,True,False,False,True,False
4389375685,10.1177/10497315231218646,2023.0,article,Research on Social Work Practice,"Adapted, Adopted, and Novel Interventions: A Whole-Population Meta-Analytic Replication of Intervention Effects",False,proceed,True,True,False,True,True
4283273299,10.1177/10911421221101690,2022.0,article,Public Finance Review,"A Replication of “Trade Shocks and the Provision of Local Public Goods” ( <i>American Economic Journal: Economic Policy, 2017</i> )",False,proceed,True,True,True,False,True
4291010383,10.3758/s13423-022-02158-1,2022.0,article,Psychonomic Bulletin & Review,"Pragmatic, constructive, and reconstructive memory influences on the hindsight bias",False,proceed,True,False,True,False,False
3014898655,10.1177/1948550619887702,2020.0,article,Social Psychological and Personality Science,A Multilab Replication of the Ego Depletion Effect,False,proceed,True,True,False,False,True
2965224590,10.1152/jn.00361.2019,2019.0,article,Journal of Neurophysiology,Eating “junk food” has opposite effects on intrinsic excitability of nucleus accumbens core neurons in obesity-susceptible versus -resistant rats,False,proceed,True,True,True,False,False
2074160278,10.1044/1092-4388(2004/026),2004.0,article,Journal of Speech Language and Hearing Research,Brain Correlates of Stuttering and Syllable Production,False,proceed,True,False,True,False,False
2115488509,10.1017/s003329170000667x,1978.0,article,Psychological Medicine,"Psychological test performance and sedation thresholds of elderly dements, depressives and depressives with incipient brain change",False,proceed,False,True,True,True,False
3001140703,10.1002/jeab.576,2020.0,article,Journal of the Experimental Analysis of Behavior,Renewal and resurgence phenomena generalize to Amazon's Mechanical Turk,False,proceed,False,False,False,False,False
2099732994,10.1158/1055-9965.epi-11-0396,2011.0,article,Cancer Epidemiology Biomarkers & Prevention,Circulating Soluble CD30 and Future Risk of Lymphoma; Evidence from Two Prospective Studies in the General Population,False,proceed,True,True,True,False,False
4413370067,10.1111/jar.70111,2025.0,article,Journal of Applied Research in Intellectual Disabilities,Psychometric Properties of the Questionnaire Epistemic Trust in People With Mild to Moderate Intellectual Disabilities or Borderline Intellectual Functioning,False,proceed,True,False,True,False,False
1979091475,10.1901/jeab.1985.44-185,1985.0,article,Journal of the Experimental Analysis of Behavior,CONTROL OF MYOELECTRICAL RESPONSES THROUGH REINFORCEMENT,False,proceed,True,False,False,False,False
1820292293,10.1186/1471-2350-6-13,2005.0,article,BMC Medical Genetics,The GABBR1 locus and the G1465A variant is not associated with temporal lobe epilepsy preceded by febrile seizures,False,proceed,True,True,True,True,False
4391755671,10.1093/bjsw/bcae011,2024.0,article,The British Journal of Social Work,Mindfulness-Based Social Work and Self-Care with Social Work Professionals: Replication and Expansion of a Randomised Controlled Trial,False,proceed,True,True,False,True,True
2159075114,10.1158/1055-9965.epi-11-0053,2011.0,article,Cancer Epidemiology Biomarkers & Prevention,Prostate Cancer Susceptibility Polymorphism rs2660753 Is Not Associated with Invasive Ovarian Cancer,False,proceed,True,False,True,False,False
3199446935,10.1101/lm.053256.120,2021.0,article,Learning & Memory,The Black Box effect: sensory stimulation after learning interferes with the retention of long-term object location memory in rats,False,proceed,False,False,True,False,False
4309924020,10.1186/s40359-022-00982-7,2022.0,article,BMC Psychology,Remarkably reproducible psychological (memory) phenomena in the classroom: some evidence for generality from small-N research,False,proceed,True,False,False,False,True
1987244237,10.1901/jaba.2007.40-559,2007.0,article,Journal of Applied Behavior Analysis,TREATING EXCESSIVELY SLOW RESPONDING OF A YOUNG MAN WITH ASPERGER SYNDROME USING DIFFERENTIAL REINFORCEMENT OF SHORT RESPONSE LATENCIES,False,proceed,True,False,True,False,False
2234667682,10.1177/2167702615578128,2015.0,article,Clinical Psychological Science,Clarifying the Behavioral Economics of Social Anxiety Disorder,False,proceed,False,True,True,True,False
2040055156,10.1111/j.1748-0361.2005.tb00079.x,2005.0,article,The Journal of Rural Health,Perceived Barriers to Nurse Practitioner Practice in Rural Settings,False,proceed,True,True,True,False,False
2736369970,10.1590/1516-3180.2017.0015240217,2017.0,article,Sao Paulo Medical Journal,Age at first childbirth and newly diagnosed diabetes among postmenopausal women: a cross-sectional analysis of the Brazilian Longitudinal Study of Adult Health (ELSA-Brasil),False,proceed,True,False,False,True,False
2794903457,10.2478/jagi-2018-0001,2018.0,article,Journal of Artificial General Intelligence,Towards General Evaluation of Intelligent Systems: Lessons Learned from Reproducing AIQ Test Results,False,proceed,True,False,False,True,True
4414469743,10.1186/s41235-025-00655-0,2025.0,article,Cognitive Research Principles and Implications,A recipe for dyadic collective intelligence for well-structured tasks: mix equal parts cognitive ability and confidence plus a pinch of social sensitivity,False,proceed,True,True,True,True,False
2130598660,10.1186/ar2423,2008.0,review,Arthritis Research & Therapy,Association of single-nucleotide polymorphisms in RHOB and TXNDC3 with knee osteoarthritis susceptibility: two case-control studies in East Asian populations and a meta-analysis,False,proceed,True,False,True,False,False
3129214373,10.3758/s13414-020-02239-0,2021.0,article,Attention Perception & Psychophysics,Selection in working memory is resource-demanding: Concurrent task effects on the retro-cue effect,False,proceed,True,False,True,False,False
4401309430,10.21801/ppcrj.2024.102.6,2024.0,article,Principles and Practice of Clinical Research Journal,Association Between Physical Activity Levels and Cognitive Function in Older Adults: A Replication Cohort Analysis Using the Brazilian Longitudinal Study of Aging,False,proceed,False,True,False,True,True
3006024574,10.1093/cercor/bhz319,2019.0,article,Cerebral Cortex,Minimal Relationship between Local Gyrification and General Cognitive Ability in Humans,False,proceed,False,False,False,False,False
1536696946,10.1111/ijsa.12095,2015.0,article,International Journal of Selection and Assessment,"Technical Knowledge, Prosocial Knowledge, and Clinical Performance of <scp>I</scp>ndian Medical Students",False,proceed,True,False,True,False,False
1919705179,10.1002/jae.1264,2011.0,article,Journal of Applied Econometrics,Narrow Replication of Yogo (2004) Estimating the Elasticity of Intertemporal Substitution when Instruments are Weak,False,proceed,True,False,False,False,True
1983359718,10.1111/head.12329,2014.0,article,Headache The Journal of Head and Face Pain,Replication of Migraine <scp>GWAS</scp> Susceptibility Loci in <scp>C</scp> hinese <scp>H</scp> an Population,False,proceed,True,True,True,False,True
1965505739,10.1901/jaba.2011.44-169,2011.0,article,Journal of Applied Behavior Analysis,RESPONSE INTERRUPTION AND REDIRECTION FOR VOCAL STEREOTYPY IN CHILDREN WITH AUTISM: A SYSTEMATIC REPLICATION,False,proceed,True,True,True,False,True
2162648519,10.1111/j.1600-0528.1996.tb00882.x,1996.0,article,Community Dentistry And Oral Epidemiology,Variations in restorative treatment decisions: an international comparison,False,proceed,False,False,True,False,False
2142686703,10.1136/bmjopen-2014-004952,2014.0,article,BMJ Open,Can analyses of electronic patient records be independently and externally validated? The effect of statins on the mortality of patients with ischaemic heart disease: a cohort study with nested case–control analysis,False,proceed,True,True,True,True,False
2241174319,10.51910/ijhdr.v14i2.771,2021.0,article,International Journal of High Dilution Research - ISSN 1982-6206,Reproducibility of effects of homeopathically potentised Argentum nitricum on the growth of Lemna gibba L. in a randomized and blinded bioassay,False,proceed,False,False,False,False,True
4318672180,10.1177/17470218231155897,2023.0,article,Quarterly Journal of Experimental Psychology,Interpretation of ambiguous trials along with reasoning strategy is related to causal judgements in zero-contingency learning,False,proceed,False,True,True,True,False
2090795697,10.1111/j.1469-1809.2009.00509.x,2009.0,article,Annals of Human Genetics,<i>CALHM1</i> Polymorphism is not Associated with Late‐onset Alzheimer Disease,False,proceed,True,True,True,True,False
3131363294,10.3389/fpsyg.2021.612923,2021.0,article,Frontiers in Psychology,"The Expressive Triad: Structure, Color, and Texture Similarity of Emotion Expressions Predict Impressions of Neutral Faces",False,proceed,True,True,True,False,False
4210787873,10.3390/ijerph19031275,2022.0,article,International Journal of Environmental Research and Public Health,Everyone Can Implement Eduball in Physical Education to Develop Cognitive and Motor Skills in Primary School Students,False,proceed,False,True,True,False,False
2093488941,10.1002/ar.1091570205,1967.0,article,The Anatomical Record,A double replication of a “small‐sample” study of the sexual behavior of DBA/2J male mice,False,proceed,True,True,False,False,True
2975380695,10.1038/s41539-019-0053-1,2019.0,article,npj Science of Learning,Does pre-testing promote better retention than post-testing?,False,proceed,False,False,True,False,False
4382722630,10.3389/fnrgo.2023.1199347,2023.0,article,Frontiers in Neuroergonomics,Physiological synchrony in electrodermal activity predicts decreased vigilant attention induced by sleep deprivation,False,proceed,False,False,True,False,False
3011421828,10.1177/1747021820915107,2020.0,article,Quarterly Journal of Experimental Psychology,Strategy mediation in working memory training in younger and older adults,False,proceed,True,False,True,False,False
2903375254,10.1038/s41467-018-07642-8,2018.0,article,Nature Communications,Genome wide association analysis in a mouse advanced intercross line,False,proceed,True,False,True,False,False
2011930735,10.1017/s0272263100010032,1991.0,article,Studies in Second Language Acquisition,The Production of Word-Final Voiced Obstruents in English by L1 Speakers of Japanese and Cantonese,False,proceed,True,False,True,False,False
2897583558,10.1038/s41598-018-34098-z,2018.0,article,Scientific Reports,Transcranial stimulation of the frontal lobes increases propensity of mind-wandering without changing meta-awareness,False,proceed,True,True,True,False,False
4386697538,10.3389/fnhum.2023.1233594,2023.0,article,Frontiers in Human Neuroscience,Not so different after all? An event-related potential study on item and source memory for object-scene pairs in German and Chinese young adults,False,proceed,True,False,False,True,False
2933356117,10.7554/elife.43962,2019.0,article,eLife,Sensory prediction errors in the human midbrain signal identity violations independent of perceptual distance,False,proceed,True,False,False,False,False
2114190700,10.1348/135910705x26722,2005.0,article,British Journal of Health Psychology,Causal beliefs and behaviour change post‐myocardial infarction: How are they related?,False,proceed,True,False,True,False,False
4224030023,10.31234/osf.io/bgp3m,2022.0,preprint,,"Replicating Epley and Gilovich: Need for Cognition, Cognitive Load, and Forewarning do not Moderate Anchoring Effects",False,proceed,False,False,False,False,True
2118029443,10.1044/1092-4388(2009/08-0195),2010.0,article,Journal of Speech Language and Hearing Research,Differentiating Cantonese-Speaking Preschool Children With and Without SLI Using MLU and Lexical Diversity (D),False,proceed,True,True,True,False,False
2953383023,10.1534/g3.117.300366,2017.0,article,G3 Genes Genomes Genetics,Analysis of Copy Number Variants on Chromosome 21 in Down Syndrome-Associated Congenital Heart Defects,False,proceed,True,False,False,True,False
1503233992,10.1002/eat.22228,2013.0,article,International Journal of Eating Disorders,Association study of the estrogen receptor I gene (<i>ESR1</i>) in anorexia nervosa and eating disorders: No replication found,False,proceed,True,True,False,True,True
3199747204,10.1002/cpt.2424,2021.0,article,Clinical Pharmacology & Therapeutics,Replication of Oncology Randomized Trial Results using Swedish Registry Real World‐Data: A Feasibility Study,False,proceed,True,False,True,False,True
2006860823,10.1177/1079063209347724,2009.0,article,Sexual Abuse,Circles of Support &amp; Accountability: A Canadian National Replication of Outcome Findings,False,proceed,False,True,False,False,True
2997633274,10.1186/s12913-019-4842-2,2019.0,article,BMC Health Services Research,Predicting patterns of service utilization within children’s mental health agencies,False,proceed,False,True,True,False,False
3209377451,10.1111/ejn.15512,2021.0,article,European Journal of Neuroscience,Microstructural white matter abnormalities in Lesch–Nyhan disease,False,proceed,True,True,True,False,False
2796518188,10.1177/1091142118765788,2018.0,article,Public Finance Review,"A Replication of “Agency Problems of Excess Endowment Holdings in Not-for-profit Firms” ( <i>Journal of Accounting and Economics</i> , 2006)",False,proceed,True,False,True,False,True
2282129424,10.1136/jech-2015-206698,2016.0,article,Journal of Epidemiology & Community Health,Challenges in reproducing results from publicly available data: an example of sexual orientation and cardiovascular disease risk,False,proceed,True,True,True,True,True
2470370465,10.1002/art.39619,2016.0,article,Arthritis & Rheumatology,Replication of Associations of Genetic Loci Outside the HLA Region With Susceptibility to Anti–Cyclic Citrullinated Peptide–Negative Rheumatoid Arthritis,False,proceed,True,True,True,False,True
2950428927,10.1044/2019_ajslp-19-00162,2020.0,article,American Journal of Speech-Language Pathology,Using Crowdsourced Listeners' Ratings to Measure Speech Changes in Hypokinetic Dysarthria: A Proof-of-Concept Study,False,proceed,True,False,False,False,False
2021573674,10.1016/j.eurpsy.2006.06.002,2007.0,article,European Psychiatry,Supportive evidence for the association between the T102C 5-HTR2A gene polymorphism and schizophrenia: A large-scale case–control and family-based study,False,proceed,False,True,True,False,False
4383216503,10.1371/journal.pone.0287837,2023.0,article,PLoS ONE,Did people really drink bleach to prevent COVID-19? A guide for protecting survey data against problematic respondents,False,proceed,True,False,False,True,False
3152968607,10.3758/s13414-021-02245-w,2021.0,article,Attention Perception & Psychophysics,Location-independent feature binding in visual working memory for sequentially presented objects,False,proceed,True,True,True,False,False
2164440220,10.1002/pros.21443,2011.0,article,The Prostate,Chromosomes 4 and 8 implicated in a genome wide SNP linkage scan of 762 prostate cancer families collected by the ICPCG,False,proceed,True,False,False,True,False
2146611510,10.1901/jaba.2002.35-89,2002.0,article,Journal of Applied Behavior Analysis,EVALUATION OF A TREATMENT PACKAGE TO REDUCE RAPID EATING,False,proceed,True,False,True,False,False
2484803605,10.1002/aur.1662,2016.0,review,Autism Research,Lack of replication of previous autism spectrum disorder GWAS hits in European populations,False,proceed,False,False,True,True,True
2060817915,10.1111/j.1365-2648.1979.tb00894.x,1979.0,article,Journal of Advanced Nursing,An exploration of a patient‐centred nursing approach in the admission of selected surgical patients: a replicated study,False,proceed,False,True,False,False,True
2146244811,10.1002/nur.20178,2007.0,article,Research in Nursing & Health,Predictors of quality of life in old age: A cross‐validation study,False,proceed,False,True,True,False,False
1988799899,10.1002/ajmg.b.30262,2005.0,article,American Journal of Medical Genetics Part B Neuropsychiatric Genetics,Association study of a functional promoter polymorphism in the<i>XBP1</i>gene and schizophrenia,False,proceed,True,True,True,False,False
2013169248,10.2466/pms.2003.97.2.384,2003.0,article,Perceptual and Motor Skills,Liaw's Scales to Measure Attitudes toward Computers and the Internet,False,proceed,True,False,True,False,False
1989219515,10.1192/bjp.148.6.642,1986.0,article,The British Journal of Psychiatry,Levels of Expressed Emotion and Relapse in Depressed Patients,False,proceed,True,False,False,False,False
3217659429,10.1177/17470218211065011,2021.0,article,Quarterly Journal of Experimental Psychology,Framing the area: An efficient approach for avoiding visual interference and optimising visual search in adolescents,False,proceed,False,True,True,False,False
2530694384,10.1177/0271678x16673646,2016.0,article,Journal of Cerebral Blood Flow & Metabolism,In vivo variation in same-day estimates of metabotropic glutamate receptor subtype 5 binding using [ <sup>11</sup> C]ABP688 and [ <sup>18</sup> F]FPEB,False,proceed,True,False,True,True,False
4409179041,10.1101/2025.04.02.645026,2025.0,preprint,bioRxiv (Cold Spring Harbor Laboratory),Estimating the replicability of Brazilian biomedical science,False,proceed,False,False,False,False,True
3114714162,10.1371/journal.pone.0244189,2020.0,article,PLoS ONE,"No association between genetic variants in MAOA, OXTR, and AVPR1a and cooperative strategies",False,proceed,True,False,False,True,True
3028006966,10.1136/bmjebm-2020-111386,2020.0,article,BMJ evidence-based medicine,Thrombolysis with alteplase 3–4.5 hours after acute ischaemic stroke: trial reanalysis adjusted for baseline imbalances,False,proceed,True,True,True,False,True
2026245214,10.1002/art.22301,2006.0,article,Arthritis & Rheumatism,"Sex and ethnic differences in the association of <i>ASPN</i>, <i>CALM1</i>, <i>COL2A1</i>, <i>COMP</i>, and <i>FRZB</i> with genetic susceptibility to osteoarthritis of the knee",False,proceed,True,False,False,False,False
4224294983,10.3390/ijerph19084912,2022.0,article,International Journal of Environmental Research and Public Health,"Materialism, Egocentrism and Delinquent Behavior in Chinese Adolescents in Mainland China: A Short-Term Longitudinal Study",False,proceed,True,False,False,False,False
2137148722,10.1002/jae.2493,2015.0,article,Journal of Applied Econometrics,Replicating the Results in ‘A New Model of Trend Inflation’ Using Particle Markov Chain Monte Carlo,False,proceed,True,False,False,False,True
2024077481,10.12688/f1000research.5676.2,2014.0,preprint,F1000Research,APOC3 may not be a predictor of risk of ischemic vascular disease in the Chinese population,False,proceed,True,False,True,False,False
2106448631,10.1136/jmg.2009.067041,2009.0,letter,Journal of Medical Genetics,Association of <i>IL18RAP</i> and <i>CCR3</i> with coeliac disease in the Spanish population,False,proceed,True,True,True,False,False
3204221043,10.1111/spsr.12479,2021.0,article,Swiss Political Science Review,Boosting the Understanding and Approval of Anti‐Corona Measures–Reducing Exponential Growth Bias and its Effects through Educational Nudges,False,proceed,True,False,True,False,False
2069961003,10.1161/strokeaha.107.483115,2007.0,article,Stroke,Confirmation of an Association Between the TNF(−308) Promoter Polymorphism and Stroke Risk in Children With Sickle Cell Anemia,False,proceed,True,True,True,False,False
3156777555,10.1002/jae.2814,2021.0,article,Journal of Applied Econometrics,Bayesian estimation of the exact affine Stone index demand system: Replicating the Lewbel and Pendakur (2009) results,False,proceed,True,True,False,False,True
2051265938,10.1191/0267658306sr260oa,2006.0,article,Second language Research,On the second language acquisition of Spanish reflexive passives and reflexive impersonals by French- and English-speaking adults,False,proceed,False,False,False,False,True
1518273293,10.1002/jae.1277,2011.0,article,Journal of Applied Econometrics,GMM with many weak moment conditions: Replication and application of Newey and Windmeijer (2009),False,proceed,True,True,False,False,True
2139825294,10.1177/0956797614548877,2014.0,article,Psychological Science,Filling the Gap: Relationship Between the Serotonin-Transporter-Linked Polymorphic Region and Amygdala Activation,False,proceed,False,False,True,False,False
1978493004,10.1002/ajmg.10645,2002.0,article,American Journal of Medical Genetics,No evidence for a susceptibility locus for idiopathic generalized epilepsy on chromosome 18q21.1,False,proceed,True,False,True,False,False
2793381941,10.1002/jae.2622,2018.0,article,Journal of Applied Econometrics,"Genetic distance, trade, and the diffusion of development",False,proceed,True,False,False,False,False
2018829336,10.1111/acer.12280,2013.0,article,Alcoholism Clinical and Experimental Research,Acute Alcohol Response Phenotype in Heavy Social Drinkers is Robust and Reproducible,False,proceed,True,False,False,False,True
1973691474,10.1159/000181154,2008.0,article,Human Heredity,Evidence for a Role of the &lt;i&gt;NOS1AP (CAPON)&lt;/i&gt; Gene in Schizophrenia and Its Clinical Dimensions: An Association Study in a South American Population Isolate,False,proceed,True,False,True,False,False
2286950196,10.3233/blc-150027,2016.0,article,Bladder Cancer,Independent Replication of Published Germline Polymorphisms Associated with Urinary Bladder Cancer Prognosis and Treatment Response,False,proceed,True,False,False,True,True
4210880630,10.1038/s41598-022-05923-3,2022.0,article,Scientific Reports,Irrelevant insights make worldviews ring true,False,proceed,True,True,True,False,False
2043726875,10.2466/pr0.2002.91.3.722,2002.0,article,Psychological Reports,Correlations for Leaders' Anticipation of Targets' Resistance and Targets' Ratings of Leaders' Influence Tactics: A Replication,False,proceed,True,True,False,False,True
2808939847,10.1002/jaba.484,2018.0,article,Journal of Applied Behavior Analysis,Effects of reinforcement without extinction on increasing compliance with nail cutting: A systematic replication,False,proceed,True,True,False,False,True
2009626329,10.1002/ece3.1300,2014.0,article,Ecology and Evolution,Validation of outlier loci through replication in independent data sets: a test on <i>Arabis alpina</i>,False,proceed,True,False,False,False,True
4407669232,10.1177/13872877251315044,2025.0,article,Journal of Alzheimer s Disease,Validation of a novel neuroimaging signature for dementia and clinical Alzheimer's disease in the population-based Rotterdam study,False,proceed,True,False,True,True,False
4225666409,10.31234/osf.io/ux8ef,2022.0,preprint,,Investigating Variation in Replicability: A “Many Labs” Replication Project,False,proceed,True,True,True,True,True
2144151168,10.1002/hbm.21434,2011.0,article,Human Brain Mapping,Partial support for <i>ZNF804A</i> genotype‐dependent alterations in prefrontal connectivity,False,proceed,True,False,True,False,False
4311349927,10.1098/rstb.2021.0459,2022.0,article,Philosophical Transactions of the Royal Society B Biological Sciences,"Looking at the Ebbinghaus illusion: differences in neurocomputational requirements, not gaze-mediated attention, explain a classic perception-action dissociation",False,proceed,True,False,True,False,False
2230640574,10.1002/ajmg.b.20004,2003.0,review,American Journal of Medical Genetics Part B Neuropsychiatric Genetics,Dopamine D2 receptor gene Ser311Cys variant and schizophrenia: association study and meta‐analysis,False,proceed,True,True,True,False,False
2948194878,10.1098/rsbl.2019.0091,2019.0,article,Biology Letters,Sibling relatedness rather than father absence predicts earlier age at menarche in ELSPAC cohort,False,proceed,True,False,True,False,False
3033731491,10.1002/jae.2782,2020.0,article,Journal of Applied Econometrics,Replicating the Levitt and Porter estimates of drunk driving,False,proceed,True,False,True,False,True
2890151637,10.1177/1744806918825046,2019.0,article,Molecular Pain,C57BL/6 substrain differences in inflammatory and neuropathic nociception and genetic mapping of a major quantitative trait locus underlying acute thermal nociception,False,proceed,True,False,True,False,False
4291464862,10.3390/ijerph191610000,2022.0,article,International Journal of Environmental Research and Public Health,Initially High Correlation between Air Pollution and COVID-19 Mortality Declined to Zero as the Pandemic Progressed: There Is No Evidence for a Causal Link between Air Pollution and COVID-19 Vulnerability,False,proceed,True,False,True,False,False
2546856809,10.1002/jae.2554,2016.0,article,Journal of Applied Econometrics,Credit Booms Gone Bust: Replication of Schularick and Taylor (AER 2012),False,proceed,False,True,False,False,True
3141709245,10.1002/jaba.833,2021.0,article,Journal of Applied Behavior Analysis,Tolerance of face coverings for children with autism spectrum disorder,False,proceed,True,False,False,False,True
4308112361,10.1007/s42761-022-00151-4,2022.0,article,Affective Science,Seeing Through Each Other’s Hearts: Inferring Others’ Heart Rate as a Function of Own Heart Rate Perception and Perceived Social Intelligence,False,proceed,True,False,True,False,False
3108700579,10.1371/journal.pone.0238554,2020.0,article,PLoS ONE,No effect of multi-axis dot pattern symmetry on subjective duration,False,proceed,True,False,False,False,False
2792777054,10.1017/s0033291718000107,2018.0,article,Psychological Medicine,"Children with ADHD symptoms show deficits in reactive but not proactive inhibition, irrespective of their formal diagnosis",False,proceed,True,False,True,False,False
2793069566,10.16910/jemr.10.4.6,2017.0,article,Journal of Eye Movement Research,Less users more confidence: How AOIs don’t affect scanpath trend analysis,False,proceed,True,False,False,False,False
3086923777,10.1007/s00426-020-01417-x,2020.0,article,Psychological Research,Virtual reality experiences promote autobiographical retrieval mechanisms: Electrophysiological correlates of laboratory and virtual experiences,False,discard,False,False,True,False,False
3183823320,10.1002/jae.2850,2021.0,article,Journal of Applied Econometrics,"A one covariate at a time, multiple testing approach to variable selection in high‐dimensional linear regression models: A replication in a narrow sense",False,proceed,True,True,True,False,True
2124546674,10.1017/s0272263112000113,2012.0,article,Studies in Second Language Acquisition,"PROMPT-TYPE FREQUENCY, AUDITORY PATTERN DISCRIMINATION, AND EFL LEARNERS’ PRODUCTION OF<i>WH</i>-QUESTIONS",False,proceed,True,False,True,False,False
1866135672,10.15653/tpg-140231,2014.0,article,Tierärztliche Praxis Ausgabe G Großtiere / Nutztiere,Reduktion der 137Cäsium-Aktivität in Wildschweinen durch Zusatz von Ammonium-Eisen-Hexacyanoferrat („Berliner Blau“) zum Kirrfutter,False,proceed,True,False,True,False,False
2159848139,10.2337/db07-1365,2008.0,article,Diabetes,Association of <i>NOS1AP</i> Genetic Variants With QT Interval Duration in Families From the Diabetes Heart Study,False,proceed,True,False,True,False,False
4412189544,10.1007/s00213-025-06837-4,2025.0,article,Psychopharmacology,"Relationships among peri-traumatic circulating endocannabinoids and long-term, negative outcomes following traumatic injury",False,proceed,True,True,True,False,False
2043705503,10.1002/bem.20605,2010.0,article,Bioelectromagnetics,Confirmation studies of Soviet research on immunological effects of microwaves: Russian immunology results,False,proceed,False,True,True,False,False
2404653876,10.1177/1091142115605380,2015.0,article,Public Finance Review,A Replication of “Political Influence behind the Veil of Peer Review” ( <i>Journal of Law and Economics</i> 2009),False,proceed,True,False,False,False,True
4408573190,10.3390/bs15030382,2025.0,article,Behavioral Sciences,Resurgence of Severe Challenging Behavior and Schedule Thinning with the Terminal Schedule Probe Method,False,proceed,False,False,True,False,False
2097111276,10.1002/jae.1083,2009.0,article,Journal of Applied Econometrics,On reproducible econometric research,False,discard,False,False,False,False,True
2604242870,10.1152/jn.00695.2016,2017.0,article,Journal of Neurophysiology,Musculoskeletal geometry accounts for apparent extrinsic representation of paw position in dorsal spinocerebellar tract,False,discard,False,True,True,False,False
1983812943,10.1111/1467-9922.00177,2002.0,article,Language Learning,The Roles of L1 Influence and Lexical Aspect in the Acquisition of Temporal Morphology,False,proceed,False,False,False,False,True
2060438694,10.1901/jaba.1989.22-325,1989.0,article,Journal of Applied Behavior Analysis,A REPLICATION OF THE USE OF PUBLIC POSTING IN TRAFFIC SPEED CONTROL,False,proceed,True,True,False,True,True
4391532141,10.1097/j.pain.0000000000003174,2024.0,article,Pain,High-speed imaging of evoked rodent mechanical behaviors yields variable results that are not predictive of inflammatory injury,False,proceed,True,False,False,True,False
1751678494,10.1101/lm.5.3.231,1998.0,article,Learning & Memory,The Specific Role of cGMP in Hippocampal LTP,False,proceed,True,False,False,True,False
2079727825,10.1177/026765838900500103,1989.0,article,Interlanguage studies bulletin (Utrecht),Parameters in L2 learning: Flynn revisited,False,proceed,True,False,False,False,True
2072995940,10.1044/2013_jslhr-l-13-0008,2013.0,article,Journal of Speech Language and Hearing Research,Growth of Finiteness in the Third Year of Life: Replication and Predictive Validity,False,proceed,True,True,False,False,True
2075239287,10.1002/brb3.180,2013.0,article,Brain and Behavior,Prediction processes during multiple object tracking (<scp>MOT</scp>): involvement of dorsal and ventral premotor cortices,False,discard,False,True,True,False,False
2800738325,10.1111/sltb.12469,2018.0,article,Suicide and Life-Threatening Behavior,"The Association Between Anhedonia, Suicide Ideation, and Suicide Attempts: A Replication in a Persian Student Sample",False,proceed,True,True,False,True,True
2529039987,10.1002/art.39932,2016.0,article,Arthritis & Rheumatology,Genome‐Wide Association Study of Radiographic Knee Osteoarthritis in North American Caucasians,False,proceed,True,False,False,False,False
2976185719,10.1027/1618-3169/a000442,2019.0,article,Experimental Psychology (formerly Zeitschrift für Experimentelle Psychologie),Testing Hypotheses About Binding in Context Memory With a Hierarchical Multinomial Modeling Approach,False,proceed,True,False,False,False,False
3174438887,10.3389/fnagi.2021.702810,2021.0,article,Frontiers in Aging Neuroscience,Validating Habitual and Goal-Directed Decision-Making Performance Online in Healthy Older Adults,False,proceed,True,True,True,False,False
3164309473,10.1177/00315125211019704,2021.0,article,Perceptual and Motor Skills,Flipping the Script: Measuring Both Performance Validity and Cognitive Ability with the Forced Choice Recognition Trial of the RCFT,False,proceed,True,False,True,True,False
4390816760,10.5334/joc.342,2024.0,article,Journal of Cognition,Do Children (and Adults) Benefit From a Prediction Error Boost in One-Shot Word Learning?,False,proceed,True,False,False,True,False
1969219015,10.1901/jaba.1988.21-201,1988.0,article,Journal of Applied Behavior Analysis,RESPONSE REDUCTION THROUGH THE SUPERIMPOSITION OF CONTINUOUS REINFORCEMENT: A SYSTEMATIC REPLICATION,False,proceed,False,True,False,False,True
2127231012,10.1901/jaba.2006.34-05,2006.0,article,Journal of Applied Behavior Analysis,TREATING BEDTIME RESISTANCE WITH THE BEDTIME PASS: A SYSTEMATIC REPLICATION AND COMPONENT ANALYSIS WITH 3‐YEAR‐OLDS,False,proceed,False,True,False,False,True
4403360527,10.1177/00315125241291266,2024.0,article,Perceptual and Motor Skills,No Incidental Memory Advantage for Mixed Handed vs. Consistent Right Handed Participants: Conflicting Results From Earlier Research,False,proceed,True,True,True,True,False
2980745680,10.3390/ani9100835,2019.0,article,Animals,"Revisiting a Previously Validated Temperament Test in Shelter Dogs, Including an Examination of the Use of Fake Model Dogs to Assess Conspecific Sociability",False,proceed,True,False,False,False,False
2972656261,10.1098/rsos.182237,2019.0,article,Royal Society Open Science,Interest in non-social novel stimuli as a function of age in rhesus monkeys,False,proceed,True,True,True,False,False
4409276157,10.3389/fpsyg.2025.1531759,2025.0,article,Frontiers in Psychology,Goal adjustment processes as coping responses to a blocked goal: the sample case of ostracism,False,proceed,True,False,False,False,False
2061476539,10.1192/bjp.186.4.319,2005.0,article,The British Journal of Psychiatry,The PAS–ADD Checklist: independent replication of its psychometric properties in a community sample,False,proceed,True,True,True,False,True
4396636768,10.1111/phen.12443,2024.0,article,Physiological Entomology,Improvement of starvation resistance via periodic fasting is genetically variable in <i>Drosophila melanogaster</i>,False,proceed,False,False,False,False,False
2082989270,10.2466/pms.2000.91.3.821,2000.0,article,Perceptual and Motor Skills,Neuropsychological Performance as a Function of Cardiac Status among Heart Transplant Candidates: A Replication,False,proceed,True,True,False,False,True
2126573488,10.1111/j.0013-9580.2004.36003.x,2004.0,article,Epilepsia,Evidence for Linkage between Juvenile Myoclonic Epilepsy–Related Idiopathic Generalized Epilepsy and 6p11‐12 in Dutch Families,False,proceed,False,True,True,False,False
4413006457,10.3389/fpsyg.2025.1598594,2025.0,article,Frontiers in Psychology,Category-like representation of statistical regularities allows for stable distractor suppression,False,proceed,False,False,True,False,False
4317479073,10.1027/1618-3169/a000562,2022.0,article,Experimental Psychology (formerly Zeitschrift für Experimentelle Psychologie),No Correlation Between Mood or Motivation and the Processing of Global and Local Information,False,proceed,True,False,True,False,False
2086229610,10.1002/ajmg.b.30215,2005.0,article,American Journal of Medical Genetics Part B Neuropsychiatric Genetics,Confirmation of association between the Val66Met polymorphism in the brain‐derived neurotrophic factor (<i>BDNF</i>) gene and bipolar I disorder,False,proceed,True,True,True,False,False
4285492176,10.3389/fnbeh.2022.944890,2022.0,article,Frontiers in Behavioral Neuroscience,Assessment of Binge-Like Eating of Unsweetened vs. Sweetened Chow Pellets in BALB/c Substrains,False,discard,False,False,True,False,False
2513407160,10.1093/cercor/bhw260,2016.0,article,Cerebral Cortex,Mapping the Multiple Graded Contributions of the Anterior Temporal Lobe Representational Hub to Abstract and Social Concepts: Evidence from Distortion-corrected fMRI,False,discard,False,True,True,False,False
2923670081,10.1111/cogs.12721,2019.0,article,Cognitive Science,Entrainment and Modulation of Gesture–Speech Synchrony Under Delayed Auditory Feedback,False,proceed,True,False,False,False,False
4281774405,10.3390/jpm12060876,2022.0,article,Journal of Personalized Medicine,Out-of-Sample Validity of the PROLOGUE Score to Predict Neurologic Function after Cardiac Arrest,False,proceed,True,False,False,True,False
3188284869,10.3390/brainsci11081059,2021.0,article,Brain Sciences,The Relation of Callous–Unemotional Traits and Bullying in Early Adolescence Is Independent from Sex and Age and Moderated by Conduct Problems,False,proceed,True,False,True,False,False
3156302555,10.1177/01461672211005883,2021.0,article,Personality and Social Psychology Bulletin,Strength Is Still a Weakness in Coalition Formation: Replicating and Understanding the Strength-Is-Weakness Effect,False,proceed,False,True,True,False,True
3110245614,10.1177/1747021820980301,2020.0,article,Quarterly Journal of Experimental Psychology,"Stimulus novelty, task demands, and strategy use in episodic memory",False,proceed,True,False,False,False,False
2554950492,10.1016/s2214-109x(16)30250-9,2016.0,letter,The Lancet Global Health,Economic growth and child undernutrition,False,proceed,True,False,False,False,False
2895737053,10.1111/acps.12959,2018.0,article,Acta Psychiatrica Scandinavica,Clinical factors predicting treatment resistant depression: affirmative results from the European multicenter study,False,proceed,True,False,False,False,False
2891325365,10.1080/00220388.2018.1506576,2018.0,article,The Journal of Development Studies,Heterogeneous Effects of Urban Land Titling: A Replication of ‘Property Rights for the Poor’,False,proceed,True,True,True,False,True
3156075497,10.1177/2167702621998315,2021.0,article,Clinical Psychological Science,Selectively Interfering With Intrusive but Not Voluntary Memories of a Trauma Film: Accounting for the Role of Associative Memory,False,proceed,False,False,False,False,False
4210785383,10.1093/schbul/sbac018,2022.0,article,Schizophrenia Bulletin,The Puzzle of Functional Recovery in Schizophrenia-Spectrum Disorders—Replicating a Network Analysis Study,False,proceed,True,False,False,False,True
2945682732,10.1093/hmg/ddz101,2019.0,article,Human Molecular Genetics,Evolutionary and functional analysis of RBMY1 gene copy number variation on the human Y chromosome,False,proceed,True,False,False,True,False
2522544708,10.1177/2041669516663750,2016.0,article,i-Perception,Using Single Colors and Color Pairs to Communicate Basic Tastes II: Foreground–Background Color Combinations,False,proceed,True,True,True,False,False
2313065911,10.1111/head.12807,2016.0,article,Headache The Journal of Head and Face Pain,Screening of Two <i>ADH4</i> Variations in a Swedish Cluster Headache Case–Control Material,False,proceed,True,True,True,False,False
2737489384,10.1016/j.adolescence.2017.07.002,2017.0,article,Journal of Adolescence,Age‐related differences in social influence on risk perception depend on the direction of influence,False,proceed,True,False,False,True,False
3199999255,10.3390/foods10092194,2021.0,article,Foods,Food on the Move: The Impact of Implied Motion in Pictures on Food Perceptions through Anticipated Pleasure of Consumption,False,proceed,False,False,False,False,False
2902320289,10.3390/ijerph15122729,2018.0,article,International Journal of Environmental Research and Public Health,Could Alcohol Abuse Drive Intimate Partner Violence Perpetrators’ Psychophysiological Response to Acute Stress?,False,discard,False,False,False,True,False
2901477285,10.5334/joc.85,2019.0,article,Journal of Cognition,Conducting Web-Based Experiments for Numerical Cognition Research,False,proceed,False,True,True,False,True
2790096445,10.1111/cogs.12599,2018.0,article,Cognitive Science,Predictive Movements and Human Reinforcement Learning of Sequential Action,False,discard,False,False,True,False,False
2110518003,10.14814/phy2.12300,2015.0,article,Physiological Reports,Responses to startling acoustic stimuli indicate that movement-related activation is constant prior to action: a replication with an alternate interpretation,False,proceed,True,True,False,False,True
2943430971,10.1080/13825585.2019.1604941,2019.0,article,Aging Neuropsychology and Cognition,Age doesn’t matter much: hybrid visual and memory search is preserved in older adults,False,discard,False,False,True,False,False
2764210744,10.1093/humrep/dex302,2017.0,article,Human Reproduction,Immobilization or mobilization after IUI: an RCT,False,proceed,True,True,True,False,False
3159665194,10.1016/j.heliyon.2021.e06870,2021.0,article,Heliyon,"Priming of grasp affordance in an ambiguous object: evidence from ERPs, source localization, and motion tracking",False,proceed,False,True,True,False,False
4223897951,10.1177/17470218221097047,2022.0,article,Quarterly Journal of Experimental Psychology,"Thinking about neither death nor poverty affects delay discounting, but episodic foresight does: Three replications of the effects of priming on time preferences",False,proceed,True,True,True,True,True
3027023408,10.1371/journal.pntd.0008247,2020.0,article,PLoS neglected tropical diseases,Association of NOD2 and IFNG single nucleotide polymorphisms with leprosy in the Amazon ethnic admixed population,False,proceed,False,False,True,False,False
2917953536,10.1044/2018_aja-18-0082,2019.0,article,American Journal of Audiology,A Follow-Up Clinical Trial Evaluating the Consumer-Decides Service Delivery Model,False,proceed,True,False,False,False,False
3151011896,10.3390/jcm10071454,2021.0,article,Journal of Clinical Medicine,Replication of Previous Findings? Comparing Gray Matter Volumes in Transgender Individuals with Gender Incongruence and Cisgender Individuals,False,proceed,False,False,False,False,True
2902219462,10.1016/j.heliyon.2018.e00939,2018.0,article,Heliyon,Evaluating the replicability of the uncanny valley effect,False,proceed,True,False,True,True,True
2410862503,10.1080/09658211.2016.1189941,2016.0,article,Memory,Assessing autobiographical memory: the web-based autobiographical Implicit Association Test,False,proceed,True,True,True,False,True
2323443890,10.1080/17470919.2015.1017114,2015.0,article,Social Neuroscience,The late positive potential indexes a role for emotion during learning of trust from eye-gaze cues,False,proceed,True,False,False,False,False
1979451256,10.1056/nejmoa051469,2005.0,article,New England Journal of Medicine,Genetic Modifiers of Lung Disease in Cystic Fibrosis,False,proceed,True,True,True,False,False
4312158851,10.1016/j.isci.2022.105863,2022.0,article,iScience,"Here I am, why don’t you answer me? Sensitivity to social responsiveness in domestic chicks",False,discard,False,False,True,False,False
2138499964,10.1002/sim.5925,2013.0,article,Statistics in Medicine,Interpreting observational studies: why empirical calibration is needed to correct <i>p</i>‐values,False,proceed,True,False,True,True,False
2210596683,10.3402/ejpt.v6.29313,2015.0,article,European journal of psychotraumatology,Evaluating predictive screening for children's post-injury mental health: New data and a replication,False,proceed,True,False,True,False,True
4308579423,10.1162/nol_a_00088,2022.0,article,Neurobiology of Language,Predictive Coding and Internal Error Correction in Speech Production,False,proceed,False,False,False,True,False
2142829897,10.2337/db07-0970,2007.0,article,Diabetes,Identification and Replication of a Novel Obesity Locus on Chromosome 1q24 in Isolated Populations of Cilento,False,proceed,False,True,True,False,True
1986521246,10.1002/brb3.313,2015.0,article,Brain and Behavior,Involvement of <scp>GPR</scp>50 polymorphisms in depression: independent replication in a prospective elderly cohort,False,proceed,False,True,True,False,True
4313327776,10.3390/vision7010003,2022.0,article,Vision,The Relation between Ensemble Coding of Length and Orientation Does Not Depend on Spatial Attention,False,proceed,True,True,True,False,False
4282937736,10.1158/1055-9965.epi-22-0069,2022.0,article,Cancer Epidemiology Biomarkers & Prevention,Association between Ancestry-Specific 6q25 Variants and Breast Cancer Subtypes in Peruvian Women,False,proceed,True,False,True,False,False
3034612146,10.1093/schizbullopen/sgaa009,2020.0,article,Schizophrenia Bulletin Open,Replication of Associations With Psychotic-Like Experiences in Middle Childhood From the Adolescent Brain Cognitive Development (ABCD) Study,False,proceed,True,True,True,True,True
2546821571,10.1016/j.dadm.2016.09.003,2016.0,article,Alzheimer s & Dementia Diagnosis Assessment & Disease Monitoring,Prospective associations of plasma phospholipids and mild cognitive impairment/dementia among African Americans in the ARIC Neurocognitive Study,False,proceed,True,False,False,True,False
2039163729,10.1158/1055-9965.epi-14-0753,2014.0,article,Cancer Epidemiology Biomarkers & Prevention,Mitochondrial DNA Copy Number and Chronic Lymphocytic Leukemia/Small Lymphocytic Lymphoma Risk in Two Prospective Studies,False,proceed,True,False,True,False,False
2283728539,10.1111/gbb.12286,2016.0,article,Genes Brain & Behavior,The genetics of neuroticism and human values,False,proceed,True,False,True,False,False
3114972706,10.1073/pnas.2014271117,2020.0,article,Proceedings of the National Academy of Sciences,Transfer of information across repeated decisions in general and in obsessive–compulsive disorder,False,proceed,False,True,True,False,False
2019894444,10.1073/pnas.0914079107,2010.0,article,Proceedings of the National Academy of Sciences,Kinesin-associated protein 3 (KIFAP3) has no effect on survival in a population-based cohort of ALS patients,False,proceed,True,False,True,True,False
2029996644,10.1073/pnas.0508189103,2006.0,article,Proceedings of the National Academy of Sciences,A functional variant of the dopamine D <sub>3</sub> receptor is associated with risk and age-at-onset of essential tremor,False,proceed,True,False,True,False,False
2065594130,10.1073/pnas.0408670102,2005.0,article,Proceedings of the National Academy of Sciences,No association between microsomal triglyceride transfer protein ( <i>MTP</i> ) haplotype and longevity in humans,False,proceed,True,False,False,True,False
2587114268,10.1073/pnas.1615198114,2017.0,article,Proceedings of the National Academy of Sciences,Failure to reproduce <i>period</i> -dependent song cycles in <i>Drosophila</i> is due to poor automated pulse-detection and low-intensity courtship,False,proceed,True,False,False,False,True
4310787124,10.1073/pnas.2210082119,2022.0,article,Proceedings of the National Academy of Sciences,The restart effect in social dilemmas shows humans are self-interested not altruistic,False,proceed,False,False,True,False,False
4403055751,10.1007/s00213-024-06679-6,2024.0,article,Psychopharmacology,Choice of alcohol over a natural reward: an experimental study in light and heavy social drinkers,False,proceed,True,False,False,False,False
4366683944,10.1038/s41598-023-33424-4,2023.0,article,Scientific Reports,Evaluating the impact of first-yes-counts instructions on eyewitness performance using the two-high threshold eyewitness identification model,False,proceed,True,True,True,False,False
4379508616,10.1007/s00426-023-01841-9,2023.0,article,Psychological Research,"On the interplay of curiosity, confidence, and importance in knowing information",False,proceed,True,False,False,False,True
4406870511,10.1038/s41598-024-83794-6,2025.0,article,Scientific Reports,Who is American? A comprehensive analysis of the American = White/Foreign = Asian stereotype (2007–2023),False,proceed,True,False,True,False,False
4400649852,10.1007/s44217-024-00190-y,2024.0,article,Discover Education,Replication to first-year undergraduate students’ knowledge of academic misconduct,False,proceed,True,False,False,False,True
4386274047,10.3758/s13428-023-02221-2,2023.0,article,Behavior Research Methods,"The validation of online webcam-based eye-tracking: The replication of the cascade effect, the novelty preference, and the visual world paradigm",False,proceed,True,True,True,True,True
4400325466,10.1093/schbul/sbae112,2024.0,article,Schizophrenia Bulletin,"Association of Positive, Negative, and Disorganized Schizotypy With the Temporal Dynamics of Schizotypic Experiences in Daily Life",False,discard,False,False,True,False,False
4319225503,10.1038/s41398-023-02339-z,2023.0,article,Translational Psychiatry,"Oxytocin vs. placebo effects on intrusive memory consolidation using a trauma film paradigm: a randomized, controlled experimental study in healthy women",False,discard,False,False,True,False,False
4401855227,10.1038/s44271-024-00128-y,2024.0,article,Communications Psychology,Independent replications reveal anterior and posterior cingulate cortex activation underlying state anxiety-attenuated face encoding,False,proceed,True,True,True,True,True
4319812178,10.1038/s41598-023-28676-z,2023.0,article,Scientific Reports,"Presenting rose odor during learning, sleep and retrieval helps to improve memory consolidation: a real-life study",False,proceed,True,False,True,False,False
4404449838,10.1038/s41598-024-78791-8,2024.0,article,Scientific Reports,Task-irrelevant stimuli reliably boost phasic pupil-linked arousal but do not affect decision formation,False,discard,False,False,True,False,False
4392861971,10.3758/s13414-024-02869-8,2024.0,article,Attention Perception & Psychophysics,Self-prioritization in working memory gating,False,discard,False,False,True,True,False
4395684102,10.1038/s41531-024-00695-1,2024.0,article,npj Parkinson s Disease,No evidence for an association of voxel-based morphometry with short-term non-motor outcomes in deep brain stimulation for Parkinson’s disease,False,discard,False,False,True,False,False
4400877861,10.3758/s13421-024-01610-y,2024.0,article,Memory & Cognition,Load effect of visual working memory on distractor interference: An investigation with two replication experiments,False,proceed,True,True,True,False,True
4386046320,10.1007/s00221-023-06688-5,2023.0,article,Experimental Brain Research,Temporal adaptation of sensory attenuation for self-touch,False,proceed,True,False,True,False,False
4416210414,10.1038/s44271-025-00364-w,2025.0,article,Communications Psychology,Brief empathy interventions online can decrease but not increase empathic tendencies,False,proceed,False,False,True,True,False
4391823823,10.1007/s00787-024-02385-y,2024.0,article,European Child & Adolescent Psychiatry,Is neighbourhood deprivation in primary school-aged children associated with their mental health and does this association change over 30 months?,False,proceed,True,False,True,True,False
4387730247,10.1038/s41598-023-40982-0,2023.0,article,Scientific Reports,Context reexposure to bolster contextual dependency of emotional episodic memory,False,proceed,False,False,True,False,False
4401793895,10.1038/s41598-024-70299-5,2024.0,article,Scientific Reports,"Individual differences in interoception and autistic traits share altered facial emotion perception, but not recognition per se",False,discard,False,False,True,False,False
4402601059,10.1186/s10194-024-01865-5,2024.0,article,The Journal of Headache and Pain,Concordance between venous sinus pressure and intracranial pressure in patients investigated for idiopathic intracranial hypertension,False,proceed,True,True,True,False,False
4372271434,10.3758/s13414-023-02708-2,2023.0,article,Attention Perception & Psychophysics,Response-repetition costs in task switching do not index a simple response-switch bias: Evidence from manipulating the number of response alternatives,False,discard,False,False,True,False,False
4393280463,10.3758/s13415-024-01185-w,2024.0,article,Cognitive Affective & Behavioral Neuroscience,Challenges in replication: Does amygdala gray matter volume relate to social network size?,False,proceed,True,True,True,False,True
4324309875,10.1038/s41598-023-31063-3,2023.0,article,Scientific Reports,On the role of inhibition in suppression-induced forgetting,False,proceed,True,False,True,False,False
4401658863,10.1038/s41598-024-69468-3,2024.0,article,Scientific Reports,Moving spiders do not boost visual search in spider fear,False,discard,False,True,True,False,False
4413107137,10.3758/s13415-025-01326-9,2025.0,article,Cognitive Affective & Behavioral Neuroscience,Intertemporal Pavlovian biases and links with mental health in the general population,False,proceed,True,False,True,True,False
4391612526,10.1038/s41598-024-53090-4,2024.0,article,Scientific Reports,Cognitive control adjustments are dependent on the level of conflict,False,proceed,False,False,True,False,False
4389791525,10.1038/s41598-023-48874-z,2023.0,article,Scientific Reports,Reward conditioning may not have an effect on category-specific memory,False,proceed,True,False,False,True,False
4410488951,10.1016/j.bneo.2025.100118,2025.0,article,Blood Neoplasia,Replication of a GWAS signal near HLA-DQA2 with AML using a disease-only cohort and external population-based controls,False,proceed,True,True,True,False,True
4407199927,10.3758/s13414-025-03015-8,2025.0,article,Attention Perception & Psychophysics,How eccentricity modulates attention capture by direct face/gaze and sudden onset motion,False,discard,False,False,False,False,False
4402938797,10.1038/s41598-024-72749-6,2024.0,article,Scientific Reports,"Lack of optimistic bias during social evaluation learning reflects reduced positive self-beliefs in depression and social anxiety, but via distinct mechanisms",False,proceed,True,True,True,False,False
4390692063,10.1007/s00221-023-06766-8,2024.0,article,Experimental Brain Research,Induced oscillatory brain responses under virtual reality conditions in the context of repetition priming,False,proceed,False,False,True,False,False
3133737958,10.3758/s13414-024-02855-0,2024.0,article,Attention Perception & Psychophysics,Short-term transfer effects of Tetris on mental rotation: Review and registered report — A Bayesian approach,False,proceed,False,True,True,False,True
4318756867,10.1007/s00221-023-06560-6,2023.0,article,Experimental Brain Research,Slipping while counting: gaze–gait interactions during perturbed walking under dual-task conditions,False,proceed,True,True,True,False,False
4383058955,10.1007/s00426-023-01854-4,2023.0,article,Psychological Research,How does it feel? Passage of time judgments in speeded RT performance,False,discard,False,False,False,False,False
4416892022,10.1038/s41598-025-27622-5,2025.0,article,Scientific Reports,"Roles of administration route, expectation, and belief in placebos in a randomized controlled trial with open-label placebos",False,proceed,False,False,False,False,False
4411274169,10.3758/s13414-025-03095-6,2025.0,article,Attention Perception & Psychophysics,Errors in visual search: How can we reduce them?,False,proceed,True,True,True,False,False
4391405563,10.1177/26331055241228308,2024.0,article,Neuroscience Insights,"Revisiting the Chicken Auditory Brainstem Response: Frequency Specificity, Threshold Sensitivity, and Cross Species Comparison",False,proceed,False,True,True,False,False
4411404159,10.1016/j.ynstr.2025.100741,2025.0,article,Neurobiology of Stress,Effects of gender-affirming hormones on diurnal cortisol concentrations: A prospective study,False,proceed,True,True,True,False,False
4406592500,10.1080/00049530.2024.2426661,2025.0,article,Australian Journal of Psychology,"The effects of race, gender, and alcohol cues on anger perception in crowds",False,discard,False,False,True,False,False
4403273339,10.1080/09658211.2024.2412025,2024.0,article,Memory,Two replications of Wiechert et al.’s (2023) online Think/No-Think study in undergraduate students,False,proceed,True,True,True,False,True
2121820194,10.1001/jama.2010.574,2010.0,review,JAMA,Genome-wide Analysis of Genetic Loci Associated With Alzheimer Disease,False,proceed,True,False,False,False,False
2587467493,10.1007/s10683-017-9527-2,2017.0,article,Experimental Economics,Conducting interactive experiments online,False,proceed,False,False,True,False,False
4353095433,10.1016/j.nicl.2023.103384,2023.0,article,NeuroImage Clinical,Motion-selective areas V5/MT and MST appear resistant to deterioration in choroideremia,False,proceed,True,True,True,False,False
4319158237,10.1177/27550311231152901,2023.0,article,Journal of Management Scientific Reports,Supervisor's organizational embodiment is leader group prototypicality: Addressing construct redundancy through replication,False,proceed,False,False,False,False,True
2129089052,10.1186/1546-0096-12-53,2014.0,article,Pediatric Rheumatology,Independent confirmation of juvenile idiopathic arthritis genetic risk loci previously identified by immunochip array analysis,False,proceed,True,True,True,True,True
2134836255,10.1186/1129-2377-15-59,2014.0,article,The Journal of Headache and Pain,Central effects of acetylsalicylic acid on trigeminal-nociceptive stimuli,False,proceed,False,False,True,False,False
4388912472,10.1186/s41235-023-00524-8,2023.0,article,Cognitive Research Principles and Implications,To see or not to see: the parallel processing of self-relevance and facial expressions,False,proceed,False,False,True,False,False
2883454098,10.1186/s12881-018-0637-2,2018.0,article,BMC Medical Genetics,Association between DSCAM polymorphisms and non-syndromic Hirschsprung disease in Chinese population,False,proceed,True,False,False,True,False
2127020242,10.1186/1471-2350-9-51,2008.0,article,BMC Medical Genetics,The NEI/NCBI dbGAP database: Genotypes and haplotypes that may specifically predispose to risk of neovascular age-related macular degeneration,False,proceed,False,False,True,False,False
2279723444,10.1186/s13148-016-0177-6,2016.0,article,Clinical Epigenetics,Epigenetic associations of type 2 diabetes and BMI in an Arab population,False,proceed,False,False,True,True,False
2036915676,10.1097/00054725-200405000-00001,2004.0,article,Inflammatory Bowel Diseases,Inflammatory Bowel Disease Is Linked to 19p13 and Associated with ICAM-1,False,proceed,False,False,True,False,False
2107493719,10.1210/jc.2008-0718,2008.0,article,The Journal of Clinical Endocrinology & Metabolism,Association of Type 1 Diabetes with Two Loci on 12q13 and 16p13 and the Influence Coexisting Thyroid Autoimmunity in Japanese,False,proceed,True,False,True,False,False
4281654628,10.1038/s41598-022-12816-y,2022.0,article,Scientific Reports,Sociality of future outcomes moderates the effects of warmth and competence on social optimism bias,False,proceed,False,True,True,False,False
2162321301,10.1093/carcin/bgq263,2010.0,article,Carcinogenesis,Progesterone receptor gene variants and risk of endometrial cancer,False,proceed,False,False,True,False,False
2062595356,10.1111/j.1542-4774.2012.01110.x,2013.0,article,Journal of the European Economic Association,PROXYING FOR UNOBSERVABLE VARIABLES WITH INTERNET DOCUMENT-FREQUENCY,False,proceed,False,False,False,False,False
2097049837,10.1186/1478-7954-7-17,2009.0,article,Population Health Metrics,Replication of an empirical approach to delineate the heterogeneity of chronic unexplained fatigue,False,proceed,True,True,False,True,True
2889534860,10.1038/s41531-018-0064-2,2018.0,article,npj Parkinson s Disease,Antibody biomarker for de novo Parkinson disease: attempted validation,False,proceed,True,False,True,True,False
2097932095,10.1093/rheumatology/ker444,2012.0,article,Lara D. Veeken,Replication of a microsatellite genome-wide association study of Behcet's disease in a Korean population,False,proceed,True,True,True,False,True
3145417634,10.1038/s41598-021-87130-0,2021.0,article,Scientific Reports,Lack of association of CD44-rs353630 and CHI3L2-rs684559 with pancreatic ductal adenocarcinoma survival,False,proceed,True,False,True,True,False
2007457611,10.1002/ibd.21752,2011.0,article,Inflammatory Bowel Diseases,Independent Replication of an Association of CNVR7113.6 with Crohnʼs Disease in Caucasians,False,proceed,True,True,False,False,True
2023334640,10.1093/geronj/37.6.713,1982.0,article,Journal of Gerontology,Explicating Activity Theory: A Formal Replication,False,proceed,True,True,False,False,True
4405234850,10.1093/cercor/bhae428,2024.0,article,Cerebral Cortex,Neural dynamics of attentional resource allocation in early visual cortex: emotional scenes produce competitive interactions,False,proceed,False,True,True,False,False
4392200400,10.1093/molbev/msae042,2024.0,article,Molecular Biology and Evolution,PlantFUNCO: Integrative Functional Genomics Database Reveals Clues into Duplicates Divergence Evolution,False,discard,False,False,True,False,False
2992380880,10.1038/s41380-019-0621-z,2019.0,article,Molecular Psychiatry,Replicability of structural brain alterations associated with general psychopathology: evidence from a population-representative birth cohort,False,proceed,True,False,True,True,True
4214906812,10.3758/s13414-022-02459-6,2022.0,article,Attention Perception & Psychophysics,Excess success in articles on object-based attention,False,discard,False,True,True,False,True
2117125463,10.1093/ntr/ntr153,2011.0,article,Nicotine & Tobacco Research,Chromosome 20 Shows Linkage With DSM-IV Nicotine Dependence in Finnish Adult Smokers,False,proceed,False,True,True,False,False
2013405293,10.1186/ar2136,2007.0,article,Arthritis Research & Therapy,CTLA-4+49A/G and CT60 gene polymorphisms in primary Sjögren syndrome,False,discard,False,False,True,False,False
2118632059,10.1093/rheumatology/kei008,2005.0,article,Lara D. Veeken,PADI4 polymorphisms are not associated with rheumatoid arthritis in the Spanish population,False,proceed,True,False,True,False,False
3086471466,10.1038/s41467-020-18360-5,2020.0,article,Nature Communications,Accelerating eye movement research via accurate and affordable smartphone eye tracking,False,proceed,False,False,True,False,False
2324788546,10.1093/geronj/48.1.s28,1993.0,article,Journal of Gerontology,Replication of the Multidimensionality of Activities of Daily Living,False,proceed,True,True,True,True,True
4367601268,10.1186/s12888-023-04812-x,2023.0,article,BMC Psychiatry,The Bergen 4-day treatment for panic disorder: implementation in a rural clinical setting,False,proceed,False,False,True,False,False
4225910309,10.1038/s41598-022-10647-5,2022.0,article,Scientific Reports,Periodic attention operates faster during more complex visual search,False,proceed,True,True,True,False,False
4411077650,10.1007/s00429-025-02947-z,2025.0,article,Brain Structure and Function,The deep winding at the brain surface: replicating a historical report associating the ‘bridged’ central sulcus with the pli de passage fronto-pariétal moyen,False,proceed,False,True,True,False,True
4318940738,10.7759/cureus.34566,2023.0,article,Cureus,Reaffirming a Positive Correlation Between Number of Vaccine Doses and Infant Mortality Rates: A Response to Critics,False,proceed,True,False,False,False,True
2765862284,10.1038/s41598-017-15226-7,2017.0,article,Scientific Reports,Enhanced Attentional Bias Variability in Post-Traumatic Stress Disorder and its Relationship to More General Impairments in Cognitive Control,False,proceed,True,False,False,False,False
3037932330,10.1038/s41598-020-67455-y,2020.0,article,Scientific Reports,Three visual working memory representations simultaneously control attention,False,proceed,True,False,True,True,False
3002104698,10.1038/s41598-020-57613-7,2020.0,article,Scientific Reports,How odor cues help to optimize learning during sleep in a real life-setting,False,proceed,True,False,False,False,False
3124223530,10.1038/s41598-021-91381-2,2021.0,article,Scientific Reports,Visual gamma oscillations predict sensory sensitivity in females as they do in males,False,proceed,True,False,True,False,False
4396704573,10.1186/s12992-023-01012-w,2024.0,article,Globalization and Health,Global smoking-related deaths averted due to MPOWER policies implemented at the highest level between 2007 and 2020,False,discard,False,True,True,False,False
4388572116,10.1186/s13098-023-01204-9,2023.0,article,Diabetology & Metabolic Syndrome,Genetic risk scores: are they important for diabetes management? results from multiple cross-sectional studies,False,proceed,True,False,False,False,False
3154734681,10.1038/s41598-021-87338-0,2021.0,article,Scientific Reports,Differences in digit ratios between gay men who prefer receptive versus insertive sex roles indicate a role for prenatal androgen,False,proceed,True,False,True,False,False
4292373338,10.1007/s00221-022-06411-w,2022.0,article,Experimental Brain Research,Contextual and own-age effects in age perception,False,proceed,True,False,False,False,False
3006628735,10.1016/j.appet.2020.104628,2020.0,article,Appetite,"The role of memory ability, depth and mode of recall in the impact of memory on later consumption",False,proceed,False,False,False,True,False
3034107302,10.1093/glycob/cwaa053,2020.0,article,Glycobiology,Replication of 15 loci involved in human plasma protein N-glycosylation in 4802 samples from four cohorts,False,proceed,False,False,True,False,True
4280557407,10.1177/03010066221096987,2022.0,article,Perception,The pairs training effect in unfamiliar face matching,False,proceed,True,True,True,False,False
2132382310,10.1002/art.39302,2015.0,article,Arthritis & Rheumatology,Brief Report: Lack of Replication of an Association Between Anti–Citrullinated Fibrinogen and Subclinical Atherosclerosis in Patients With Rheumatoid Arthritis,False,proceed,True,True,False,True,True
2146930996,10.1093/hmg/8.6.1085,1999.0,article,Human Molecular Genetics,The timing of XIST replication: dominance of the domain,False,proceed,False,False,True,False,True
4368359344,10.1037/abn0000809,2023.0,article,Journal of Psychopathology and Clinical Science,Coexpression of anticipatory and consummatory volitional deficits in schizophrenia and their association with memory impairment.,False,proceed,False,False,True,False,False
1984196654,10.1186/1471-2458-8-120,2008.0,article,BMC Public Health,Stages of development and injury: An epidemiological survey of young children presenting to an emergency department,False,proceed,True,False,True,True,False
2136266102,10.1046/j.1467-9450.2003.00363.x,2003.0,article,Scandinavian Journal of Psychology,A strict response criterion yields a mirror effect in the novelty paradigm,False,proceed,True,False,True,False,False
2129251415,10.1371/journal.pone.0013562,2010.0,article,PLoS ONE,A Quick Mind with Letters Can Be a Slow Mind with Natural Scenes: Individual Differences in Attentional Selection,False,proceed,False,False,True,False,False
3201218752,10.1186/s40478-021-01250-2,2021.0,article,Acta Neuropathologica Communications,"Analysis of genes (TMEM106B, GRN, ABCC9, KCNMB2, and APOE) implicated in risk for LATE-NC and hippocampal sclerosis provides pathogenetic insights: a retrospective genetic association study",False,proceed,False,True,True,False,False
2039082146,10.1186/1471-2474-9-19,2008.0,article,BMC Musculoskeletal Disorders,The influence of expectation on spinal manipulation induced hypoalgesia: An experimental study in normal subjects,False,proceed,True,False,True,False,False
3133587444,10.1007/s12021-021-09512-z,2021.0,article,Neuroinformatics,"Excavating FAIR Data: the Case of the Multicenter Animal Spinal Cord Injury Study (MASCIS), Blood Pressure, and Neuro-Recovery",False,proceed,True,False,False,False,False
2221172874,10.1186/s40064-016-2303-5,2016.0,article,SpringerPlus,Chocolate scents and product sales: a randomized controlled trial in a Canadian bookstore and café,False,proceed,True,False,True,False,True
4220947390,10.1186/s41235-022-00372-y,2022.0,article,Cognitive Research Principles and Implications,Interpolated testing and content pretesting as interventions to reduce task-unrelated thoughts during a video lecture,False,proceed,True,False,False,True,False
3102330040,10.1186/s41235-020-00260-3,2020.0,article,Cognitive Research Principles and Implications,Wielding a gun increases judgments of others as holding guns: a randomized controlled trial,False,proceed,True,True,True,False,True
2138539333,10.1186/1477-5751-5-18,2006.0,article,Journal of Negative Results in BioMedicine,A study of association between common variation in the growth hormone-chorionic somatomammotropin hormone gene cluster and adult fasting insulin in a UK Caucasian population,False,proceed,True,True,True,False,False
1511330556,10.1186/s12952-015-0029-5,2015.0,article,Journal of Negative Results in BioMedicine,Case-control association between CCT-associated variants and keratoconus in a Saudi Arabian population,False,proceed,True,False,True,False,False
2152907408,10.1186/1471-244x-11-103,2011.0,article,BMC Psychiatry,Is Ankyrin a genetic risk factor for psychiatric phenotypes?,False,proceed,True,True,True,True,False
3013435517,10.1186/s12916-020-01518-9,2020.0,article,BMC Medicine,"Non-confirming replication of “Performance of InSilicoVA for assigning causes of death to verbal autopsies: multisite validation study using clinical diagnostic gold standards,” by Flaxman et al.",False,proceed,True,True,True,True,True
2970685495,10.1186/s13104-019-4590-8,2019.0,article,BMC Research Notes,Exploration of shared genetic susceptibility loci between type 1 diabetes and rheumatoid arthritis in the Pakistani population,False,proceed,True,False,True,True,False
2107453992,10.1186/1755-8794-3-47,2010.0,article,BMC Medical Genomics,Admixture mapping of end stage kidney disease genetic susceptibility using estimated mutual information ancestry informative markers,False,proceed,False,False,False,False,False
4312128759,10.1038/s41598-022-25538-y,2022.0,article,Scientific Reports,Social mindfulness predicts concern for nature and immigrants across 36 nations,False,proceed,True,True,True,False,False
3210248941,10.3758/s13414-021-02382-2,2021.0,article,Attention Perception & Psychophysics,From eye to arrow: Attention capture by direct gaze requires more than just the eyes,False,proceed,False,False,True,False,False
3197746584,10.3758/s13421-021-01230-w,2021.0,article,Memory & Cognition,Effects of pointing movements on visuospatial working memory in a joint-action condition: Evidence from eye movements,False,proceed,True,False,True,False,False
3190028343,10.3758/s13423-021-01960-7,2021.0,article,Psychonomic Bulletin & Review,Change not State: Perceptual coupling in multistable displays reflects transient bias induced by perceptual change,False,proceed,False,True,True,False,False
4281751031,10.3758/s13414-022-02496-1,2022.0,article,Attention Perception & Psychophysics,Pitch chroma information is processed in addition to pitch height information with more than two pitch-range categories,False,proceed,True,True,True,False,False
2114906703,10.1186/ar2654,2009.0,article,Arthritis Research & Therapy,Testing for the association of the KIAA1109/Tenr/IL2/IL21gene region with rheumatoid arthritis in a European family-based study,False,proceed,True,True,True,True,False
3201262201,10.1007/s00426-021-01593-4,2021.0,article,Psychological Research,Mental heartbeat tracking and rating of emotional pictures are not related,False,proceed,True,False,False,False,False
2799569629,10.1007/s00439-018-1889-9,2018.0,article,Human Genetics,Evidence of distinct RELN and TGFB1 genetic associations in familial and non-familial otosclerosis in a British population,False,proceed,True,False,False,True,False
1992123148,10.1007/s11357-012-9502-y,2013.0,article,AGE,Voluntary exercise can strengthen the circadian system in aged mice,False,discard,False,False,True,False,False
3108135670,10.3758/s13414-020-02159-z,2020.0,article,Attention Perception & Psychophysics,Distractor suppression leads to reduced flanker interference,False,proceed,True,False,True,False,False
2163733282,10.1186/1744-9081-2-39,2006.0,article,Behavioral and Brain Functions,Association study of the vesicular monoamine transporter 1 (VMAT1) gene with schizophrenia in a Japanese population,False,proceed,True,False,True,True,False
1990691820,10.1038/ejhg.2014.137,2014.0,article,European Journal of Human Genetics,Evaluation of European coeliac disease risk variants in a north Indian population,False,proceed,False,False,True,False,False
3017351332,10.3389/fnins.2020.00342,2020.0,article,Frontiers in Neuroscience,Goal-Conflict EEG Theta and Biased Economic Decisions: A Role for a Second Negative Motivation System,False,proceed,True,False,False,False,False
4327680943,10.1186/s41235-023-00466-1,2023.0,article,Cognitive Research Principles and Implications,Restricting the distribution of visual attention reduces cybersickness,False,proceed,True,False,False,True,False
2097609153,10.1186/1742-2094-3-33,2006.0,article,Journal of Neuroinflammation,Replication of the association of HLA-B7 with Alzheimer's disease: a role for homozygosity?,False,proceed,True,True,True,False,True
2919219482,10.3758/s13421-019-00916-6,2019.0,article,Memory & Cognition,Charting the trajectory of forgetting: Insights from a working memory period paradigm,False,proceed,True,False,True,False,False
2124134927,10.1186/1476-511x-11-155,2012.0,article,Lipids in Health and Disease,Evaluation of seven common lipid associated loci in a large Indian sib pair study,False,proceed,True,False,True,False,True
4295290178,10.1007/s00426-022-01734-3,2022.0,article,Psychological Research,Does attentional suppression occur at the level of perception or decision-making? Evidence from Gaspelin et al.’s (2015) probe letter task,False,proceed,True,False,False,False,False
2025439004,10.1007/s00125-015-3508-9,2015.0,article,Diabetologia,"A cautionary tale: the non-causal association between type 2 diabetes risk SNP, rs7756992, and levels of non-coding RNA, CDKAL1-v1",False,proceed,True,True,True,False,False
4226087044,10.1038/s41598-021-03310-y,2021.0,article,Scientific Reports,Electronic nicotine delivery systems exhibit reduced bronchial epithelial cells toxicity compared to cigarette: the Replica Project,False,proceed,True,True,True,True,False
4327923972,10.1016/j.dib.2023.109079,2023.0,article,Data in Brief,Antecedents and consequences of corporate reputation: A dataset,False,proceed,False,True,True,False,True
2746115941,10.1186/s12891-017-1731-x,2017.0,article,BMC Musculoskeletal Disorders,Lack of association between AKAP2 and the susceptibility of adolescent idiopathic scoliosis in the Chinese population,False,proceed,True,True,True,False,False
4297271271,10.1111/jcpp.13682,2022.0,article,Journal of Child Psychology and Psychiatry,Replication of a predictive model for youth <scp>ADHD</scp> in an independent sample from a developing country,False,proceed,True,True,False,True,True
2997362316,10.3758/s13423-019-01695-6,2020.0,article,Psychonomic Bulletin & Review,Tracking two pleasures,False,proceed,False,True,True,False,False
3047650873,10.1007/s10484-020-09484-x,2020.0,article,Applied Psychophysiology and Biofeedback,Efficiency of Illusory Choice Used as a Variant of Situation Selection for Regulating Emotions: Reduction of Positive Experience But Preservation of Physiological Downregulation,False,proceed,True,False,True,False,False
3133749089,10.1186/s40359-021-00536-3,2021.0,article,BMC Psychology,Doorways do not always cause forgetting: a multimodal investigation,False,proceed,True,False,False,True,False
4213336622,10.3758/s13415-022-00983-4,2022.0,article,Cognitive Affective & Behavioral Neuroscience,Cognitive and emotional regulation processes of spontaneous facial self-touch are activated in the first milliseconds of touch: Replication of previous EEG findings and further insights,False,proceed,True,True,True,False,True
3021833539,10.1186/s40359-020-00414-4,2020.0,article,BMC Psychology,Is there prejudice from thin air? Replicating the effect of emotion on automatic intergroup attitudes,False,proceed,True,True,False,True,True
2156898385,10.1186/1742-2094-6-22,2009.0,article,Journal of Neuroinflammation,Replication by the Epistasis Project of the interaction between the genes for IL-6 and IL-10 in the risk of Alzheimer's disease,False,proceed,True,False,True,False,True
4212791799,10.3758/s13421-022-01287-1,2022.0,article,Memory & Cognition,"Are some effector systems harder to switch to? In search of cost asymmetries when switching between manual, vocal, and oculomotor tasks",False,proceed,True,False,False,False,False
2022088385,10.1186/s12881-014-0102-9,2014.0,article,BMC Medical Genetics,Replication and exploratory analysis of 24 candidate risk polymorphisms for neural tube defects,False,proceed,True,False,True,False,True
2981448726,10.1186/s12955-019-1216-8,2019.0,article,Health and Quality of Life Outcomes,DEMQOL and DEMQOL-Proxy: a Rasch analysis among those diagnosed with dementia,False,proceed,True,True,True,False,False
2118920852,10.1161/jaha.115.001980,2015.0,article,Journal of the American Heart Association,Significant Association Between <i>CAV1</i> Variant rs3807989 on 7p31 and Atrial Fibrillation in a Chinese Han Population,False,proceed,True,False,True,False,False
2806851250,10.3758/s13428-018-1066-z,2018.0,article,Behavior Research Methods,Comparing the use of open and closed questions for Web-based measures of the continued-influence effect,False,discard,False,False,True,False,False
2324231126,10.1186/s12881-016-0278-2,2016.0,article,BMC Medical Genetics,Variants of PLCXD3 are not associated with variant or sporadic Creutzfeldt-Jakob disease in a large international study,False,proceed,True,False,False,True,False
2035894989,10.1007/s10654-011-9583-4,2011.0,article,European Journal of Epidemiology,Influence of common variants in FTO and near INSIG2 and MC4R on growth curves for adiposity in African– and European–American youth,False,proceed,True,False,True,False,False
2518652905,10.1186/s12939-016-0428-3,2016.0,article,International Journal for Equity in Health,The relationship between the Maria da Penha Law and intimate partner violence in two Brazilian states,False,proceed,False,False,True,False,False
2920401139,10.3758/s13414-019-01689-5,2019.0,article,Attention Perception & Psychophysics,"Spill the load: Mixed evidence for a foveal load effect, reliable evidence for a spillover effect in eye-movement control during reading",False,proceed,True,False,False,True,False
2076554060,10.1186/s12889-015-1455-5,2015.0,article,BMC Public Health,Nicotine dependence in an isolated population of Kashubians from North Poland: a population survey,False,proceed,False,True,True,True,False
4379193897,10.1016/j.abrep.2023.100500,2023.0,article,Addictive Behaviors Reports,“Losses disguised as wins” in electronic gambling machines contribute to win overestimation in a large online sample,False,proceed,True,False,True,False,True
3119543092,10.1186/s12920-020-00854-2,2021.0,article,BMC Medical Genomics,"Association between triglycerides, known risk SNVs and conserved rare variation in SLC25A40 in a multi-ancestry cohort",False,proceed,True,False,True,True,False
3086650132,10.3758/s13421-020-01092-8,2020.0,article,Memory & Cognition,Be coherent and become heard: The multidimensional impact of narrative coherence on listeners’ social responses,False,proceed,True,False,False,False,False
2036533488,10.1007/s00439-011-0972-2,2011.0,article,Human Genetics,Identification of QTL genes for BMD variation using both linkage and gene-based association approaches,False,proceed,True,False,True,True,False
3206787576,10.1186/s13148-021-01162-x,2021.0,article,Clinical Epigenetics,Impact of BMI and waist circumference on epigenome-wide DNA methylation and identification of epigenetic biomarkers in blood: an EWAS in multi-ethnic Asian individuals,False,proceed,False,False,True,False,False
2138920912,10.1186/2040-2392-1-8,2010.0,article,Molecular Autism,Genome-wide linkage using the Social Responsiveness Scale in Utah autism pedigrees,False,proceed,True,False,True,False,False
4380680553,10.3389/fnint.2023.935177,2023.0,article,Frontiers in Integrative Neuroscience,Toward reproducible models of sequence learning: replication and analysis of a modular spiking network with reward-based learning,False,proceed,True,True,False,True,True
3007030355,10.1371/journal.pone.0229310,2020.0,article,PLoS ONE,"Zen meditation neutralizes emotional evaluation, but not implicit affective processing of words",False,discard,False,False,True,False,False
3035370644,10.3758/s13414-020-02073-4,2020.0,article,Attention Perception & Psychophysics,Temporal persistence of after-effects in the n-1 replication task,False,discard,False,False,True,False,True
2013574060,10.1007/s40264-014-0138-y,2014.0,article,Drug Safety,Exposure to Oral Fluoroquinolones and the Risk of Retinal Detachment: Retrospective Analyses of Two Large Healthcare Databases,False,proceed,True,False,True,False,False
1520763590,10.1111/j.1365-2052.2011.02294.x,2011.0,article,Animal Genetics,Replication and refinement of a quantitative trait locus influencing milk protein percentage on ovine chromosome 3,False,proceed,False,False,False,False,True
1602992022,10.1111/psyp.12176,2014.0,article,Psychophysiology,"Heart rate, startle response, and intrusive trauma memories",False,proceed,True,True,True,False,False
2137877684,10.1111/j.1600-0722.2010.00801.x,2011.0,article,European Journal Of Oral Sciences,No evidence for a role of<i>CRISPLD2</i>in non‐syndromic cleft lip with or without cleft palate in an Italian population,False,proceed,False,False,True,False,False
2012166465,10.1111/j.1532-5415.1989.tb06814.x,1989.0,article,Journal of the American Geriatrics Society,Use of the Functional Assessment Inventory to Distinguish Among the Rural Elderly in Five Service Settings,False,proceed,True,False,True,False,False
1575385694,10.1111/j.1365-2516.2010.02473.x,2011.0,article,Haemophilia,A case-control study reveals immunoregulatory gene haplotypes that influence inhibitor risk in severe haemophilia A,False,proceed,True,True,True,False,False
1977065133,10.1111/j.1467-7687.2007.00635.x,2007.0,article,Developmental Science,Temporal discrimination increases in precision over development and parallels the development of numerosity discrimination,False,proceed,True,False,True,False,False
2058076503,10.1111/j.1398-9995.2008.01699.x,2008.0,article,Allergy,Evidence for an asthma risk locus on chromosome Xp: a replication linkage study,False,proceed,True,True,True,True,True
2069359258,10.1002/art.33381,2011.0,article,Arthritis & Rheumatism,Replication of association of the <i>PTPRC</i> gene with response to anti–tumor necrosis factor therapy in a large UK cohort,False,proceed,True,False,False,False,True
339336225,10.3233/jad-2009-1200,2009.0,article,Journal of Alzheimer s Disease,GOLPH2 Gene Markers are Not Associated with Alzheimer's Disease in a Sample of the Spanish Population,False,proceed,True,False,True,False,False
2075456319,10.2466/pms.102.1.73-74,2006.0,article,Perceptual and Motor Skills,Buying Books Online: A Replication,False,proceed,True,True,True,False,True
4411111695,10.1093/aje/kwaf120,2025.0,article,American Journal of Epidemiology,A causal and replication analysis of claims that jet lag affects team sport performance,False,proceed,False,False,False,True,True
1985914358,10.1016/j.jmpt.2011.09.001,2011.0,article,Journal of Manipulative and Physiological Therapeutics,Immunization Status of Adult Chiropractic Patients in Analyses of National Health Interview Survey,False,proceed,True,False,False,True,False
2163039227,10.3389/fnhum.2013.00078,2013.0,article,Frontiers in Human Neuroscience,Stop feeling: inhibition of emotional interference following stop-signal trials,False,discard,False,False,False,False,False
1521097961,10.3233/jad-2011-111847,2012.0,article,Journal of Alzheimer s Disease,Replication of the MTHFD1L Gene Association with Late-Onset Alzheimer's Disease in a Northern Han Chinese Population,False,proceed,True,True,True,False,True
2107873854,10.1093/molbev/msp314,2009.0,article,Molecular Biology and Evolution,Timing of Replication Is a Determinant of Neutral Substitution Rates but Does Not Explain Slow Y Chromosome Evolution in Rodents,False,proceed,True,False,True,False,True
2119271910,10.1177/00238309070500010201,2007.0,article,Language and Speech,Perceptual Distortions in the Adaptation of English Consonant Clusters: Syllable Structure or Consonantal Contact Constraints?,False,proceed,True,False,True,False,False
2115561966,10.3389/fphys.2010.00213,2010.0,article,Frontiers in Psychology,The Two Forms of Visuo-Spatial Perspective Taking are Differently Embodied and Subserve Different Spatial Prepositions,False,discard,False,False,True,False,False
2100206915,10.1093/scan/nst102,2013.0,article,Social Cognitive and Affective Neuroscience,Are ‘counter-intuitive’ deontological judgments really counter-intuitive? An empirical reply to Kahane<i>et al.</i>(2012),False,proceed,True,False,False,False,False
2133201680,10.1093/scan/nsr038,2011.0,article,Social Cognitive and Affective Neuroscience,Amygdala responses to averted<i>vs</i>direct gaze fear vary as a function of presentation speed,False,discard,False,True,True,False,True
1498033026,10.1002/sm2.34,2014.0,article,Sexual Medicine,"Associations between Salivary Testosterone Levels, Androgen-Related Genetic Polymorphisms, and Self-Estimated Ejaculation Latency Time",False,proceed,True,False,True,False,False
2102146256,10.1093/geronb/gbt044,2013.0,article,The Journals of Gerontology Series B,Reward-Enhanced Memory in Younger and Older Adults,False,discard,False,False,False,False,False
2142540504,10.1093/humrep/deq058,2010.0,article,Human Reproduction,Intermediate sized CGG repeats are not a common cause of idiopathic premature ovarian failure,False,proceed,False,False,False,True,False
2129487425,10.1093/carcin/bgs218,2012.0,article,Carcinogenesis,Replication of genetic susceptibility loci for testicular germ cell cancer in the Croatian population,False,proceed,True,False,True,True,True
2148922836,10.1034/j.1600-0447.2000.101001021.x,2000.0,article,Acta Psychiatrica Scandinavica,Subtyping depression by clinical features:the Australasian database,False,proceed,False,True,True,False,False
37512214,10.2466/17.pr0.114k20w0,2014.0,article,Psychological Reports,Framing Unauthorized Immigrants: The Effects of Labels on Evaluations,False,proceed,False,False,True,False,False
2038081330,10.2466/pr0.2000.87.2.493,2000.0,article,Psychological Reports,"Gender Stereotypes after Thirty Years: A Replication of Rosenkrantz, <i>et al.</i> (1968)",False,proceed,True,True,False,False,True
1926323726,10.1093/ije/dyv127,2015.0,article,International Journal of Epidemiology,Re-analysis of health and educational impacts of a school-based deworming programme in western Kenya: a pure replication,False,proceed,True,True,False,False,True
2149083542,10.3389/fpsyg.2012.00056,2012.0,article,Frontiers in Psychology,How Predictable are “Spontaneous Decisions” and “Hidden Intentions”? Comparing Classification Results Based on Previous Responses with Multivariate Pattern Analysis of fMRI BOLD Signals,False,proceed,True,False,True,False,False
2163990396,10.1093/hmg/ddn340,2008.0,article,Human Molecular Genetics,Lack of replication of association between GIGYF2 variants and Parkinson disease,False,proceed,True,False,False,True,True
2093912996,10.1111/j.1944-9720.2004.tb02199.x,2004.0,article,Foreign Language Annals,"Foreign Language Teachers' Perceptions of Students' Academic Skills, Affective Characteristics, and Proficiency: Replication and Follow‐up Studies",False,proceed,True,True,False,False,True
2079045040,10.1097/00001888-197801000-00005,1978.0,article,Academic Medicine,Another look at learning style inventory and medical career choice,False,proceed,True,True,True,False,False
2072403515,10.1534/genetics.106.067108,2007.0,article,Genetics,How Repeatable Are Associations Between Polymorphisms in <i>achaete–scute</i> and Bristle Number Variation in Drosophila?,False,proceed,True,True,True,False,False
1987553628,10.1017/s1461145701002322,2001.0,article,The International Journal of Neuropsychopharmacology,Symptom reduction and suicide risk in patients treated with placebo in antidepressant clinical trials: a replication analysis of the Food and Drug Administration Database,False,proceed,True,True,True,False,True
2089305408,10.3389/fnhum.2013.00572,2013.0,article,Frontiers in Human Neuroscience,Behavioral and neural interaction between spatial inhibition of return and the Simon effect,False,discard,False,False,False,False,False
2021695252,10.1111/j.1600-0447.2007.01149.x,2008.0,article,Acta Psychiatrica Scandinavica,Prevalence of pathological gambling in Switzerland after the opening of casinos and the introduction of new preventive legislation,False,proceed,True,False,True,False,False
2041313644,10.1111/j.1469-8986.2007.00593.x,2007.0,article,Psychophysiology,An investigation of concurrent ERP and self‐paced reading methodologies,False,discard,False,False,False,False,False
2077340600,10.1111/j.1365-2648.2009.04964.x,2009.0,article,Journal of Advanced Nursing,Providing psychosocial and physical rehabilitation advice for patients with burns,False,proceed,True,False,True,False,False
2026400530,10.1111/j.1467-7687.2008.00781.x,2008.0,article,Developmental Science,The relative salience of discrete and continuous quantity in young infants,False,proceed,True,False,True,True,False
2532502137,10.18632/oncotarget.12903,2016.0,article,Oncotarget,Long-term exposure to air pollution is associated with biological aging,False,proceed,True,False,True,False,True
2078082844,10.1001/archoto.2009.219,2010.0,article,Archives of Otolaryngology - Head and Neck Surgery,"Association of IL1A, IL1B, and TNF Gene Polymorphisms With Chronic Rhinosinusitis With and Without Nasal Polyposis",False,proceed,True,False,True,True,False
2058729081,10.1207/s15327906mbr0302_5,1968.0,article,Multivariate Behavioral Research,Replication Of Symptom Distress Factors In Anxious Neurotic Outpatients,False,proceed,False,False,False,True,True
2109272504,10.3389/fpsyt.2011.00069,2011.0,article,Frontiers in Psychiatry,Abnormal Left-Sided Orbitomedial Prefrontal Cortical?Amygdala Connectivity during Happy and Fear Face Processing: A Potential Neural Mechanism of Female MDD,False,proceed,True,True,True,True,False
2002299970,10.1001/archpsyc.1981.01780310086009,1981.0,article,Archives of General Psychiatry,Diagnostic Interview for Borderline Patients,False,proceed,True,False,False,False,True
2411542124,10.1080/14616734.2016.1181096,2016.0,article,Attachment & Human Development,Parental loss of family members within two years of offspring birth predicts elevated absorption scores in college,False,proceed,True,False,True,False,False
1968271647,10.1901/jeab.2010.94-13,2010.0,article,Journal of the Experimental Analysis of Behavior,DIVIDED STIMULUS CONTROL: A REPLICATION AND A QUANTITATIVE MODEL,False,proceed,True,True,False,False,True
2033568836,10.1002/ajmg.b.32106,2013.0,article,American Journal of Medical Genetics Part B Neuropsychiatric Genetics,Replication of Genome‐Wide association studies (<scp>GWAS</scp>) loci for sleep in the British G1219 cohort,False,proceed,True,False,True,True,True
3016999608,10.1016/j.dcn.2020.100783,2020.0,article,Developmental Cognitive Neuroscience,Electrophysiological investigation of infants’ understanding of understanding,False,proceed,True,True,True,False,False
4391322844,10.1002/hbm.26587,2024.0,article,Human Brain Mapping,Cortical timescales and the modular organization of structural and functional brain networks,False,proceed,False,False,True,False,False
4403027956,10.1038/s41467-024-52665-z,2024.0,article,Nature Communications,Revisiting the activity of two poly(vinyl chloride)- and polyethylene-degrading enzymes,False,proceed,True,True,True,True,False
1996917273,10.1097/00131746-200509000-00004,2005.0,review,Journal of Psychiatric Practice,"A Double-Blind, Placebo-Controlled, Exploratory Trial of Chromium Picolinate in Atypical Depression: Effect on Carbohydrate Craving",False,proceed,True,False,True,False,False
2089783662,10.1037/0021-843x.112.2.228,2003.0,article,Journal of Abnormal Psychology,"Is depression taxonic, dimensional, or both?",False,proceed,True,False,True,False,False
2770653569,10.1109/cbms.2017.60,2017.0,article,,A Deconstructed Replication of a Time of Test Study Using the AGIS Metric,False,proceed,True,True,True,False,True
2102140599,10.1002/hbm.20684,2009.0,article,Human Brain Mapping,Off‐line sentence processing: What is involved in answering a comprehension probe?,False,proceed,False,True,True,False,False
2089942134,10.1093/geronj/30.1.73,1975.0,article,Journal of Gerontology,Voluntary Association Participation and Life Satisfaction: A Replication Note,False,proceed,True,True,True,False,True
2118719937,10.1002/ana.22687,2011.0,review,Annals of Neurology,"Meta‐analysis of Parkinson's Disease: Identification of a novel locus, <i>RIT2</i>",False,proceed,False,False,False,False,False
1971944967,10.1352/0895-8017(2007)112[40:eomiof]2.0.co;2,2006.0,article,American Journal on Mental Retardation,Effect of “Missing” Information on Fast Mapping by Individuals With Vocabulary Limitations Associated With Intellectual Disability,False,proceed,True,True,True,False,True
2419509470,10.1371/journal.pone.0156914,2016.0,review,PLoS ONE,Replication and Characterization of Association between ABO SNPs and Red Blood Cell Traits by Meta-Analysis in Europeans,False,proceed,False,False,False,False,True
2040842648,10.1177/0333102411421025,2011.0,article,Cephalalgia,Absence of changes in cortical thickness in patients with migraine,False,proceed,True,True,True,True,False
4408026543,10.1002/syn.70011,2025.0,article,Synapse,Cellular‐Resolution and Bulk‐Fluorescence Recordings of Calcium Activity Yield Reciprocal Readouts of In Vivo Drug Efficacy,False,proceed,True,False,False,False,False
1963633989,10.1111/gbb.12213,2015.0,article,Genes Brain & Behavior,Lack of replication for the myosin‐<scp>18B</scp> association with mathematical ability in independent cohorts,False,proceed,True,False,True,False,True
2011056549,10.1177/0146167213510746,2013.0,article,Personality and Social Psychology Bulletin,Feeling Both Victim and Perpetrator,False,discard,False,False,False,False,False
2091426516,10.1046/j.1365-2648.1999.01138.x,1999.0,article,Journal of Advanced Nursing,"Trends in ophthalmology services, nursing skill‐mix and education: 2nd national survey",False,proceed,True,False,True,False,False
1981702645,10.2188/jea.11.281,2001.0,article,Journal of Epidemiology,"Lung Cancer, Myocardial Infarction, and the Grossarth-Maticek Personality Types: A Case-control Study in Fukuoka, Japan.",False,proceed,True,False,True,False,False
2571033529,10.1523/eneuro.0281-16.2016,2017.0,article,eNeuro,Experimental Design and Data Analysis Issues Contribute to Inconsistent Results of C-Bouton Changes in Amyotrophic Lateral Sclerosis,False,proceed,True,False,True,True,False
1989768080,10.1371/journal.pone.0011761,2010.0,article,PLoS ONE,"Effects of GCK, GCKR, G6PC2 and MTNR1B Variants on Glucose Metabolism and Insulin Secretion",False,proceed,True,False,True,True,False
2134522468,10.1007/s10979-007-9091-y,2007.0,article,Law and Human Behavior,The language of Miranda warnings in American jurisdictions: A replication and vocabulary analysis.,False,proceed,False,True,False,False,True
4286219945,10.1073/pnas.2120377119,2022.0,article,Proceedings of the National Academy of Sciences,Examining the generalizability of research findings from archival data,False,proceed,False,False,False,False,False
4281562841,10.7554/elife.75663,2022.0,article,eLife,"Conditional and unconditional components of aversively motivated freezing, flight and darting in mice",False,proceed,False,False,True,False,False
2794733492,10.3389/fpsyg.2018.00398,2018.0,article,Frontiers in Psychology,The Role of Empathy and Life Satisfaction in Internet and Smartphone Use Disorder,False,proceed,True,True,True,False,False
4387817939,10.7717/peerj.16318,2023.0,article,PeerJ,Validating a re-implementation of an algorithm to integrate transcriptome and ChIP-seq data,False,proceed,True,True,True,True,False
2939668660,10.1037/xhp0000649,2019.0,article,Journal of Experimental Psychology Human Perception & Performance,"Grab that face, hammer, or line: No effect of hands position on visual memory.",False,proceed,False,True,True,False,False
3036000059,10.7717/peerj.9401,2020.0,article,PeerJ,Bird-window collisions: different fall and winter risk and protective factors,False,proceed,True,False,False,False,False
4392858981,10.1177/10731911241234118,2024.0,article,Assessment,Good Fit Is Weak Evidence of Replication: Increasing Rigor Through Prior Predictive Similarity Checking,False,discard,False,True,True,False,True
4406319769,10.1002/pds.70087,2025.0,article,Pharmacoepidemiology and Drug Safety,Glucagon‐Like Peptide 1 Receptor Agonists and Chronic Lower Respiratory Disease Among Type 2 Diabetes Patients: Replication and Reliability Assessment Across a Research Network,False,proceed,True,True,False,False,True
2155496096,10.1176/ajp.130.4.468,1973.0,article,American Journal of Psychiatry,Suicide and Newspapers: A Replicated Study,False,proceed,False,True,False,False,True
3187383960,10.1371/journal.pone.0255424,2021.0,article,PLoS ONE,Parietal alpha tACS shows inconsistent effects on visuospatial attention,False,proceed,True,True,True,True,False
4294954816,10.1007/s00221-022-06450-3,2022.0,review,Experimental Brain Research,"Hand posture, but not vision of the hand, affects tactile spatial resolution in the grating orientation discrimination task",False,proceed,True,False,False,True,False
2015188380,10.1212/01.wnl.0000247672.41736.bd,2006.0,article,Neurology,Comprehensive association analysis of the <i>NOS2A</i> gene with Parkinson disease,False,proceed,True,True,True,False,False
3006326487,10.1126/sciadv.aaz0652,2020.0,article,Science Advances,The limits of human predictions of recidivism,False,proceed,True,False,True,False,False
2127066913,10.1098/rspb.2012.0500,2012.0,article,Proceedings of the Royal Society B Biological Sciences,Is there evidence for automatic imitation in a strategic context?,False,proceed,True,False,True,False,False
4405331326,10.1027/1618-3169/a000628,2024.0,article,Experimental Psychology (formerly Zeitschrift für Experimentelle Psychologie),Independent Effects of Emotional Expression and Group Membership in the Evaluative Priming Task,False,discard,False,False,True,False,False
2135281772,10.1177/1077801213490558,2013.0,article,Violence Against Women,The Influence of Plaintiff Gender on the Judicial Decision to Grant Civil Restraining Orders,False,proceed,False,True,True,False,False
2149126935,10.1111/j.0023-8333.2006.00348.x,2006.0,article,Language Learning,Pragmatic Awareness in ESL and EFL Contexts: Contrast and Development,False,proceed,True,False,True,True,False
2018521597,10.1080/00380237.1984.10570474,1984.0,article,Sociological Focus,Size of Family of Orientation and Family Size Preference: A Replication,False,proceed,False,True,True,False,True
4402715474,10.1093/sleep/zsae218,2024.0,article,SLEEP,A spectrum of altered non-rapid eye movement sleep in schizophrenia,False,proceed,False,False,True,False,False
1986776570,10.1191/026765899674429493,1999.0,article,Second language Research,Interand intra-population consistency: a comment on Kanno (1998),False,proceed,True,False,True,True,False
4400672663,10.1098/rsos.240087,2024.0,article,Royal Society Open Science,"Attribution of undesirable character traits, rather than trait-based dehumanization, predicts punishment decisions",False,proceed,True,True,True,False,False
4315620767,10.1176/appi.ajp.20220271,2023.0,article,American Journal of Psychiatry,Evaluating the Evidence for Brain-Based Biotypes of Psychiatric Vulnerability in the Acute Aftermath of Trauma,False,proceed,True,True,True,False,True
2979746301,10.1523/eneuro.0306-19.2019,2019.0,article,eNeuro,Closed-Loop Acoustic Stimulation Enhances Sleep Oscillations But Not Memory Performance,False,proceed,True,True,True,True,False
4411354103,10.1002/ab.70042,2025.0,article,Aggressive Behavior,The Question of Violent Video Games and Aggression: Testing Statistical and Methodological Issues of Null Effects Using Data From an Open‐Access Case Study,False,proceed,True,False,True,True,True
4408853543,10.1186/s13229-025-00654-4,2025.0,article,Molecular Autism,The “Tetris effect”: autistic and non-autistic people share an implicit drive for perceptual cohesion,False,proceed,True,True,True,True,False
2323870035,10.1037/a0037397,2014.0,article,Journal of Experimental Psychology Human Perception & Performance,Limits on action priming by pictures of objects.,False,proceed,True,False,False,True,False
2134783591,10.1038/nature05911,2007.0,article,Nature,"Genome-wide association study of 14,000 cases of seven common diseases and 3,000 shared controls",False,discard,False,True,True,False,False
4404946444,10.70923/001c.72403,2016.0,article,Journal of Condensed Matter Nuclear Science,Attempted Replication of Excess Heat in the Letts Dual-laser Experiment,False,proceed,True,True,True,False,True
2805652837,10.1186/s12967-018-1488-5,2018.0,article,Journal of Translational Medicine,A validation study of crescents in predicting ESRD in patients with IgA nephropathy,False,proceed,True,False,True,True,False
4385716755,10.1038/s41586-023-06397-7,2023.0,article,Nature,No evidence for magnetic field effects on the behaviour of Drosophila,False,proceed,False,True,True,False,False
2944923405,10.1007/s00401-019-02026-8,2019.0,article,Acta Neuropathologica,"A nonsynonymous mutation in PLCG2 reduces the risk of Alzheimer’s disease, dementia with Lewy bodies and frontotemporal dementia, and increases the likelihood of longevity",False,proceed,True,False,True,False,False
2111348445,10.1109/issre.2007.14,2007.0,article,,Requirement Error Abstraction and Classification: A Control Group Replicated Study,False,proceed,True,True,False,False,True
4387794607,10.1016/j.cognition.2023.105636,2023.0,article,Cognition,Universality in eye movements and reading: A replication with increased power,False,proceed,True,True,False,False,True
4405580565,10.1093/scan/nsae088,2024.0,article,Social Cognitive and Affective Neuroscience,"Investigating trajectories linking social cognitive capacity, bias, and social isolation using computational modeling",False,proceed,True,True,True,False,False
4386860799,10.1101/lm.053683.122,2023.0,article,Learning & Memory,Targeted memory reactivation during slow-wave sleep vs. sleep stage N2: no significant differences in a vocabulary task,False,discard,False,False,True,False,False
4392623548,10.1177/17470218241240983,2024.0,article,Quarterly Journal of Experimental Psychology,Reduced learning rates but successful learning of a coordinated rhythmic movement by older adults,False,proceed,True,True,True,False,False
2107880199,10.1017/s014271641100052x,2011.0,article,Applied Psycholinguistics,"Expert knowledge, distinctiveness, and levels of processing in language learning",False,proceed,True,False,True,False,False
1519979581,10.3233/jad-132432,2014.0,review,Journal of Alzheimer s Disease,Association of TMEM106B rs1990622 Marker and Frontotemporal Dementia: Evidence for a Recessive Effect and Meta-Analysis,False,proceed,True,False,True,False,False
4393131729,10.1093/cercor/bhae107,2024.0,article,Cerebral Cortex,Non-image-forming vision as measured through ipRGC-mediated pupil constriction is not modulated by covert visual attention,False,proceed,True,False,False,False,False
2136978614,10.1901/jaba.1991.24-53,1991.0,article,Journal of Applied Behavior Analysis,EFFECTS OF PUBLIC POSTING ON DRIVING SPEED IN ICELANDIC TRAFFIC,False,proceed,True,False,True,False,False
4390043591,10.7554/elife.83722,2023.0,article,eLife,Interpersonal alignment of neural evidence accumulation to social exchange of confidence,False,discard,False,True,True,False,False
2171241286,10.1093/gerona/glu166,2014.0,review,The Journals of Gerontology Series A,GWAS of Longevity in CHARGE Consortium Confirms APOE and FOXO3 Candidacy,False,proceed,True,False,False,True,False
2053814546,10.1093/cje/bet075,2013.0,article,Cambridge Journal of Economics,Does high public debt consistently stifle economic growth? A critique of Reinhart and Rogoff,False,proceed,True,True,True,False,False
2324693441,10.1093/sf/45.1.114,1966.0,article,Social Forces,The Juvenile Court in Its Relationship to Adult Criminality: A Replicated Study,False,proceed,False,True,False,False,True
4411214854,10.1007/s13402-025-01071-8,2025.0,article,Cellular Oncology,Absence of lipopolysaccharide (LPS) expression in breast cancer cells,False,proceed,True,True,True,False,False
2970792601,10.3389/fpsyg.2019.02086,2019.0,article,Frontiers in Psychology,Increased Preference and Value of Consumer Products by Attentional Selection,False,proceed,True,False,True,False,False
4315752751,10.1371/journal.pone.0279024,2023.0,article,PLoS ONE,Intelligibility improves perception of timing changes in speech,False,proceed,False,True,True,False,False
4390046642,10.1523/jneurosci.1789-22.2023,2023.0,article,Journal of Neuroscience,Neuroimaging Signatures of Metacognitive Improvement in Sensorimotor Timing,False,proceed,True,True,True,False,False
2007127021,10.3389/fnint.2011.00048,2011.0,article,Frontiers in Integrative Neuroscience,Slow Potentials in Time Estimation: The Role of Temporal Accumulation and Habituation,False,proceed,True,False,True,True,False
4414242326,10.1167/jov.25.11.11,2025.0,article,Journal of Vision,When contexts collide: Spatial context prevails over temporal context in binocular rivalry,False,discard,False,True,True,False,False
1943850580,10.1093/jnci/djv199,2015.0,article,JNCI Journal of the National Cancer Institute,"Circulating Inflammation Markers, Risk of Lung Cancer, and Utility for Risk Stratification",False,proceed,True,True,True,False,False
4306311523,10.1093/geronb/gbac167,2022.0,article,The Journals of Gerontology Series B,Cognitive Effort-Based Decision-Making Across Experimental and Daily Life Indices in Younger and Older Adults,False,discard,False,False,True,False,False
3112925835,10.16910/jemr.12.4.10,2019.0,article,Journal of Eye Movement Research,Binocular advantages in reading revisited: attenuating effects of individual horizontal heterophoria,False,proceed,True,True,True,False,False
4385663769,10.1002/ajmg.b.32957,2023.0,article,American Journal of Medical Genetics Part B Neuropsychiatric Genetics,"A polygenic resilience score moderates the genetic risk for schizophrenia: Replication in 18,090 cases and 28,114 controls from the Psychiatric Genomics Consortium",False,proceed,True,True,True,False,True
2035300293,10.1093/ijl/ecp022,2009.0,article,International Journal of Lexicography,Electronic Dictionary Entries with Animated Pictures: Lookup Preferences and Word Retention,False,proceed,True,False,True,True,False
4404329985,10.1177/13623613241290880,2024.0,article,Autism,Investigating visual perspective taking and belief reasoning in autistic adults: A pre-registered online study,False,discard,False,False,False,False,False
4212779068,10.7717/peerj.12948,2022.0,article,PeerJ,No evidence of conditioning of pupillary constriction despite overtraining,False,proceed,False,False,False,True,False
2041984823,10.1371/journal.pone.0121744,2015.0,article,PLoS ONE,"STEP Levels Are Unchanged in Pre-Frontal Cortex and Associative Striatum in Post-Mortem Human Brain Samples from Subjects with Schizophrenia, Bipolar Disorder and Major Depressive Disorder",False,proceed,True,False,False,False,False
2162124313,10.1080/17470218.2014.995110,2014.0,article,Quarterly Journal of Experimental Psychology,What can we learn about immediate memory from the development of children's free recall?,False,proceed,False,False,True,False,False
1970882972,10.1158/1055-9965.epi-08-0327,2009.0,article,Cancer Epidemiology Biomarkers & Prevention,Replication of the 10q11 and Xp11 Prostate Cancer Risk Variants: Results from a Utah Pedigree-Based Study,False,proceed,True,True,True,False,True
1997399073,10.1121/1.3089220,2009.0,article,The Journal of the Acoustical Society of America,Can temporal fine structure represent the fundamental frequency of unresolved harmonics?,False,proceed,True,False,False,False,False
1489968666,10.1111/j.1600-0447.1978.tb00238.x,1978.0,article,Acta Psychiatrica Scandinavica,Schizophrenia and communication efficiency,False,proceed,True,False,False,False,True
4390673901,10.1093/abm/kaad072,2024.0,article,Annals of Behavioral Medicine,"The Relationship Between Perceived Uncontrollable Mortality Risk and Health Effort: Replication, Secondary Analysis, and Mini Meta-analysis",False,proceed,True,True,True,False,True
4410983603,10.1162/nol.a.13,2025.0,article,Neurobiology of Language,Bilateral Word Selectivity Gradients in the Visual Word Form System in Skilled Deaf Readers,False,discard,False,False,False,False,False
2122045153,10.1109/metric.2002.1011340,2003.0,article,,Experience from replicating empirical studies on prediction models,False,proceed,False,False,False,False,True
4390929439,10.1098/rsos.231003,2024.0,article,Royal Society Open Science,Replicability of simulation studies for the investigation of statistical methods: the RepliSims project,False,proceed,False,False,False,False,True
4406021080,10.64719/pb.4509,2025.0,article,Psychopharmacology Bulletin,Macrophage Migration Inhibitory Factor and Interleukin 1-β mRNA Levels as Predictors of Antidepressant Treatment Response in Major Depression,False,proceed,True,True,True,True,True
3087034375,10.1177/1474704920960450,2020.0,article,Evolutionary Psychology,No Evidence for a Relationship between Intelligence and Ejaculate Quality,False,proceed,True,True,True,False,True
3135487730,10.1016/j.biopsycho.2021.108058,2021.0,article,Biological Psychology,An EEG signature of suicidal behavior in female patients with major depressive disorder? A non-replication,False,proceed,True,False,False,True,True
2024021976,10.1037/0022-006x.72.1.31,2004.0,article,Journal of Consulting and Clinical Psychology,Mindfulness-Based Cognitive Therapy for Depression: Replication and Exploration of Differential Relapse Prevention Effects.,False,proceed,False,True,False,False,True
1977789450,10.1901/jaba.1991.24-537,1991.0,article,Journal of Applied Behavior Analysis,A COMPREHENSIVE EVALUATION OF REINFORCER IDENTIFICATION PROCESSES FOR PERSONS WITH PROFOUND MULTIPLE HANDICAPS,False,proceed,True,False,False,False,False
2309036171,10.1016/j.jesp.2015.10.001,2016.0,article,Journal of Experimental Social Psychology,The pipeline project: Pre-publication independent replications of a single laboratory's research pipeline,False,proceed,False,True,False,False,True
2020762134,10.1111/j.1542-4774.2011.01043.x,2011.0,article,Journal of the European Economic Association,ON FRAGILE GROUNDS: A REPLICATION OF “ARE MUSLIM IMMIGRANTS DIFFERENT IN TERMS OF CULTURAL INTEGRATION?”,False,proceed,True,True,True,True,True
4413945590,10.1371/journal.pone.0330681,2025.0,article,PLoS ONE,An open-source replication for fast and accessible light propagation modeling in brain tissue,False,proceed,True,True,True,False,True
3194212303,10.1093/cercor/bhab286,2021.0,article,Cerebral Cortex,Baseline Functional Connectivity in Resting State Networks Associated with Depression and Remission Status after 16 Weeks of Pharmacotherapy: A CAN-BIND Report,False,proceed,False,True,True,True,False
2138640945,10.1161/01.str.30.3.586,1999.0,article,Stroke,Effects of Constraint-Induced Movement Therapy on Patients With Chronic Motor Deficits After Stroke,False,proceed,False,False,False,False,False
2080341828,10.1038/oby.2008.314,2008.0,article,Obesity,Replication of Genetic Effects of <i>FTO</i> Polymorphisms on BMI in a Korean Population,False,proceed,False,False,True,False,True
1972607053,10.2466/pms.1988.66.1.192,1988.0,article,Perceptual and Motor Skills,Replication of Nonvocal System for Teaching Nonreaders to Read in an Adult Training Centre,False,proceed,False,False,False,False,True
2881440649,10.3389/fninf.2018.00046,2018.0,article,Frontiers in Neuroinformatics,Reproducing Polychronization: A Guide to Maximizing the Reproducibility of Spiking Network Models,False,discard,False,False,False,False,True
2116458276,10.1109/cidm.2013.6597238,2013.0,article,,Software cost estimation by classical and Fuzzy Analogy for Web Hypermedia Applications: A replicated study,False,proceed,False,True,False,True,True
2100433011,10.1371/journal.pone.0091690,2014.0,article,PLoS ONE,Functional Gene Group Analysis Indicates No Role for Heterotrimeric G Proteins in Cognitive Ability,False,proceed,True,False,True,False,False
2126916192,10.1093/scan/nsr040,2011.0,article,Social Cognitive and Affective Neuroscience,The effects of induced state negative affect on performance monitoring processes,False,proceed,True,False,True,True,False
1780106974,10.1037/bne0000055,2015.0,article,Behavioral Neuroscience,Stability of age-related deficits in the mnemonic similarity task across task variations.,False,proceed,True,False,True,False,False
3168207117,10.1038/s41598-021-91976-9,2021.0,article,Scientific Reports,The effect of congenital blindness on resting-state functional connectivity revisited,False,proceed,True,False,True,False,False
2807824025,10.1037/xge0000451,2018.0,article,Journal of Experimental Psychology General,Hypnotic clever hands: Agency and automatic responding.,False,proceed,True,False,False,False,True
2420415879,10.1037/xhp0000123,2015.0,article,Journal of Experimental Psychology Human Perception & Performance,Illumination frame of reference in the object-reviewing paradigm: A case of luminance and lightness.,False,proceed,True,True,True,False,False
2115814929,10.2466/pr0.94.2.733-735,2004.0,article,Psychological Reports,Self-Defeating Personality and Memories of Parents' Child-Rearing Behaviour: A Replication,False,proceed,True,True,False,False,True
2916731571,10.1017/s109285291800144x,2019.0,article,CNS Spectrums,"Should antipsychotic medications for schizophrenia be given for a lifetime? Replication of a naturalistic, long-term, follow-up study of antipsychotic treatment",False,proceed,True,True,True,False,True
2151742484,10.1007/s00125-009-1557-7,2009.0,article,Diabetologia,Genetic association analysis of LARS2 with type 2 diabetes,False,proceed,True,True,True,False,True
2029312017,10.1097/00001756-199707280-00031,1997.0,article,Neuroreport,Visually induced gamma-band responses to coherent and incoherent motion,False,proceed,False,False,False,False,False
2912939718,10.3389/fnins.2019.00078,2019.0,article,Frontiers in Neuroscience,Anodal tDCS and High-Frequency tRNS Targeting the Occipitotemporal Cortex Do Not Always Enhance Face Perception,False,proceed,True,True,True,True,False
4323309932,10.3389/fendo.2023.1081741,2023.0,article,Frontiers in Endocrinology,Four missense genetic variants in CUBN are associated with higher levels of eGFR in non-diabetes but not in diabetes mellitus or its subtypes: A genetic association study in Europeans,False,proceed,False,False,True,False,False
2054280594,10.15288/jsa.1987.48.502,1987.0,article,Journal of Studies on Alcohol,Social drinking and cognitive functioning in college students: a replication and reversibility study.,False,proceed,True,True,False,True,True
4415238403,10.1080/17590914.2025.2564628,2025.0,article,ASN NEURO,"Combined Treatment with Minocycline and an mGluR5 Antagonist Alters Resting EEG Spectral Power, but Not Sound-Evoked Responses, in a Mouse Model of Fragile X Syndrome",False,discard,False,False,True,False,False
1907802063,10.1111/gbb.12095,2013.0,article,Genes Brain & Behavior,Further confirmation of the association between anxiety and <i><scp>CTNND2</scp></i>: replication in humans,False,proceed,True,True,True,False,True
4391282171,10.1177/17470218241230812,2024.0,article,Quarterly Journal of Experimental Psychology,Is there a lower visual field advantage for object affordances? A registered report,False,proceed,True,False,True,True,False
2613961782,10.1163/22134808-00002573,2017.0,article,Multisensory Research,Trombones Elicit Bitter More Strongly Than Do Clarinets: a Partial Replication of Three Studies of Crisinel and Spence,False,proceed,True,True,False,False,True
2125440882,10.1177/074823378500100101,1985.0,article,Toxicology and Industrial Health,"The Massachusetts Blood Pressure Study, Part 1 Elevated Levels of Sodium in Drinking Water and Blood Pressure Levels in Children",False,proceed,False,False,True,False,False
1969156358,10.1109/compsac.2013.82,2013.0,article,,A Replicated Study on Random Test Case Generation and Manual Unit Testing: How Many Bugs Do Professional Developers Find?,False,proceed,True,False,False,False,True
2080034831,10.2466/pr0.1990.66.2.407,1990.0,article,Psychological Reports,Distorted Body Image as a Risk Factor in Anorexia Nervosa: Replication and Clarification,False,proceed,True,True,True,False,True
2125759561,10.1145/1368088.1368115,2008.0,article,,On the difficulty of replicating human subjects studies in software engineering,False,proceed,False,False,False,False,True
4389145437,10.1111/gbb.12874,2023.0,article,Genes Brain & Behavior,The polygenic and reactive nature of observed parenting,False,proceed,True,False,True,True,False
4323074822,10.1038/s42003-023-04586-8,2023.0,article,Communications Biology,C. elegans is not a robust model organism for the magnetic sense,False,proceed,True,False,False,True,False
3004044579,10.33549/physiolres.933580,2017.0,article,Physiological Research,Polygenic Hypercholesterolemia: Examples of GWAS Results and Their Replication in the Czech-Slavonic Population,False,proceed,False,False,True,False,True
2152215834,10.1037/a0013622,2009.0,article,Journal of Experimental Psychology Human Perception & Performance,The various perceptions of distance: An alternative view of how effort affects distance judgments.,False,proceed,True,False,False,True,False
2465424218,10.5381/jot.2016.15.3.a2,2016.0,article,The Journal of Object Technology,Function Point Structure and Applicability: A Replicated Study.,False,proceed,True,True,False,False,True
3072411955,10.1177/0363546520946056,2020.0,article,The American Journal of Sports Medicine,Bifactor Model of the Sport Concussion Assessment Tool Symptom Checklist: Replication and Invariance Across Time in the CARE Consortium Sample,False,proceed,True,True,False,False,True
3127458356,10.1007/s10579-021-09528-6,2021.0,article,Language Resources and Evaluation,Reproducibility in speech rate convergence experiments,False,proceed,True,False,False,False,True
2062891587,10.2466/pr0.1979.45.3.880,1979.0,article,Psychological Reports,Naturalistic Study of Aggression: Aggressive Stimuli and Horn-Honking: A Replication,False,proceed,True,True,False,False,True
2069923321,10.1210/en.2011-1982,2012.0,article,Endocrinology,Sexual Dimorphism of Growth Hormone in the Hypothalamus: Regulation by Estradiol,False,discard,False,False,False,False,False
1986239798,10.1212/01.wnl.0000137051.33486.c7,2004.0,article,Neurology,Failure to confirm association of a polymorphism in <i>ABCB1</i> with multidrug-resistant epilepsy,False,proceed,True,False,True,False,False
2965848567,10.23919/cisti.2019.8760648,2019.0,article,,Evaluating a model-based software testing approach in an industrial context: A replicated study,False,proceed,False,True,False,False,True
1988398372,10.1037/a0024923,2011.0,article,Developmental Psychology,Collaboration promotes proportional reasoning about resource distribution in young children.,False,discard,False,False,False,False,False
2003580075,10.1044/jshr.3003.295,1987.0,article,Journal of Speech Language and Hearing Research,An Investigation of Emphatic Stress Comprehension in Adult Aphasia,False,proceed,True,False,False,True,True
4396705067,10.1007/s12024-024-00788-6,2024.0,article,Forensic Science Medicine and Pathology,Association of epicardial adipose tissue volume with heart weight in post-mortem cases,False,discard,False,False,False,True,False
4415830470,10.1007/s10664-025-10733-y,2025.0,article,Empirical Software Engineering,Tools and benchmarks evolve: what is their impact on parameter tuning in SBSE experiments?,False,proceed,False,True,True,False,True
4386194596,10.1002/pld3.523,2023.0,article,Plant Direct,Heritable induced resistance in <scp><i>Arabidopsis thaliana</i></scp>: Tips and tools to improve effect size and reproducibility,False,discard,False,False,False,False,True
1987394810,10.1037/0278-7393.32.4.867,2006.0,article,Journal of Experimental Psychology Learning Memory and Cognition,Transient and enduring spatial representations under disorientation and self-rotation.,False,proceed,True,False,False,False,False
4392360517,10.1038/s41398-024-02824-z,2024.0,article,Translational Psychiatry,Decreased telomere length in a subgroup of young individuals with bipolar disorders: replication in the FACE-BD cohort and association with the shelterin component POT1,False,proceed,True,True,False,False,True
1989073004,10.1002/ajmg.b.32104,2012.0,article,American Journal of Medical Genetics Part B Neuropsychiatric Genetics,Methylenetetrahydrofolate reductase (<i>MTHFR</i>) C677T polymorphism and age at onset of schizophrenia: No consistent evidence for an association in the nordic population,False,proceed,True,True,True,False,False
2104463303,10.1523/jneurosci.21-16-06292.2001,2001.0,article,Journal of Neuroscience,Sex Differences and Opposite Effects of Stress on Dendritic Spine Density in the Male Versus Female Hippocampus,False,proceed,True,False,True,False,False
4324376633,10.3389/fpsyg.2023.1135129,2023.0,article,Frontiers in Psychology,Suppression of literal meaning in single and extended metaphors,False,proceed,True,False,True,False,False
4308592550,10.3389/fnint.2022.1041423,2022.0,article,Frontiers in Integrative Neuroscience,Reproducing and quantitatively validating a biologically-constrained point-neuron model of CA1 pyramidal cells,False,proceed,True,False,False,False,True
4408695994,10.1371/journal.pone.0303918,2025.0,article,PLoS ONE,"Epistemic Trust, Mistrust and Credulity Questionnaire (ETMCQ) validation in French language: Exploring links to loneliness",False,proceed,True,True,True,False,False
4393188505,10.3390/jintelligence12040037,2024.0,article,Journal of Intelligence,Examining the Existence of Cognitive Thresholds in Highly Quantitative College Courses,False,proceed,True,True,True,True,False
1553113963,10.1111/j.1476-5381.2009.00584.x,2010.0,article,British Journal of Pharmacology,Lack of effect of the α<sub>2C</sub>‐adrenoceptor Del322‐325 polymorphism on inhibition of cyclic AMP production in HEK293 cells,False,proceed,True,False,True,True,False
2958529309,10.1038/s41598-019-46539-4,2019.0,article,Scientific Reports,"Pharmacological manipulation of DNA methylation normalizes maternal behavior, DNA methylation, and gene expression in dams with a history of maltreatment",False,proceed,False,False,True,False,False
2154405462,10.1037/xhp0000052,2015.0,article,Journal of Experimental Psychology Human Perception & Performance,Supraliminal but not subliminal distracters bias working memory recall.,False,proceed,True,False,False,False,False
1969149656,10.1097/00006199-199205000-00005,1992.0,article,Nursing Research,Alternate Explanations of Loneliness In Adolescents,False,proceed,True,False,False,True,False
4399213164,10.1007/s00221-024-06846-3,2024.0,article,Experimental Brain Research,The inhibitory effect of a recent distractor: singleton vs. multiple distractors,False,proceed,True,False,False,True,False
2127819969,10.1177/008124630303300307,2003.0,article,South African Journal of Psychology,A Comparison of Native and Non-Native English-Speaking Groups' Understanding of the Vocabulary Contained within the 16PF (SA92),False,proceed,True,False,False,False,False
2124259731,10.1002/ajmg.b.30872,2008.0,article,American Journal of Medical Genetics Part B Neuropsychiatric Genetics,Replication of a rare protective allele in the noradrenaline transporter gene and ADHD,False,proceed,True,True,True,True,True
2052622598,10.2466/pms.1988.66.2.419,1988.0,article,Perceptual and Motor Skills,Human Emotion Communication by Touch: A Modified Replication of an Experiment by Manfred Clynes,False,proceed,True,True,True,False,True
3044276046,10.1016/j.jad.2020.07.098,2020.0,article,Journal of Affective Disorders,Data mining algorithm predicts a range of adverse outcomes in major depression,False,proceed,True,False,True,False,False
4402642341,10.1037/xge0001641,2024.0,review,Journal of Experimental Psychology General,No evidence that sound–shape associations influence temporal resolution in humans: Five nonreplications of Parise and Spence (2009) and meta-analyses.,False,proceed,False,False,False,True,True
4390572487,10.1038/s41598-023-48792-0,2024.0,article,Scientific Reports,Assessing hypo-arousal during reward anticipation with pupillometry in patients with major depressive disorder: replication and correlations with anhedonia,False,proceed,True,True,True,False,True
4225346293,10.1371/journal.pgen.1009564,2022.0,article,PLoS Genetics,From musk to body odor: Decoding olfaction through genetic variation,False,proceed,True,True,True,False,False
2960363013,10.1111/jopy.12500,2019.0,article,Journal of Personality,Global sex differences in personality: Replication with an open online dataset,False,proceed,True,True,True,False,True
2107252541,10.1901/jeab.1979.31-189,1979.0,article,Journal of the Experimental Analysis of Behavior,FOOD DELIVERY AS A CONDITIONAL STIMULUS: FEATURE‐LEARNING AND MEMORY IN PIGEONS<sup>1</sup>,False,discard,False,False,False,False,False
3185925356,10.1007/s10198-021-01353-6,2021.0,article,The European Journal of Health Economics,Did the COVID-19 pandemic change the willingness to pay for an early warning system for infectious diseases in Europe?,False,proceed,True,False,True,False,False
2610471804,10.1121/1.4982199,2017.0,article,The Journal of the Acoustical Society of America,Converging to the baseline: Corpus evidence for convergence in speech rate to interlocutor's baseline,False,discard,False,False,False,False,False
2099482445,10.1098/rsif.2008.0519,2009.0,article,Journal of The Royal Society Interface,Effect of magnetic fields on cryptochrome-dependent responses in <i>Arabidopsis thaliana</i>,False,proceed,True,True,True,False,False
4294992650,10.1177/17470218221126635,2022.0,article,Quarterly Journal of Experimental Psychology,Additional evidence that valence does not affect serial recall,False,proceed,True,False,True,False,False
2921571056,10.1007/s10071-019-01254-5,2019.0,review,Animal Cognition,"Developmental history, energetic state and choice impulsivity in European starlings, Sturnus vulgaris",False,proceed,True,True,True,True,False
