work_id,doi,template,verdict,in_flora,fetched,chars
6944263569,10.17605/osf.io/gf9rh,,untouched,False,False,0
6906490060,10.17605/osf.io/jgr94,EGAP Registration,discard,False,True,1588
6925352227,10.17605/osf.io/hpk2m,Open-Ended Registration,admit,False,True,129
6925212483,10.17605/osf.io/2sgzf,Preregistration Template from AsPredicted.org,discard,False,True,10831
6887684914,10.17605/osf.io/h9nwx,OSF-Standard Pre-Data Collection Registration,discard,False,True,135
6887710721,10.17605/osf.io/b5wau,OSF-Standard Pre-Data Collection Registration,discard,False,True,460
6943811609,10.17605/osf.io/bmrz5,OSF-Standard Pre-Data Collection Registration,discard,False,True,217
6944019591,10.17605/osf.io/mhpk4,OSF-Standard Pre-Data Collection Registration,discard,False,True,477
6887711839,10.17605/osf.io/ryphn,,untouched,False,False,0
2900719800,10.17605/osf.io/p94q6,Preregistration Template from AsPredicted.org,discard,False,True,1860
6963061945,10.17605/osf.io/zsmsx,OSF-Standard Pre-Data Collection Registration,discard,False,True,467
2780383114,10.17605/osf.io/csm3d,Open-Ended Registration,admit,False,True,96
6906364250,10.17605/osf.io/p7h46,"Replication Recipe (Brandt et al., 2013): Pre-Registration",discard,False,True,1986
6906389016,10.17605/osf.io/nc2t9,OSF-Standard Pre-Data Collection Registration,discard,False,True,248
6887731496,10.17605/osf.io/csgv4,,untouched,False,False,0
6943857109,10.17605/osf.io/kn69c,EGAP Registration,discard,False,True,1882
2781130069,10.17605/osf.io/d5s2t,Open-Ended Registration,admit,False,True,50
6887631985,10.17605/osf.io/8ew6s,Open-Ended Registration,admit,False,True,96
6943978713,10.17605/osf.io/4wph9,,untouched,False,False,0
6906794932,10.17605/osf.io/yu25a,,untouched,False,False,0
6906255002,10.17605/osf.io/nexqs,"Replication Recipe (Brandt et al., 2013): Post-Completion",admit,False,True,1165
6962865952,10.17605/osf.io/g7aqh,,untouched,False,False,0
6962346221,10.17605/osf.io/zvug8,Preregistration Template from AsPredicted.org,discard,False,True,913
6925460438,10.17605/osf.io/eym5q,"Replication Recipe (Brandt et al., 2013): Pre-Registration",discard,False,True,2844
6925311406,10.17605/osf.io/vn6s3,OSF-Standard Pre-Data Collection Registration,discard,False,True,135
6925202644,10.17605/osf.io/txgzv,,untouched,False,False,0
6925029080,10.17605/osf.io/af9u2,OSF-Standard Pre-Data Collection Registration,discard,False,True,147
2781449863,10.17605/osf.io/suyfc,Open-Ended Registration,admit,False,True,96
6963173925,10.17605/osf.io/r8wu7,Prereg Challenge,discard,False,True,7339
6943961930,10.17605/osf.io/q9mzk,OSF Preregistration,discard,False,True,5213
6943961137,10.17605/osf.io/zd5ps,,untouched,False,False,0
2782921657,10.17605/osf.io/pxr93,Open-Ended Registration,admit,False,True,96
6906234663,10.17605/osf.io/9vxsf,"Replication Recipe (Brandt et al., 2013): Pre-Registration",discard,False,True,3274
6906593824,10.17605/osf.io/8jteq,,untouched,False,False,0
6962554731,10.17605/osf.io/gfqvr,EGAP Registration,discard,False,True,808
6963058945,10.17605/osf.io/vdcyq,EGAP Registration,discard,False,True,756
6962735818,10.17605/osf.io/xntrg,,untouched,False,False,0
6887743466,10.17605/osf.io/pvezn,OSF Preregistration,discard,False,True,2089
6962442741,10.17605/osf.io/8zcq6,,untouched,False,False,0
6925599307,10.17605/osf.io/pgmf9,"Replication Recipe (Brandt et al., 2013): Pre-Registration",discard,False,True,6914
6906455238,10.17605/osf.io/hdyfj,OSF-Standard Pre-Data Collection Registration,discard,False,True,467
6906480092,10.17605/osf.io/8u3ar,,untouched,False,False,0
6887680553,10.17605/osf.io/pnvyr,OSF-Standard Pre-Data Collection Registration,discard,False,True,256
6887696082,10.17605/osf.io/4s2d6,EGAP Registration,discard,False,True,4976
6906485789,10.17605/osf.io/w336x,OSF-Standard Pre-Data Collection Registration,discard,False,True,268
6944118923,10.17605/osf.io/w9fgb,Preregistration Template from AsPredicted.org,discard,False,True,5619
6925051042,10.17605/osf.io/xrgdz,Preregistration Template from AsPredicted.org,discard,False,True,6519
6943813821,10.17605/osf.io/pz2xr,OSF-Standard Pre-Data Collection Registration,discard,False,True,135
6887675769,10.17605/osf.io/ezp87,OSF-Standard Pre-Data Collection Registration,discard,False,True,146
6962395255,10.17605/osf.io/g2wmz,OSF-Standard Pre-Data Collection Registration,discard,False,True,189
6906625709,10.17605/osf.io/x45wm,Prereg Challenge,discard,False,True,11153
6943783936,10.17605/osf.io/ur2fq,Prereg Challenge,discard,False,True,6849
6943868429,10.17605/osf.io/nhrpq,,untouched,False,False,0
6962795546,10.17605/osf.io/afwrp,,untouched,False,False,0
6906455186,10.17605/osf.io/rd6yu,"Replication Recipe (Brandt et al., 2013): Pre-Registration",discard,False,True,5064
6887725295,10.17605/osf.io/ar9m2,OSF-Standard Pre-Data Collection Registration,discard,False,True,135
6906450789,10.17605/osf.io/357ua,Prereg Challenge,discard,False,True,15077
2809322277,10.17605/osf.io/fbu3d,OSF-Standard Pre-Data Collection Registration,discard,False,True,135
6925383491,10.17605/osf.io/2zrj5,OSF-Standard Pre-Data Collection Registration,discard,False,True,146
6925228703,10.17605/osf.io/ehbu7,Preregistration Template from AsPredicted.org,discard,False,True,1840
6906392971,10.17605/osf.io/qvhwr,OSF-Standard Pre-Data Collection Registration,discard,False,True,281
2781813640,10.17605/osf.io/gytfj,Prereg Challenge,discard,False,True,6159
2783063591,10.17605/osf.io/mn2zd,OSF-Standard Pre-Data Collection Registration,discard,False,True,84
6906233882,10.17605/osf.io/fdn6j,OSF-Standard Pre-Data Collection Registration,discard,False,True,207
6887776208,10.17605/osf.io/y6jah,OSF-Standard Pre-Data Collection Registration,discard,False,True,135
6943968443,10.17605/osf.io/e9d3k,"Replication Recipe (Brandt et al., 2013): Post-Completion",admit,True,True,712
6925243411,10.17605/osf.io/2bhvn,Preregistration Template from AsPredicted.org,discard,False,True,3382
2783091711,10.17605/osf.io/g7cu2,Open-Ended Registration,admit,False,True,157
6943976867,10.17605/osf.io/p3qsz,Prereg Challenge,discard,False,True,9176
6943968613,10.17605/osf.io/zhqkv,OSF-Standard Pre-Data Collection Registration,discard,False,True,135
6887751601,10.17605/osf.io/7bdav,OSF Preregistration,discard,False,True,9892
6944220728,10.17605/osf.io/rjc4y,OSF-Standard Pre-Data Collection Registration,discard,False,True,444
6925339838,10.17605/osf.io/2fu9t,Open-Ended Registration,admit,False,True,97
6925199946,10.17605/osf.io/2wpbk,"Replication Recipe (Brandt et al., 2013): Pre-Registration",discard,False,True,2303
6944355918,10.17605/osf.io/7ks6x,OSF Preregistration,discard,False,True,1499
6906548779,10.17605/osf.io/kyn8a,EGAP Registration,discard,False,True,5498
6962548924,10.17605/osf.io/9jums,OSF-Standard Pre-Data Collection Registration,discard,False,True,135
6906360403,10.17605/osf.io/4xcbw,,untouched,False,False,0
6962717077,10.17605/osf.io/m3ajw,Prereg Challenge,discard,False,True,7541
6906630637,10.17605/osf.io/y78nd,"Replication Recipe (Brandt et al., 2013): Pre-Registration",discard,False,True,3967
6925380761,10.17605/osf.io/tyvbw,OSF-Standard Pre-Data Collection Registration,discard,False,True,502
6906660770,10.17605/osf.io/qebau,Preregistration Template from AsPredicted.org,discard,False,True,883
2779655246,10.17605/osf.io/s6fw9,,untouched,False,False,0
6925409894,10.17605/osf.io/yk8ug,OSF-Standard Pre-Data Collection Registration,discard,False,True,135
6943883744,10.17605/osf.io/fwk5d,,untouched,False,False,0
6887756420,10.17605/osf.io/w3h6g,Prereg Challenge,discard,False,True,7340
6887676686,10.17605/osf.io/p6rga,Preregistration Template from AsPredicted.org,discard,False,True,2760
6887677054,10.17605/osf.io/2sw9j,OSF-Standard Pre-Data Collection Registration,discard,False,True,147
6906406557,10.17605/osf.io/63z4g,OSF-Standard Pre-Data Collection Registration,discard,False,True,135
6887687942,10.17605/osf.io/4w2cr,Preregistration Template from AsPredicted.org,discard,False,True,3485
6963091486,10.17605/osf.io/rq6jd,OSF Preregistration,discard,False,True,7700
2913865255,10.17605/osf.io/3tguf,,untouched,False,False,0
6944247663,10.17605/osf.io/ngct4,,untouched,False,False,0
6925469149,10.17605/osf.io/zp85j,"Replication Recipe (Brandt et al., 2013): Pre-Registration",discard,False,True,4554
6906670027,10.17605/osf.io/zcuhd,,untouched,False,False,0
6925157087,10.17605/osf.io/r6axc,OSF Preregistration,discard,False,True,7029
6887790656,10.17605/osf.io/nj2k9,OSF-Standard Pre-Data Collection Registration,discard,False,True,135
6962714300,10.17605/osf.io/zvd5f,,untouched,False,False,0
6962200166,10.17605/osf.io/6s4bh,OSF-Standard Pre-Data Collection Registration,discard,False,True,135
6887766210,10.17605/osf.io/umjyd,OSF-Standard Pre-Data Collection Registration,discard,False,True,135
6925102018,10.17605/osf.io/sz65y,"Pre-Registration in Social Psychology (van 't Veer & Giner-Sorolla, 2016): Pre-Registration",discard,False,True,15530
6925056172,10.17605/osf.io/6p7ah,OSF-Standard Pre-Data Collection Registration,discard,False,True,222
6962377763,10.17605/osf.io/3kmr9,,untouched,False,False,0
6925108205,10.17605/osf.io/yrjbn,,untouched,False,False,0
6963032774,10.17605/osf.io/m7yn4,OSF-Standard Pre-Data Collection Registration,discard,False,True,135
6906524696,10.17605/osf.io/fcw5z,"Pre-Registration in Social Psychology (van 't Veer & Giner-Sorolla, 2016): Pre-Registration",discard,False,True,14381
2811033879,10.17605/osf.io/kx97a,"Replication Recipe (Brandt et al., 2013): Pre-Registration",discard,False,True,2476
6887701204,10.17605/osf.io/g9czs,,untouched,False,False,0
6887690682,10.17605/osf.io/g5pn7,Registered Report Protocol Preregistration,discard,False,True,512
6962780408,10.17605/osf.io/y62dh,"Replication Recipe (Brandt et al., 2013): Pre-Registration",discard,False,True,1265
6925401035,10.17605/osf.io/k3sgy,,untouched,False,False,0
6944069753,10.17605/osf.io/zr8hk,"Replication Recipe (Brandt et al., 2013): Pre-Registration",discard,False,True,2056
6906429414,10.17605/osf.io/yq5sp,Preregistration Template from AsPredicted.org,discard,False,True,13078
2786336911,10.17605/osf.io/6bw6x,,untouched,False,False,0
6925330220,10.17605/osf.io/nse8r,Prereg Challenge,discard,False,True,7277
6962838379,10.17605/osf.io/9k4wj,Open-Ended Registration,admit,False,True,722
6925268817,10.17605/osf.io/j8a4p,"Replication Recipe (Brandt et al., 2013): Post-Completion",admit,True,True,585
6944392195,10.17605/osf.io/hrvze,OSF-Standard Pre-Data Collection Registration,discard,False,True,482
6906446314,10.17605/osf.io/gqkxn,"Replication Recipe (Brandt et al., 2013): Post-Completion",admit,False,True,122
6925352991,10.17605/osf.io/gdzn8,OSF-Standard Pre-Data Collection Registration,discard,False,True,206
6906362838,10.17605/osf.io/8bc6x,"Replication Recipe (Brandt et al., 2013): Pre-Registration",discard,False,True,4722
2782781917,10.17605/osf.io/8v3ub,OSF-Standard Pre-Data Collection Registration,discard,False,True,135
7077884851,10.17605/osf.io/j43ws,,untouched,False,False,0
6944208569,10.17605/osf.io/w9gks,,untouched,False,False,0
6944241309,10.17605/osf.io/xsrhj,"Replication Recipe (Brandt et al., 2013): Pre-Registration",discard,False,True,1481
6943980981,10.17605/osf.io/pgma6,,untouched,False,False,0
2807629358,10.17605/osf.io/a2kbq,"Replication Recipe (Brandt et al., 2013): Pre-Registration",discard,False,True,6400
6887713404,10.17605/osf.io/k9za3,OSF-Standard Pre-Data Collection Registration,discard,False,True,135
2779104187,10.17605/osf.io/a3rbp,Preregistration Template from AsPredicted.org,discard,False,True,2156
6887663504,10.17605/osf.io/2r45y,,untouched,False,False,0
6944129289,10.17605/osf.io/qf75b,Open-Ended Registration,admit,False,True,96
6887607789,10.17605/osf.io/depz7,OSF-Standard Pre-Data Collection Registration,discard,False,True,146
6887784261,10.17605/osf.io/yrq6p,Preregistration Template from AsPredicted.org,discard,False,True,8347
6887790617,10.17605/osf.io/m2ed8,OSF-Standard Pre-Data Collection Registration,discard,False,True,135
6925268220,10.17605/osf.io/6snyf,Prereg Challenge,discard,False,True,3872
6887683341,10.17605/osf.io/kcdmh,Prereg Challenge,discard,False,True,17182
6887783528,10.17605/osf.io/u3sgc,EGAP Registration,discard,False,True,40434
6887674545,10.17605/osf.io/8evf4,,untouched,False,False,0
2779035314,10.17605/osf.io/3f9kr,Open-Ended Registration,admit,False,True,50
6963096279,10.17605/osf.io/sv6bc,OSF-Standard Pre-Data Collection Registration,discard,False,True,467
6906431725,10.17605/osf.io/94mt6,"Replication Recipe (Brandt et al., 2013): Pre-Registration",discard,False,True,4533
6887798420,10.17605/osf.io/b246j,OSF-Standard Pre-Data Collection Registration,discard,False,True,179
7084748685,10.17605/osf.io/uyaz2,,untouched,False,False,0
2781439405,10.17605/osf.io/zdw87,Open-Ended Registration,admit,False,True,97
6906675799,10.17605/osf.io/sy65d,EGAP Registration,discard,False,True,29092
6944122615,10.17605/osf.io/9969g,OSF-Standard Pre-Data Collection Registration,discard,False,True,467
6943949083,10.17605/osf.io/yw3fp,Prereg Challenge,discard,False,True,6854
6887691131,10.17605/osf.io/bmvhr,OSF-Standard Pre-Data Collection Registration,discard,False,True,84
6887708158,10.17605/osf.io/va7gs,OSF-Standard Pre-Data Collection Registration,discard,False,True,364
6944429532,10.17605/osf.io/5p9sg,OSF-Standard Pre-Data Collection Registration,discard,False,True,234
6925002027,10.17605/osf.io/c4rvs,OSF Preregistration,discard,False,True,2426
6887664520,10.17605/osf.io/8y7xg,EGAP Registration,discard,False,True,2558
6887700379,10.17605/osf.io/bgxj5,Prereg Challenge,discard,False,True,24155
2800220592,10.17605/osf.io/fvg39,"Replication Recipe (Brandt et al., 2013): Pre-Registration",discard,False,True,1253
6963479024,10.17605/osf.io/2y3hc,OSF-Standard Pre-Data Collection Registration,discard,False,True,135
6925739300,10.17605/osf.io/n6vzg,OSF-Standard Pre-Data Collection Registration,discard,False,True,169
6887696889,10.17605/osf.io/nzk6y,OSF Preregistration,discard,False,True,16126
6962967091,10.17605/osf.io/wxjze,Prereg Challenge,discard,False,True,43
6925520272,10.17605/osf.io/znh4p,EGAP Registration,discard,False,True,3781
6925071666,10.17605/osf.io/jstx6,OSF Preregistration,discard,False,True,3706
6887644987,10.17605/osf.io/8tgqk,Preregistration Template from AsPredicted.org,discard,False,True,2813
6944053421,10.17605/osf.io/ru7wz,OSF-Standard Pre-Data Collection Registration,discard,False,True,495
6943985184,10.17605/osf.io/4ex89,Prereg Challenge,discard,False,True,8619
6943976051,10.17605/osf.io/u9m72,OSF-Standard Pre-Data Collection Registration,discard,False,True,135
6943942057,10.17605/osf.io/5y4aq,"Pre-Registration in Social Psychology (van 't Veer & Giner-Sorolla, 2016): Pre-Registration",discard,False,True,9476
6962602804,10.17605/osf.io/2ezc8,"Replication Recipe (Brandt et al., 2013): Pre-Registration",discard,False,True,2847
2902229188,10.17605/osf.io/apgqj,OSF-Standard Pre-Data Collection Registration,discard,False,True,478
6963170863,10.17605/osf.io/erb5w,"Replication Recipe (Brandt et al., 2013): Pre-Registration",discard,False,True,1831
6925381261,10.17605/osf.io/byqjn,OSF-Standard Pre-Data Collection Registration,discard,False,True,271
6887686491,10.17605/osf.io/d26fq,Preregistration Template from AsPredicted.org,discard,False,True,4333
3194846313,10.17605/osf.io/t9vdf,OSF-Standard Pre-Data Collection Registration,discard,False,True,135
3034190342,10.17605/osf.io/k67ge,,untouched,False,False,0
6943972084,10.17605/osf.io/4pw7m,,untouched,False,False,0
6906656399,10.17605/osf.io/5mbda,Prereg Challenge,discard,False,True,19959
6924946897,10.17605/osf.io/3gvqh,OSF-Standard Pre-Data Collection Registration,discard,False,True,323
6887802404,10.17605/osf.io/qye3h,OSF-Standard Pre-Data Collection Registration,discard,False,True,135
7080402454,10.17605/osf.io/6de2r,,untouched,False,False,0
6962721809,10.17605/osf.io/t6x2m,OSF-Standard Pre-Data Collection Registration,discard,False,True,135
6906802404,10.17605/osf.io/gea2s,"Replication Recipe (Brandt et al., 2013): Post-Completion",admit,True,True,987
6962520318,10.17605/osf.io/p58c6,OSF-Standard Pre-Data Collection Registration,discard,False,True,467
6906602422,10.17605/osf.io/ma6vx,,untouched,False,False,0
6944210647,10.17605/osf.io/3n4pu,EGAP Registration,discard,False,True,1095
6887754838,10.17605/osf.io/f3uxm,"Replication Recipe (Brandt et al., 2013): Pre-Registration",discard,False,True,4293
6906454621,10.17605/osf.io/v9dbx,,untouched,False,False,0
6925463540,10.17605/osf.io/4q9x3,"Replication Recipe (Brandt et al., 2013): Pre-Registration",discard,False,True,2044
2904023500,10.17605/osf.io/n3abr,OSF-Standard Pre-Data Collection Registration,discard,False,True,438
6906434310,10.17605/osf.io/u53v2,OSF-Standard Pre-Data Collection Registration,discard,False,True,147
2783948930,10.17605/osf.io/cehgp,Open-Ended Registration,admit,False,True,96
6962646072,10.17605/osf.io/yrq75,,untouched,False,False,0
6887708899,10.17605/osf.io/ha7je,Prereg Challenge,discard,False,True,4344
6906569258,10.17605/osf.io/sxqt4,OSF-Standard Pre-Data Collection Registration,discard,False,True,467
6963161023,10.17605/osf.io/kn3ae,"Replication Recipe (Brandt et al., 2013): Pre-Registration",discard,False,True,7442
6943973511,10.17605/osf.io/t3tk2,OSF-Standard Pre-Data Collection Registration,discard,False,True,467
6962434969,10.17605/osf.io/c3phs,Prereg Challenge,discard,False,True,12373
6887602742,10.17605/osf.io/c5zmb,Preregistration Template from AsPredicted.org,discard,False,True,982
6925261920,10.17605/osf.io/x47be,OSF-Standard Pre-Data Collection Registration,discard,False,True,269
6887711350,10.17605/osf.io/atsje,OSF-Standard Pre-Data Collection Registration,discard,False,True,135
6962599445,10.17605/osf.io/6bpxy,OSF-Standard Pre-Data Collection Registration,discard,False,True,421
6944194916,10.17605/osf.io/583nu,,untouched,False,False,0
6925313249,10.17605/osf.io/c3yvk,,untouched,False,False,0
6925123928,10.17605/osf.io/aqjmy,Preregistration Template from AsPredicted.org,discard,False,True,603
6943979299,10.17605/osf.io/mxqhz,,untouched,False,False,0
6887698987,10.17605/osf.io/r5wgb,OSF-Standard Pre-Data Collection Registration,discard,False,True,135
6887717339,10.17605/osf.io/x4m6w,OSF-Standard Pre-Data Collection Registration,discard,False,True,556
6887681245,10.17605/osf.io/qdnb2,,untouched,False,False,0
6925045981,10.17605/osf.io/f36mk,OSF Preregistration,discard,False,True,6505
6906615056,10.17605/osf.io/wbgjf,OSF-Standard Pre-Data Collection Registration,discard,False,True,135
6887741479,10.17605/osf.io/6pzv8,OSF-Standard Pre-Data Collection Registration,discard,False,True,146
6925059625,10.17605/osf.io/hn9vm,,untouched,False,False,0
6962632301,10.17605/osf.io/bhnkq,Open-Ended Registration,admit,False,True,96
6962721820,10.17605/osf.io/jzfcg,OSF Preregistration,discard,False,True,12576
6962956691,10.17605/osf.io/9fj4n,,untouched,False,False,0
6944225799,10.17605/osf.io/mjvkn,,untouched,False,False,0
6925056563,10.17605/osf.io/e9ehf,OSF-Standard Pre-Data Collection Registration,discard,False,True,467
6925461132,10.17605/osf.io/dx853,OSF-Standard Pre-Data Collection Registration,discard,False,True,266
6887753316,10.17605/osf.io/vfa4q,Prereg Challenge,discard,False,True,6103
6944013894,10.17605/osf.io/9jz64,,untouched,False,False,0
6925236420,10.17605/osf.io/75cdy,OSF-Standard Pre-Data Collection Registration,discard,False,True,464
2794285170,10.17605/osf.io/vks6a,Prereg Challenge,discard,False,True,19216
6887681332,10.17605/osf.io/r486x,OSF-Standard Pre-Data Collection Registration,discard,False,True,72
7093352114,10.17605/osf.io/d827b,,untouched,False,False,0
6943981133,10.17605/osf.io/b2r65,OSF-Standard Pre-Data Collection Registration,discard,False,True,176
6962785978,10.17605/osf.io/5c9dv,Registered Report Protocol Preregistration,discard,False,True,1396
6906501665,10.17605/osf.io/fxpj5,OSF-Standard Pre-Data Collection Registration,discard,False,True,123
6943877430,10.17605/osf.io/chfw7,Prereg Challenge,discard,False,True,4274
6944003305,10.17605/osf.io/vmksp,OSF Preregistration,discard,False,True,3736
6925166736,10.17605/osf.io/3xj6v,OSF-Standard Pre-Data Collection Registration,discard,False,True,226
6943964938,10.17605/osf.io/dg9m4,Prereg Challenge,discard,False,True,18121
2782406163,10.17605/osf.io/rkqw2,Open-Ended Registration,admit,False,True,96
6962344582,10.17605/osf.io/68uj3,Preregistration Template from AsPredicted.org,discard,False,True,8817
6962644548,10.17605/osf.io/2t9j6,OSF-Standard Pre-Data Collection Registration,discard,False,True,135
6963274343,10.17605/osf.io/kn4bg,Preregistration Template from AsPredicted.org,discard,False,True,10548
6906577166,10.17605/osf.io/acf5n,OSF-Standard Pre-Data Collection Registration,discard,False,True,668
7080821786,10.17605/osf.io/8ayf7,,untouched,False,False,0
6962371659,10.17605/osf.io/9njx6,OSF-Standard Pre-Data Collection Registration,discard,False,True,192
6925536285,10.17605/osf.io/thnmu,,untouched,False,False,0
6906319641,10.17605/osf.io/3dusm,,untouched,False,False,0
6962527281,10.17605/osf.io/2edbu,OSF-Standard Pre-Data Collection Registration,discard,False,True,146
6944165153,10.17605/osf.io/mw4gu,,untouched,False,False,0
7079685682,10.17605/osf.io/a4wb6,,untouched,False,False,0
6944050251,10.17605/osf.io/kmje3,"Replication Recipe (Brandt et al., 2013): Pre-Registration",discard,False,True,1726
6887574737,10.17605/osf.io/83dmr,,untouched,False,False,0
6887680676,10.17605/osf.io/8ywgh,,untouched,False,False,0
6943860147,10.17605/osf.io/yqz8m,"Pre-Registration in Social Psychology (van 't Veer & Giner-Sorolla, 2016): Pre-Registration",discard,False,True,14169
6924991287,10.17605/osf.io/g2nek,OSF-Standard Pre-Data Collection Registration,discard,False,True,84
7086876926,10.17605/osf.io/sf5bz,,untouched,False,False,0
6906271241,10.17605/osf.io/9krvj,Prereg Challenge,discard,False,True,18558
6925315814,10.17605/osf.io/sp8cm,Open-Ended Registration,admit,False,True,78
6887639461,10.17605/osf.io/ygbse,,untouched,False,False,0
6906632708,10.17605/osf.io/gpcj9,Preregistration Template from AsPredicted.org,discard,False,True,2836
6887742727,10.17605/osf.io/3qg2a,OSF-Standard Pre-Data Collection Registration,discard,False,True,389
6944073043,10.17605/osf.io/qmc3a,Preregistration Template from AsPredicted.org,discard,False,True,2424
6943953754,10.17605/osf.io/zrmgh,OSF-Standard Pre-Data Collection Registration,discard,False,True,191
6887726618,10.17605/osf.io/ackak,OSF-Standard Pre-Data Collection Registration,discard,False,True,467
6944090676,10.17605/osf.io/y8r67,"Replication Recipe (Brandt et al., 2013): Pre-Registration",discard,False,True,1213
6944216860,10.17605/osf.io/xefr3,OSF-Standard Pre-Data Collection Registration,discard,False,True,233
6906480663,10.17605/osf.io/xawdh,OSF Preregistration,discard,False,True,2194
6906491568,10.17605/osf.io/huq9r,OSF-Standard Pre-Data Collection Registration,discard,False,True,135
6943924659,10.17605/osf.io/86acx,OSF-Standard Pre-Data Collection Registration,discard,False,True,163
2790595366,10.17605/osf.io/wr7xc,"Replication Recipe (Brandt et al., 2013): Pre-Registration",discard,False,True,8449
6962457067,10.17605/osf.io/gsvr4,EGAP Registration,discard,False,True,1394
6925049842,10.17605/osf.io/aj7m8,OSF-Standard Pre-Data Collection Registration,discard,False,True,226
6906660155,10.17605/osf.io/ghxrw,OSF-Standard Pre-Data Collection Registration,discard,False,True,583
6887757989,10.17605/osf.io/cqhw6,OSF Preregistration,discard,False,True,1293
6906471141,10.17605/osf.io/zp8qv,OSF-Standard Pre-Data Collection Registration,discard,False,True,146
6887706923,10.17605/osf.io/y8kbs,OSF-Standard Pre-Data Collection Registration,discard,False,True,84
6887719302,10.17605/osf.io/jv4q2,Prereg Challenge,discard,False,True,11443
6925335001,10.17605/osf.io/ax3cw,OSF Preregistration,discard,False,True,7412
6962884266,10.17605/osf.io/rz8gx,OSF-Standard Pre-Data Collection Registration,discard,False,True,163
6925508896,10.17605/osf.io/vkny5,OSF Preregistration,discard,False,True,26218
6925202596,10.17605/osf.io/gjr5k,,untouched,False,False,0
6925020910,10.17605/osf.io/cxatn,OSF-Standard Pre-Data Collection Registration,discard,False,True,417
6962525664,10.17605/osf.io/b6xv9,OSF Preregistration,discard,False,True,12743
2777533466,10.17605/osf.io/pktma,Open-Ended Registration,admit,False,True,96
6906418101,10.17605/osf.io/bqpzm,Preregistration Template from AsPredicted.org,discard,False,True,708
6925259922,10.17605/osf.io/c6n3t,OSF-Standard Pre-Data Collection Registration,discard,False,True,135
6906602272,10.17605/osf.io/b3p9c,OSF-Standard Pre-Data Collection Registration,discard,False,True,451
6906438642,10.17605/osf.io/aytez,,untouched,False,False,0
6887825125,10.17605/osf.io/x3qwp,,untouched,False,False,0
6887650864,10.17605/osf.io/4s35n,OSF-Standard Pre-Data Collection Registration,discard,False,True,84
6924984604,10.17605/osf.io/54rsq,OSF-Standard Pre-Data Collection Registration,discard,False,True,135
6962717585,10.17605/osf.io/s7x86,OSF-Standard Pre-Data Collection Registration,discard,False,True,135
7083324043,10.17605/osf.io/458qc,,untouched,False,False,0
6887776608,10.17605/osf.io/m2dhv,Open-Ended Registration,discard,False,True,232
6962854970,10.17605/osf.io/yhf8g,OSF-Standard Pre-Data Collection Registration,discard,False,True,135
6962921321,10.17605/osf.io/4u9wg,"Replication Recipe (Brandt et al., 2014): Pre-Registration",discard,False,True,4147
6906524353,10.17605/osf.io/3zc8m,"Pre-Registration in Social Psychology (van 't Veer & Giner-Sorolla, 2016): Pre-Registration",discard,False,True,6631
6962920507,10.17605/osf.io/ghn4y,Prereg Challenge,discard,False,True,5840
6887653501,10.17605/osf.io/4jv6t,"Replication Recipe (Brandt et al., 2013): Pre-Registration",discard,False,True,4416
6887668770,10.17605/osf.io/67qat,EGAP Registration,discard,False,True,2170
7102645912,10.17605/osf.io/xznpa,Open-Ended Registration,discard,False,True,451
6944160020,10.17605/osf.io/v8w2c,Open-Ended Registration,admit,False,True,96
2892708563,10.17605/osf.io/ejmyw,,untouched,False,False,0
6887706793,10.17605/osf.io/u3xgs,OSF Preregistration,discard,False,True,9630
6887613528,10.17605/osf.io/86be3,OSF-Standard Pre-Data Collection Registration,discard,False,True,146
6925074482,10.17605/osf.io/ka36d,OSF-Standard Pre-Data Collection Registration,discard,False,True,502
6887647290,10.17605/osf.io/5fcp8,,untouched,False,False,0
6944106538,10.17605/osf.io/jmnsg,OSF Preregistration,discard,False,True,5438
6944452793,10.17605/osf.io/d5r99,OSF-Standard Pre-Data Collection Registration,discard,False,True,135
6906286631,10.17605/osf.io/apzv9,OSF-Standard Pre-Data Collection Registration,discard,False,True,140
6887729460,10.17605/osf.io/deqk7,OSF-Standard Pre-Data Collection Registration,discard,False,True,176
6962623181,10.17605/osf.io/vckbj,,untouched,False,False,0
6944126589,10.17605/osf.io/uscgq,"Replication Recipe (Brandt et al., 2013): Pre-Registration",discard,False,True,2079
2777851906,10.17605/osf.io/ht9du,Open-Ended Registration,admit,False,True,97
6887619298,10.17605/osf.io/dvu6z,OSF-Standard Pre-Data Collection Registration,discard,False,True,225
6943839549,10.17605/osf.io/q43sn,Preregistration Template from AsPredicted.org,discard,False,True,6718
6925418297,10.17605/osf.io/nxrks,OSF Preregistration,discard,False,True,7257
6906257225,10.17605/osf.io/fkudh,"Replication Recipe (Brandt et al., 2013): Pre-Registration",discard,False,True,13138
6962757913,10.17605/osf.io/wrfn6,,untouched,False,False,0
6925107042,10.17605/osf.io/j6ucr,"Replication Recipe (Brandt et al., 2013): Pre-Registration",discard,False,True,4554
7103998872,10.17605/osf.io/gkqvn,,untouched,False,False,0
6925279747,10.17605/osf.io/py3xu,OSF-Standard Pre-Data Collection Registration,discard,False,True,370
2777199226,10.17605/osf.io/z6qw2,Open-Ended Registration,admit,False,True,97
6925065541,10.17605/osf.io/q9h3m,OSF-Standard Pre-Data Collection Registration,discard,False,True,135
6887801397,10.17605/osf.io/uphgn,OSF-Standard Pre-Data Collection Registration,discard,False,True,344
2905108855,10.17605/osf.io/za4r3,OSF-Standard Pre-Data Collection Registration,discard,False,True,84
6943963503,10.17605/osf.io/athgm,OSF Preregistration,discard,False,True,17432
6887859214,10.17605/osf.io/w7x4p,Prereg Challenge,discard,False,True,17976
6944160364,10.17605/osf.io/46muj,OSF-Standard Pre-Data Collection Registration,discard,False,True,147
6887668107,10.17605/osf.io/ahzps,OSF-Standard Pre-Data Collection Registration,discard,False,True,84
6925489027,10.17605/osf.io/gvmqf,"Replication Recipe (Brandt et al., 2013): Post-Completion",admit,False,True,2279
6887718130,10.17605/osf.io/52z34,OSF-Standard Pre-Data Collection Registration,discard,False,True,135
6943822362,10.17605/osf.io/zefvb,OSF Preregistration,discard,False,True,23906
6962676669,10.17605/osf.io/aqn5r,,untouched,False,False,0
6943991995,10.17605/osf.io/ckge3,OSF Preregistration,discard,False,True,9255
6925104001,10.17605/osf.io/8v5na,EGAP Registration,discard,False,True,5484
6943979487,10.17605/osf.io/zavxd,OSF-Standard Pre-Data Collection Registration,discard,False,True,146
6944165723,10.17605/osf.io/pcd5g,OSF-Standard Pre-Data Collection Registration,discard,False,True,226
6925252746,10.17605/osf.io/nmrjg,Open-Ended Registration,admit,False,True,96
6887851316,10.17605/osf.io/r4vuc,"Replication Recipe (Brandt et al., 2013): Pre-Registration",discard,False,True,560
6962680273,10.17605/osf.io/7wcy5,OSF Preregistration,discard,False,True,4040
6962817757,10.17605/osf.io/7gch2,OSF-Standard Pre-Data Collection Registration,discard,False,True,454
6887696574,10.17605/osf.io/xumwa,"Replication Recipe (Brandt et al., 2013): Pre-Registration",discard,False,True,4484
6887800413,10.17605/osf.io/z7gsr,OSF-Standard Pre-Data Collection Registration,discard,False,True,716
6943876714,10.17605/osf.io/pr8a4,EGAP Registration,discard,False,True,2011
6925372355,10.17605/osf.io/n7yc4,,untouched,False,False,0
2955686808,10.17605/osf.io/9t3zf,"Replication Recipe (Brandt et al., 2013): Post-Completion",admit,False,True,780
2782507844,10.17605/osf.io/fah8c,Prereg Challenge,discard,False,True,13692
6906514744,10.17605/osf.io/9wv5m,OSF-Standard Pre-Data Collection Registration,discard,False,True,84
6925432398,10.17605/osf.io/kmhrb,Preregistration Template from AsPredicted.org,discard,False,True,3089
6944127662,10.17605/osf.io/28wmy,OSF-Standard Pre-Data Collection Registration,discard,False,True,135
6906604033,10.17605/osf.io/yagxp,OSF-Standard Pre-Data Collection Registration,discard,False,True,204
6906696944,10.17605/osf.io/d3gc8,Preregistration Template from AsPredicted.org,discard,False,True,1610
6906309550,10.17605/osf.io/g24cw,OSF Preregistration,discard,False,True,6823
6925306293,10.17605/osf.io/dp62q,"Replication Recipe (Brandt et al., 2013): Pre-Registration",discard,False,True,4057
6943844677,10.17605/osf.io/ax9m4,,untouched,False,False,0
6943831061,10.17605/osf.io/c2bjw,OSF Preregistration,discard,False,True,5660
6944072911,10.17605/osf.io/vhbek,,untouched,False,False,0
6943764910,10.17605/osf.io/4qa7h,Preregistration Template from AsPredicted.org,discard,False,True,9002
6887701309,10.17605/osf.io/vhbgj,"Replication Recipe (Brandt et al., 2013): Pre-Registration",discard,False,True,3603
6887654988,10.17605/osf.io/gvmun,"Replication Recipe (Brandt et al., 2013): Pre-Registration",discard,False,True,3042
6906523244,10.17605/osf.io/fnb9g,,untouched,False,False,0
6906705671,10.17605/osf.io/7mz35,,untouched,False,False,0
6925293870,10.17605/osf.io/fs7ja,"Replication Recipe (Brandt et al., 2013): Pre-Registration",discard,False,True,9554
6943962838,10.17605/osf.io/sjqdc,OSF-Standard Pre-Data Collection Registration,discard,False,True,480
6906287281,10.17605/osf.io/25kds,Prereg Challenge,discard,False,True,12681
6944154198,10.17605/osf.io/ekxz8,OSF-Standard Pre-Data Collection Registration,discard,False,True,135
6887750660,10.17605/osf.io/7678x,"Replication Recipe (Brandt et al., 2013): Pre-Registration",discard,False,True,2929
6887798611,10.17605/osf.io/q896f,,untouched,False,False,0
6906599353,10.17605/osf.io/wd4qz,Preregistration Template from AsPredicted.org,discard,False,True,2150
2784989579,10.17605/osf.io/2kryw,Open-Ended Registration,admit,False,True,96
6925124074,10.17605/osf.io/3cre2,Prereg Challenge,discard,False,True,12415
6887732354,10.17605/osf.io/epjk2,"Pre-Registration in Social Psychology (van 't Veer & Giner-Sorolla, 2016): Pre-Registration",discard,False,True,13028
6887686322,10.17605/osf.io/hxryh,Preregistration Template from AsPredicted.org,discard,False,True,6984
6924904017,10.17605/osf.io/92c8j,OSF-Standard Pre-Data Collection Registration,discard,False,True,135
6906424804,10.17605/osf.io/k7mwr,"Pre-Registration in Social Psychology (van 't Veer & Giner-Sorolla, 2016): Pre-Registration",discard,False,True,8942
6963096003,10.17605/osf.io/frwtb,"Pre-Registration in Social Psychology (van 't Veer & Giner-Sorolla, 2016): Pre-Registration",discard,False,True,13603
6887709789,10.17605/osf.io/hx6ma,OSF Preregistration,discard,False,True,17070
6924838869,10.17605/osf.io/8m73q,Preregistration Template from AsPredicted.org,discard,False,True,2467
6906637689,10.17605/osf.io/5kaur,"Replication Recipe (Brandt et al., 2013): Pre-Registration",discard,False,True,2127
6925221318,10.17605/osf.io/czgvq,Preregistration Template from AsPredicted.org,discard,False,True,9618
2955423104,10.17605/osf.io/9j2xt,OSF-Standard Pre-Data Collection Registration,discard,False,True,135
2887133124,10.17605/osf.io/vdb5m,OSF-Standard Pre-Data Collection Registration,discard,False,True,135
6925516053,10.17605/osf.io/8muxh,OSF Preregistration,discard,False,True,5271
6944127235,10.17605/osf.io/jfn8c,OSF-Standard Pre-Data Collection Registration,discard,False,True,443
6925170663,10.17605/osf.io/p4ng2,"Replication Recipe (Brandt et al., 2013): Pre-Registration",discard,False,True,4078
6887658878,10.17605/osf.io/8qrtd,Open-Ended Registration,admit,False,True,97
2802731111,10.17605/osf.io/69y53,OSF-Standard Pre-Data Collection Registration,discard,False,True,135
6944330444,10.17605/osf.io/4dfap,OSF-Standard Pre-Data Collection Registration,discard,False,True,135
6887772366,10.17605/osf.io/t2vkp,,untouched,False,False,0
6925527319,10.17605/osf.io/r4pz3,,untouched,False,False,0
7080131867,10.17605/osf.io/378wa,,untouched,False,False,0
6887690989,10.17605/osf.io/6yfzh,Qualitative Preregistration,discard,False,True,7567
6887590893,10.17605/osf.io/8qkr7,EGAP Registration,discard,False,True,5322
6962897600,10.17605/osf.io/8zhcj,,untouched,False,False,0
6962271974,10.17605/osf.io/y9jwh,OSF-Standard Pre-Data Collection Registration,discard,False,True,135
6887696770,10.17605/osf.io/wrfa6,OSF-Standard Pre-Data Collection Registration,discard,False,True,84
6925015927,10.17605/osf.io/tfxbm,OSF-Standard Pre-Data Collection Registration,discard,False,True,135
6906395592,10.17605/osf.io/x2uve,OSF-Standard Pre-Data Collection Registration,discard,False,True,354
6887626155,10.17605/osf.io/f7na8,,untouched,False,False,0
6943855192,10.17605/osf.io/txuye,OSF Preregistration,discard,False,True,16276
6962533588,10.17605/osf.io/6pks8,OSF-Standard Pre-Data Collection Registration,discard,False,True,667
6887647498,10.17605/osf.io/4dgha,OSF-Standard Pre-Data Collection Registration,discard,False,True,135
6925024093,10.17605/osf.io/u3rnw,OSF-Standard Pre-Data Collection Registration,discard,False,True,135
6962364237,10.17605/osf.io/6jdg3,,untouched,False,False,0
6887760449,10.17605/osf.io/z2dau,OSF-Standard Pre-Data Collection Registration,discard,False,True,135
6943981765,10.17605/osf.io/skj68,OSF Preregistration,discard,False,True,8003
6906556409,10.17605/osf.io/fc8qx,OSF-Standard Pre-Data Collection Registration,discard,False,True,135
6887718279,10.17605/osf.io/9vkat,,untouched,False,False,0
2909237242,10.17605/osf.io/x2eyr,Preregistration Template from AsPredicted.org,discard,False,True,2111
6924982151,10.17605/osf.io/z29bt,OSF Preregistration,discard,False,True,10166
7084401577,10.17605/osf.io/jstnm,,untouched,False,False,0
6906593232,10.17605/osf.io/my64n,,untouched,False,False,0
2994750526,10.17605/osf.io/e2mjq,OSF-Standard Pre-Data Collection Registration,discard,False,True,135
6943940800,10.17605/osf.io/cpyu4,OSF-Standard Pre-Data Collection Registration,discard,False,True,135
6943926426,10.17605/osf.io/7jhvu,,untouched,False,False,0
6943782049,10.17605/osf.io/gby75,Preregistration Template from AsPredicted.org,discard,False,True,369
2786778995,10.17605/osf.io/de3ub,OSF-Standard Pre-Data Collection Registration,discard,False,True,247
2776764111,10.17605/osf.io/b62sp,Prereg Challenge,discard,False,True,17904
6887800730,10.17605/osf.io/t4vm2,OSF-Standard Pre-Data Collection Registration,discard,False,True,135
6944179028,10.17605/osf.io/zxghs,Prereg Challenge,discard,False,True,5689
6963123304,10.17605/osf.io/yv48x,OSF-Standard Pre-Data Collection Registration,discard,False,True,135
6962824460,10.17605/osf.io/a8gfy,Preregistration Template from AsPredicted.org,discard,False,True,1173
6924914514,10.17605/osf.io/jyncp,Prereg Challenge,discard,False,True,16671
2785217564,10.17605/osf.io/arx3n,OSF-Standard Pre-Data Collection Registration,discard,False,True,173
6925268239,10.17605/osf.io/v5btm,"Pre-Registration in Social Psychology (van 't Veer & Giner-Sorolla, 2016): Pre-Registration",discard,False,True,6203
6906256127,10.17605/osf.io/8ruy3,"Pre-Registration in Social Psychology (van 't Veer & Giner-Sorolla, 2016): Pre-Registration",discard,False,True,12766
6962646956,10.17605/osf.io/ybtx9,"Replication Recipe (Brandt et al., 2013): Pre-Registration",discard,False,True,2250
6962530917,10.17605/osf.io/2pm6r,,untouched,False,False,0
6943964284,10.17605/osf.io/trpnk,OSF-Standard Pre-Data Collection Registration,discard,False,True,123
6943610342,10.17605/osf.io/k3wap,OSF-Standard Pre-Data Collection Registration,discard,False,True,135
6887740624,10.17605/osf.io/gb5z4,OSF-Standard Pre-Data Collection Registration,discard,False,True,226
6887668251,10.17605/osf.io/yknja,OSF-Standard Pre-Data Collection Registration,discard,False,True,135
6925465693,10.17605/osf.io/s7nyz,Prereg Challenge,discard,False,True,3314
6906564074,10.17605/osf.io/2rzns,OSF-Standard Pre-Data Collection Registration,discard,False,True,173
6925263377,10.17605/osf.io/n6dmb,,untouched,False,False,0
6887771835,10.17605/osf.io/6zf8n,OSF-Standard Pre-Data Collection Registration,discard,False,True,72
6906384233,10.17605/osf.io/9gzn3,OSF-Standard Pre-Data Collection Registration,discard,False,True,147
6906554538,10.17605/osf.io/ce7jt,"Replication Recipe (Brandt et al., 2013): Pre-Registration",discard,False,True,3277
6906575699,10.17605/osf.io/qyd45,Preregistration Template from AsPredicted.org,discard,False,True,8351
6924903543,10.17605/osf.io/597st,OSF-Standard Pre-Data Collection Registration,discard,False,True,240
6925201457,10.17605/osf.io/mhgx2,Preregistration Template from AsPredicted.org,discard,False,True,2414
6943916714,10.17605/osf.io/sdw83,OSF-Standard Pre-Data Collection Registration,discard,False,True,72
6887706862,10.17605/osf.io/6uhkb,"Replication Recipe (Brandt et al., 2013): Pre-Registration",discard,False,True,4995
2901101879,10.17605/osf.io/q2e5k,"Replication Recipe (Brandt et al., 2013): Pre-Registration",discard,False,True,998
6943888845,10.17605/osf.io/um3rq,"Replication Recipe (Brandt et al., 2013): Pre-Registration",discard,False,True,85
6906404524,10.17605/osf.io/vk9y7,OSF-Standard Pre-Data Collection Registration,discard,False,True,136
2776862415,10.17605/osf.io/cvuwy,,untouched,False,False,0
6944007687,10.17605/osf.io/7en89,"Replication Recipe (Brandt et al., 2013): Pre-Registration",discard,False,True,2265
6962412963,10.17605/osf.io/fqaqd,OSF-Standard Pre-Data Collection Registration,discard,False,True,467
6943735502,10.17605/osf.io/3yef2,OSF Preregistration,discard,False,True,1772
6887701579,10.17605/osf.io/b32ru,EGAP Registration,discard,False,True,1357
6925433915,10.17605/osf.io/rpw36,Preregistration Template from AsPredicted.org,discard,False,True,20180
7081220563,10.17605/osf.io/s9buh,,untouched,False,False,0
6943959440,10.17605/osf.io/b74qe,,untouched,False,False,0
6906468382,10.17605/osf.io/9b8q3,,untouched,False,False,0
6944086186,10.17605/osf.io/tsgh3,"Replication Recipe (Brandt et al., 2013): Pre-Registration",discard,False,True,2549
2809507034,10.17605/osf.io/bmig8,"Replication Recipe (Brandt et al., 2013): Post-Completion",admit,False,True,1000
6944074767,10.17605/osf.io/2nr7v,OSF-Standard Pre-Data Collection Registration,discard,False,True,135
6906356685,10.17605/osf.io/aedp5,OSF-Standard Pre-Data Collection Registration,discard,False,True,462
6962930392,10.17605/osf.io/4vtzx,Prereg Challenge,discard,False,True,3489
6925254209,10.17605/osf.io/u87pb,OSF-Standard Pre-Data Collection Registration,discard,False,True,515
6887669524,10.17605/osf.io/5nsje,OSF-Standard Pre-Data Collection Registration,discard,False,True,467
6943900402,10.17605/osf.io/v2gfb,OSF-Standard Pre-Data Collection Registration,discard,False,True,135
6887720804,10.17605/osf.io/s3c98,,untouched,False,False,0
6925264781,10.17605/osf.io/87n6d,OSF-Standard Pre-Data Collection Registration,discard,False,True,1018
6925069539,10.17605/osf.io/atdxy,OSF-Standard Pre-Data Collection Registration,discard,False,True,147
6887806742,10.17605/osf.io/fz9tq,Registered Report Protocol Preregistration,discard,False,True,4910
6944162671,10.17605/osf.io/s4kz8,OSF-Standard Pre-Data Collection Registration,discard,False,True,135
6944014388,10.17605/osf.io/hcvmz,,untouched,False,False,0
6943991525,10.17605/osf.io/h92f6,OSF-Standard Pre-Data Collection Registration,discard,False,True,135
6962495123,10.17605/osf.io/nbk57,,untouched,False,False,0
6944237805,10.17605/osf.io/wwhfv,Preregistration Template from AsPredicted.org,discard,False,True,23911
6944059709,10.17605/osf.io/67djb,"Replication Recipe (Brandt et al., 2013): Pre-Registration",discard,False,True,2976
6925186956,10.17605/osf.io/4rbxz,OSF-Standard Pre-Data Collection Registration,discard,False,True,135
6925197773,10.17605/osf.io/qau5g,Preregistration Template from AsPredicted.org,discard,False,True,8649
6962551109,10.17605/osf.io/ev4nv,Prereg Challenge,discard,False,True,7808
6962330090,10.17605/osf.io/d5eqs,OSF-Standard Pre-Data Collection Registration,discard,False,True,135
2775942806,10.17605/osf.io/fxqpr,"Replication Recipe (Brandt et al., 2013): Pre-Registration",discard,False,True,1937
6906538614,10.17605/osf.io/et3xm,Preregistration Template from AsPredicted.org,discard,False,True,2376
6906632896,10.17605/osf.io/h6ddq,OSF-Standard Pre-Data Collection Registration,discard,False,True,467
6962657395,10.17605/osf.io/jhn4g,Open-Ended Registration,admit,False,True,97
2777214647,10.17605/osf.io/f59hn,Open-Ended Registration,admit,False,True,97
6925355668,10.17605/osf.io/843na,OSF-Standard Pre-Data Collection Registration,discard,False,True,3488
6943857426,10.17605/osf.io/r5sfu,OSF Preregistration,discard,False,True,9744
6887711571,10.17605/osf.io/ek5rz,Registered Report Protocol Preregistration,discard,False,True,736
6887656695,10.17605/osf.io/5kr67,Preregistration Template from AsPredicted.org,discard,False,True,2391
6887693698,10.17605/osf.io/3cq8h,OSF-Standard Pre-Data Collection Registration,discard,False,True,467
6925090125,10.17605/osf.io/pav52,OSF-Standard Pre-Data Collection Registration,discard,False,True,135
6906714823,10.17605/osf.io/az73t,OSF-Standard Pre-Data Collection Registration,discard,False,True,176
6887718378,10.17605/osf.io/gm8cb,OSF-Standard Pre-Data Collection Registration,discard,False,True,146
6962542056,10.17605/osf.io/b9dhy,OSF-Standard Pre-Data Collection Registration,discard,False,True,226
6887688601,10.17605/osf.io/4nea3,Preregistration Template from AsPredicted.org,discard,False,True,4985
6887664342,10.17605/osf.io/g7rmw,OSF-Standard Pre-Data Collection Registration,discard,False,True,226
2807567985,10.17605/osf.io/4j3tx,,untouched,False,False,0
6944212460,10.17605/osf.io/nzv2j,Preregistration Template from AsPredicted.org,discard,False,True,3597
6925279374,10.17605/osf.io/3sk6j,Preregistration Template from AsPredicted.org,discard,False,True,3737
6906614445,10.17605/osf.io/rx76n,OSF-Standard Pre-Data Collection Registration,discard,False,True,135
6906535048,10.17605/osf.io/xwn9m,,untouched,False,False,0
6944105484,10.17605/osf.io/ukwdr,,untouched,False,False,0
6925176736,10.17605/osf.io/2ytf7,Preregistration Template from AsPredicted.org,discard,False,True,1528
6963042019,10.17605/osf.io/sjh2v,"Replication Recipe (Brandt et al., 2013): Pre-Registration",discard,False,True,3434
6962949384,10.17605/osf.io/hjrxs,OSF-Standard Pre-Data Collection Registration,discard,False,True,467
6962821538,10.17605/osf.io/w7fy3,Preregistration Template from AsPredicted.org,discard,False,True,2606
6925114587,10.17605/osf.io/rvpzf,,untouched,False,False,0
6962553168,10.17605/osf.io/5nyp9,OSF-Standard Pre-Data Collection Registration,discard,False,True,646
6887659840,10.17605/osf.io/2ufxb,OSF-Standard Pre-Data Collection Registration,discard,False,True,135
6925016974,10.17605/osf.io/9r76d,OSF-Standard Pre-Data Collection Registration,discard,False,True,245
6906606496,10.17605/osf.io/d5pt8,,untouched,False,False,0
6925247215,10.17605/osf.io/deuza,OSF Preregistration,discard,False,True,23078
6906321794,10.17605/osf.io/at3jy,OSF-Standard Pre-Data Collection Registration,discard,False,True,393
6887791277,10.17605/osf.io/whcbm,,untouched,False,False,0
3023265706,10.17605/osf.io/kwya7,OSF-Standard Pre-Data Collection Registration,discard,False,True,198
6943933033,10.17605/osf.io/8jh9q,OSF-Standard Pre-Data Collection Registration,discard,False,True,393
6962949371,10.17605/osf.io/sn9em,OSF Preregistration,discard,False,True,2488
6962486822,10.17605/osf.io/3ebwj,Prereg Challenge,discard,False,True,6803
6925053273,10.17605/osf.io/7zcnu,Preregistration Template from AsPredicted.org,discard,False,True,1710
6962849490,10.17605/osf.io/j5y2z,OSF-Standard Pre-Data Collection Registration,discard,False,True,135
2777193537,10.17605/osf.io/k5cwt,Open-Ended Registration,admit,False,True,96
6887705675,10.17605/osf.io/5d2s3,,untouched,False,False,0
6887750083,10.17605/osf.io/hrdpm,OSF-Standard Pre-Data Collection Registration,discard,False,True,453
6943933724,10.17605/osf.io/e8nz8,"Replication Recipe (Brandt et al., 2013): Pre-Registration",discard,False,True,3336
2777561857,10.17605/osf.io/73pnd,,untouched,False,False,0
6925341606,10.17605/osf.io/ch3vy,Preregistration Template from AsPredicted.org,discard,False,True,4362
6906441708,10.17605/osf.io/adg84,"Replication Recipe (Brandt et al., 2013): Pre-Registration",discard,False,True,2791
6887688542,10.17605/osf.io/mqkvy,OSF-Standard Pre-Data Collection Registration,discard,False,True,135
6944155781,10.17605/osf.io/a35pv,"Replication Recipe (Brandt et al., 2013): Pre-Registration",discard,False,True,1416
6906464101,10.17605/osf.io/x64b5,Preregistration Template from AsPredicted.org,discard,False,True,5232
6906289477,10.17605/osf.io/5f8c2,OSF-Standard Pre-Data Collection Registration,discard,False,True,147
6962438491,10.17605/osf.io/ncuqt,,untouched,False,False,0
2779337956,10.17605/osf.io/cy9v4,Open-Ended Registration,admit,False,True,96
6944043321,10.17605/osf.io/mu6vg,,untouched,False,False,0
6906479086,10.17605/osf.io/fhtjp,,untouched,False,False,0
6887639667,10.17605/osf.io/7d2wn,Prereg Challenge,discard,False,True,6198
6925301430,10.17605/osf.io/ju4zp,OSF-Standard Pre-Data Collection Registration,discard,False,True,135
6906499093,10.17605/osf.io/vw8e5,Prereg Challenge,discard,False,True,10688
6944060714,10.17605/osf.io/3en4y,"Replication Recipe (Brandt et al., 2013): Pre-Registration",discard,False,True,17536
6925192074,10.17605/osf.io/dnekv,OSF-Standard Pre-Data Collection Registration,discard,False,True,467
6906615071,10.17605/osf.io/v2tzr,OSF-Standard Pre-Data Collection Registration,discard,False,True,226
6943908978,10.17605/osf.io/3xcq7,OSF-Standard Pre-Data Collection Registration,discard,False,True,452
6887793336,10.17605/osf.io/3xvj8,OSF-Standard Pre-Data Collection Registration,discard,False,True,176
6887699167,10.17605/osf.io/n7w5u,OSF-Standard Pre-Data Collection Registration,discard,False,True,249
6943698011,10.17605/osf.io/9fq5x,OSF Preregistration,discard,False,True,9588
6887750100,10.17605/osf.io/t38mu,Preregistration Template from AsPredicted.org,discard,False,True,324
6887715053,10.17605/osf.io/8hdu3,,untouched,False,False,0
6943788101,10.17605/osf.io/xj57k,,untouched,False,False,0
6943984784,10.17605/osf.io/pw73f,,untouched,False,False,0
6887686577,10.17605/osf.io/2rxmy,,untouched,False,False,0
6887766089,10.17605/osf.io/yqj5p,OSF Preregistration,discard,False,True,4313
6962653961,10.17605/osf.io/br794,OSF-Standard Pre-Data Collection Registration,discard,False,True,135
6925058638,10.17605/osf.io/dc5hp,OSF-Standard Pre-Data Collection Registration,discard,False,True,135
6925308321,10.17605/osf.io/ajf6p,OSF-Standard Pre-Data Collection Registration,discard,False,True,381
6963248390,10.17605/osf.io/6ev9q,OSF Preregistration,discard,False,True,6666
6944263077,10.17605/osf.io/q68u9,OSF-Standard Pre-Data Collection Registration,discard,False,True,200
6962246137,10.17605/osf.io/rm9qj,OSF-Standard Pre-Data Collection Registration,discard,False,True,84
6962777495,10.17605/osf.io/b46de,OSF-Standard Pre-Data Collection Registration,discard,False,True,226
7082355987,10.17605/osf.io/wgu8q,,untouched,False,False,0
6887708820,10.17605/osf.io/f4rsh,OSF-Standard Pre-Data Collection Registration,discard,False,True,84
7077478222,10.17605/osf.io/rj57y,,untouched,False,False,0
6906562133,10.17605/osf.io/g3kpq,OSF-Standard Pre-Data Collection Registration,discard,False,True,204
6962673413,10.17605/osf.io/nfjwu,OSF-Standard Pre-Data Collection Registration,discard,False,True,316
6962959744,10.17605/osf.io/upzwf,Preregistration Template from AsPredicted.org,discard,False,True,4091
6887722071,10.17605/osf.io/gqmvz,Preregistration Template from AsPredicted.org,discard,False,True,12136
6906789910,10.17605/osf.io/rs2uj,Prereg Challenge,discard,False,True,8007
6962839210,10.17605/osf.io/98w7p,,untouched,False,False,0
6962678313,10.17605/osf.io/rt8nm,Preregistration Template from AsPredicted.org,discard,False,True,532
2805073231,10.17605/osf.io/e5whs,"Replication Recipe (Brandt et al., 2013): Pre-Registration",discard,False,True,2603
6962539650,10.17605/osf.io/2bckw,,untouched,False,False,0
6944135922,10.17605/osf.io/n7pzr,OSF-Standard Pre-Data Collection Registration,discard,False,True,552
6887772114,10.17605/osf.io/zaxn3,Preregistration Template from AsPredicted.org,discard,False,True,603
2914256772,10.17605/osf.io/jyr85,OSF-Standard Pre-Data Collection Registration,discard,False,True,135
6962907697,10.17605/osf.io/tuyfg,,untouched,False,False,0
6943988404,10.17605/osf.io/j4y6u,,untouched,False,False,0
6962892831,10.17605/osf.io/g2cxw,,untouched,False,False,0
6906490692,10.17605/osf.io/2gw6f,OSF-Standard Pre-Data Collection Registration,discard,False,True,135
6925239479,10.17605/osf.io/a726y,OSF-Standard Pre-Data Collection Registration,discard,False,True,146
6924924663,10.17605/osf.io/cwepv,EGAP Registration,discard,False,True,1692
6906447415,10.17605/osf.io/bwq3s,OSF-Standard Pre-Data Collection Registration,discard,False,True,292
6962968318,10.17605/osf.io/xmeb7,Preregistration Template from AsPredicted.org,discard,False,True,1954
6887679548,10.17605/osf.io/j49k2,,untouched,False,False,0
2787836934,10.17605/osf.io/ubp8c,"Replication Recipe (Brandt et al., 2013): Pre-Registration",discard,False,True,1005
6962562394,10.17605/osf.io/ynr69,,untouched,False,False,0
6925078802,10.17605/osf.io/g6hyx,Preregistration Template from AsPredicted.org,discard,False,True,3949
6906339319,10.17605/osf.io/unw2b,,untouched,False,False,0
6906266343,10.17605/osf.io/m52yh,,untouched,False,False,0
6887706717,10.17605/osf.io/gzf5u,EGAP Registration,discard,False,True,1530
6887709859,10.17605/osf.io/2kry6,EGAP Registration,discard,False,True,3226
6962694341,10.17605/osf.io/7gcjf,,untouched,False,False,0
2900443611,10.17605/osf.io/crnsh,Preregistration Template from AsPredicted.org,discard,False,True,1367
6962288493,10.17605/osf.io/e2k87,,untouched,False,False,0
2782921558,10.17605/osf.io/wzxq9,Open-Ended Registration,admit,False,True,96
2780275205,10.17605/osf.io/kxg7e,OSF-Standard Pre-Data Collection Registration,discard,False,True,176
6887842044,10.17605/osf.io/h2d9m,Prereg Challenge,discard,False,True,2483
6943720386,10.17605/osf.io/cv7ps,OSF-Standard Pre-Data Collection Registration,discard,False,True,174
6943980695,10.17605/osf.io/dtcg9,Registered Report Protocol Preregistration,discard,False,True,7146
6925264063,10.17605/osf.io/9yxrz,Preregistration Template from AsPredicted.org,discard,False,True,1760
6925117327,10.17605/osf.io/yujzt,"Replication Recipe (Brandt et al., 2013): Pre-Registration",discard,False,True,1092
6925401175,10.17605/osf.io/b59ey,OSF-Standard Pre-Data Collection Registration,discard,False,True,135
6962721631,10.17605/osf.io/ja8h4,OSF-Standard Pre-Data Collection Registration,discard,False,True,467
6962307682,10.17605/osf.io/hxqfb,EGAP Registration,discard,False,True,4582
6943871153,10.17605/osf.io/8gm9z,EGAP Registration,discard,False,True,5368
6944285787,10.17605/osf.io/mtzgf,OSF-Standard Pre-Data Collection Registration,discard,False,True,135
6906585766,10.17605/osf.io/wvzm4,,untouched,False,False,0
6924971277,10.17605/osf.io/qjf39,OSF-Standard Pre-Data Collection Registration,discard,False,True,462
6925072695,10.17605/osf.io/jsbdn,"Replication Recipe (Brandt et al., 2013): Pre-Registration",discard,False,True,2079
6906561146,10.17605/osf.io/g3paq,Preregistration Template from AsPredicted.org,discard,False,True,2813
6962590972,10.17605/osf.io/5grc9,OSF Preregistration,discard,False,True,6028
2777795948,10.17605/osf.io/pyt4e,Open-Ended Registration,admit,False,True,96
6925288080,10.17605/osf.io/jnv4k,,untouched,False,False,0
6962624258,10.17605/osf.io/ar57z,,untouched,False,False,0
6963176982,10.17605/osf.io/j3sud,OSF-Standard Pre-Data Collection Registration,discard,False,True,135
6962717630,10.17605/osf.io/qavyh,"Replication Recipe (Brandt et al., 2013): Pre-Registration",discard,False,True,8263
6925059228,10.17605/osf.io/xn57a,OSF-Standard Pre-Data Collection Registration,discard,False,True,135
6943678943,10.17605/osf.io/ygsxw,OSF-Standard Pre-Data Collection Registration,discard,False,True,605
6944133622,10.17605/osf.io/hv5tj,OSF-Standard Pre-Data Collection Registration,discard,False,True,135
6925677817,10.17605/osf.io/xrqgt,"Pre-Registration in Social Psychology (van 't Veer & Giner-Sorolla, 2016): Pre-Registration",discard,False,True,3834
6925418564,10.17605/osf.io/d6n9r,OSF-Standard Pre-Data Collection Registration,discard,False,True,135
2953767026,10.17605/osf.io/f9yua,OSF Preregistration,discard,False,True,5880
6943709253,10.17605/osf.io/4cvp5,OSF-Standard Pre-Data Collection Registration,discard,False,True,72
6944094324,10.17605/osf.io/jv64u,,untouched,False,False,0
6962934880,10.17605/osf.io/78cbg,OSF Preregistration,discard,False,True,4148
6944064409,10.17605/osf.io/fvna6,OSF-Standard Pre-Data Collection Registration,discard,False,True,226
6962734506,10.17605/osf.io/43xmf,EGAP Registration,discard,False,True,4101
6887802756,10.17605/osf.io/uf738,Preregistration Template from AsPredicted.org,discard,False,True,13047
6962921213,10.17605/osf.io/zq7kc,Prereg Challenge,discard,False,True,8071
6906496926,10.17605/osf.io/d9xmr,"Replication Recipe (Brandt et al., 2013): Pre-Registration",discard,False,True,9105
6943944637,10.17605/osf.io/d3j2y,,untouched,False,False,0
6962750111,10.17605/osf.io/px56h,Open-Ended Registration,admit,False,True,96
6906255669,10.17605/osf.io/gz93b,,untouched,False,False,0
6925449667,10.17605/osf.io/pvpfw,OSF-Standard Pre-Data Collection Registration,discard,False,True,135
6906427987,10.17605/osf.io/u28aj,OSF Preregistration,discard,False,True,5363
6906418282,10.17605/osf.io/5q8fj,OSF-Standard Pre-Data Collection Registration,discard,False,True,135
6906202004,10.17605/osf.io/4sbpw,,untouched,False,False,0
6906302709,10.17605/osf.io/5fpwk,OSF Preregistration,discard,False,True,33858
6962783317,10.17605/osf.io/4skxb,,untouched,False,False,0
2972023184,10.17605/osf.io/khjs7,"Pre-Registration in Social Psychology (van 't Veer & Giner-Sorolla, 2016): Pre-Registration",discard,False,True,97069
6944254859,10.17605/osf.io/s6h7j,OSF-Standard Pre-Data Collection Registration,discard,False,True,389
6906482541,10.17605/osf.io/br9za,,untouched,False,False,0
6887734474,10.17605/osf.io/48smu,"Replication Recipe (Brandt et al., 2013): Pre-Registration",discard,False,True,3276
6962631329,10.17605/osf.io/z58rn,Preregistration Template from AsPredicted.org,discard,False,True,2819
6906250078,10.17605/osf.io/63h9d,OSF-Standard Pre-Data Collection Registration,discard,False,True,201
6943903024,10.17605/osf.io/2dsc5,Open-Ended Registration,admit,False,True,4540
6887771602,10.17605/osf.io/y9vdr,EGAP Registration,discard,False,True,1484
6943930958,10.17605/osf.io/jv4zg,"Replication Recipe (Brandt et al., 2013): Pre-Registration",discard,False,True,9185
2802044595,10.17605/osf.io/ka5wv,,untouched,False,False,0
6962890323,10.17605/osf.io/rbe2k,"Pre-Registration in Social Psychology (van 't Veer & Giner-Sorolla, 2016): Pre-Registration",discard,False,True,9341
6906732955,10.17605/osf.io/xu87y,Prereg Challenge,discard,False,True,23328
6943918080,10.17605/osf.io/qtaer,OSF-Standard Pre-Data Collection Registration,discard,False,True,467
6944169334,10.17605/osf.io/d6tjm,OSF-Standard Pre-Data Collection Registration,discard,False,True,540
6963024014,10.17605/osf.io/hc97q,,untouched,False,False,0
2778579930,10.17605/osf.io/zc468,Open-Ended Registration,admit,False,True,97
6906625967,10.17605/osf.io/xvj8e,,untouched,False,False,0
6962524711,10.17605/osf.io/2f74y,,untouched,False,False,0
6887707145,10.17605/osf.io/4r7mc,Prereg Challenge,discard,False,True,4265
6887805580,10.17605/osf.io/h8ctr,"Replication Recipe (Brandt et al., 2013): Pre-Registration",discard,False,True,4518
6962877538,10.17605/osf.io/kfv5d,"Pre-Registration in Social Psychology (van 't Veer & Giner-Sorolla, 2016): Pre-Registration",discard,False,True,18723
3046465867,10.17605/osf.io/44hg6,Prereg Challenge,discard,False,True,5352
6925539734,10.17605/osf.io/vqcdj,OSF-Standard Pre-Data Collection Registration,discard,False,True,200
2903062202,10.17605/osf.io/nb2r3,,untouched,False,False,0
6925206206,10.17605/osf.io/ef5mp,,untouched,False,False,0
6962683850,10.17605/osf.io/g3jze,OSF-Standard Pre-Data Collection Registration,discard,False,True,146
6943849295,10.17605/osf.io/u74ep,OSF-Standard Pre-Data Collection Registration,discard,False,True,175
6943946325,10.17605/osf.io/b9z6g,OSF-Standard Pre-Data Collection Registration,discard,False,True,184
6925053336,10.17605/osf.io/ed5b8,OSF-Standard Pre-Data Collection Registration,discard,False,True,135
6925263699,10.17605/osf.io/68za8,OSF-Standard Pre-Data Collection Registration,discard,False,True,799
6906621214,10.17605/osf.io/x5bu4,Prereg Challenge,discard,False,True,7751
6943777149,10.17605/osf.io/j9vkg,OSF-Standard Pre-Data Collection Registration,discard,False,True,226
6962918539,10.17605/osf.io/ej4yk,OSF Preregistration,discard,False,True,7351
6887785314,10.17605/osf.io/v5zm7,Registered Report Protocol Preregistration,discard,False,True,2136
6906233937,10.17605/osf.io/jseub,Prereg Challenge,discard,False,True,6009
6943838371,10.17605/osf.io/82ja4,"Replication Recipe (Brandt et al., 2013): Pre-Registration",discard,False,True,3786
6906585511,10.17605/osf.io/awd74,,untouched,False,False,0
6887733517,10.17605/osf.io/4nz5h,OSF-Standard Pre-Data Collection Registration,discard,False,True,135
6887737207,10.17605/osf.io/cmnj6,Preregistration Template from AsPredicted.org,discard,False,True,7690
6943559103,10.17605/osf.io/eh53f,"Replication Recipe (Brandt et al., 2013): Pre-Registration",discard,False,True,1646
6887841460,10.17605/osf.io/mf5r7,"Replication Recipe (Brandt et al., 2013): Post-Completion",admit,False,True,3964
6925551672,10.17605/osf.io/fh2mg,"Replication Recipe (Brandt et al., 2013): Pre-Registration",discard,False,True,9296
6887662673,10.17605/osf.io/9hx8e,OSF Preregistration,discard,False,True,1868
2776336405,10.17605/osf.io/kdvcz,Prereg Challenge,discard,False,True,5630
6962676683,10.17605/osf.io/zwkmn,"Replication Recipe (Brandt et al., 2013): Pre-Registration",discard,False,True,1515
6925452576,10.17605/osf.io/6rfqu,,untouched,False,False,0
6887656883,10.17605/osf.io/486h7,Preregistration Template from AsPredicted.org,discard,False,True,6342
6887792759,10.17605/osf.io/ghca5,OSF-Standard Pre-Data Collection Registration,discard,False,True,135
6943957150,10.17605/osf.io/38dc7,Preregistration Template from AsPredicted.org,discard,False,True,2136
2905700015,10.17605/osf.io/awydj,,untouched,False,False,0
6906323829,10.17605/osf.io/btm7v,,untouched,False,False,0
6962607363,10.17605/osf.io/w6enk,,untouched,False,False,0
6943982290,10.17605/osf.io/qypv2,,untouched,False,False,0
6887743935,10.17605/osf.io/xsw82,OSF-Standard Pre-Data Collection Registration,discard,False,True,421
6887864846,10.17605/osf.io/y5s7v,OSF-Standard Pre-Data Collection Registration,discard,False,True,135
6963239143,10.17605/osf.io/6me7j,OSF Preregistration,discard,False,True,3802
6962519726,10.17605/osf.io/quvgj,OSF Preregistration,discard,False,True,15603
6943954633,10.17605/osf.io/fjksb,,untouched,False,False,0
6887786464,10.17605/osf.io/qgm4n,OSF-Standard Pre-Data Collection Registration,discard,False,True,426
6962608252,10.17605/osf.io/m28xv,"Replication Recipe (Brandt et al., 2013): Pre-Registration",discard,False,True,4504
6943886397,10.17605/osf.io/rk6eg,OSF-Standard Pre-Data Collection Registration,discard,False,True,135
6906675931,10.17605/osf.io/dg7tr,OSF Preregistration,discard,False,True,1499
6962815137,10.17605/osf.io/zge8q,OSF-Standard Pre-Data Collection Registration,discard,False,True,135
6906427640,10.17605/osf.io/ehufv,,untouched,False,False,0
6925348812,10.17605/osf.io/qp8v3,"Replication Recipe (Brandt et al., 2013): Pre-Registration",discard,False,True,700
6944228637,10.17605/osf.io/svy3c,"Replication Recipe (Brandt et al., 2013): Pre-Registration",discard,False,True,12167
6963101708,10.17605/osf.io/mnzj9,,untouched,False,False,0
6943894344,10.17605/osf.io/hbjyv,,untouched,False,False,0
6887757081,10.17605/osf.io/8gx5e,"Replication Recipe (Brandt et al., 2013): Pre-Registration",discard,False,True,4977
6906368568,10.17605/osf.io/rcaey,OSF-Standard Pre-Data Collection Registration,discard,False,True,135
6943998160,10.17605/osf.io/w29q4,OSF-Standard Pre-Data Collection Registration,discard,False,True,226
6924962141,10.17605/osf.io/7xhzm,OSF-Standard Pre-Data Collection Registration,discard,False,True,84
6887736839,10.17605/osf.io/rqw46,Preregistration Template from AsPredicted.org,discard,False,True,3340
6906562859,10.17605/osf.io/qsbpr,OSF Preregistration,discard,False,True,1484
2779370474,10.17605/osf.io/nrjs5,Open-Ended Registration,admit,False,True,97
2778699118,10.17605/osf.io/awse5,Prereg Challenge,discard,False,True,5470
6887761844,10.17605/osf.io/umysq,EGAP Registration,discard,False,True,834
7081933824,10.17605/osf.io/tbr4p,,untouched,False,False,0
2810282095,10.17605/osf.io/x8k5g,"Replication Recipe (Brandt et al., 2013): Pre-Registration",discard,False,True,1181
6962727370,10.17605/osf.io/tu862,OSF Preregistration,discard,False,True,1467
6944086308,10.17605/osf.io/z3ad2,"Pre-Registration in Social Psychology (van 't Veer & Giner-Sorolla, 2016): Pre-Registration",discard,False,True,6361
6944100253,10.17605/osf.io/xfvd8,OSF Preregistration,discard,False,True,37403
6925348311,10.17605/osf.io/z6j9r,OSF-Standard Pre-Data Collection Registration,discard,False,True,801
6962478833,10.17605/osf.io/knhg7,OSF Preregistration,discard,False,True,10034
6943892253,10.17605/osf.io/t23x4,,untouched,False,False,0
6943752173,10.17605/osf.io/ucbtp,OSF Preregistration,discard,False,True,6575
2783208915,10.17605/osf.io/whqfh,OSF-Standard Pre-Data Collection Registration,discard,False,True,436
6925217634,10.17605/osf.io/h548a,,untouched,False,False,0
6925234548,10.17605/osf.io/kw4sa,OSF-Standard Pre-Data Collection Registration,discard,False,True,289
6925058531,10.17605/osf.io/n4rcn,OSF-Standard Pre-Data Collection Registration,discard,False,True,135
6962737923,10.17605/osf.io/h769w,OSF-Standard Pre-Data Collection Registration,discard,False,True,226
6906497029,10.17605/osf.io/hrfg5,OSF-Standard Pre-Data Collection Registration,discard,False,True,84
2902078760,10.17605/osf.io/v8knq,OSF-Standard Pre-Data Collection Registration,discard,False,True,425
6887639127,10.17605/osf.io/bzgkw,,untouched,False,False,0
6943777975,10.17605/osf.io/qg8zw,"Replication Recipe (Brandt et al., 2013): Pre-Registration",discard,False,True,3191
6944110671,10.17605/osf.io/f52vj,OSF Preregistration,discard,False,True,6013
6962337666,10.17605/osf.io/jzyr7,,untouched,False,False,0
6887705682,10.17605/osf.io/x3cmv,OSF-Standard Pre-Data Collection Registration,discard,False,True,135
6906636918,10.17605/osf.io/z9kme,Prereg Challenge,discard,False,True,7243
6887694415,10.17605/osf.io/h592g,Registered Report Protocol Preregistration,discard,False,True,2267
3047183847,10.17605/osf.io/g4m8v,"Pre-Registration in Social Psychology (van 't Veer & Giner-Sorolla, 2016): Pre-Registration",discard,False,True,9211
6887641840,10.17605/osf.io/396kh,OSF-Standard Pre-Data Collection Registration,discard,False,True,226
6887782940,10.17605/osf.io/rze6b,Prereg Challenge,discard,False,True,11355
6925243980,10.17605/osf.io/s46qa,OSF Preregistration,discard,False,True,17836
3120161116,10.17605/osf.io/kd5j7,OSF-Standard Pre-Data Collection Registration,discard,False,True,230
6925214189,10.17605/osf.io/nvg98,Preregistration Template from AsPredicted.org,discard,False,True,1315
6887690513,10.17605/osf.io/jm5rf,Preregistration Template from AsPredicted.org,discard,False,True,5449
6887706261,10.17605/osf.io/kuvmw,OSF-Standard Pre-Data Collection Registration,discard,False,True,72
2786737727,10.17605/osf.io/w62xy,"Replication Recipe (Brandt et al., 2013): Pre-Registration",discard,False,True,4864
6962796963,10.17605/osf.io/7vcef,Prereg Challenge,discard,False,True,7649
2898075931,10.17605/osf.io/jt824,"Replication Recipe (Brandt et al., 2013): Pre-Registration",discard,False,True,4762
6943952083,10.17605/osf.io/c4ts3,OSF-Standard Pre-Data Collection Registration,discard,False,True,135
6943538051,10.17605/osf.io/wgvd4,Prereg Challenge,discard,False,True,13919
6906717345,10.17605/osf.io/a4bwh,OSF-Standard Pre-Data Collection Registration,discard,False,True,135
2783313110,10.17605/osf.io/usn2y,"Replication Recipe (Brandt et al., 2013): Pre-Registration",discard,False,True,4817
6962613204,10.17605/osf.io/nd63c,OSF-Standard Pre-Data Collection Registration,discard,False,True,619
6887818953,10.17605/osf.io/agvf9,OSF-Standard Pre-Data Collection Registration,discard,False,True,135
6925202068,10.17605/osf.io/a2jgr,OSF-Standard Pre-Data Collection Registration,discard,False,True,135
6925261260,10.17605/osf.io/tz4wf,,untouched,False,False,0
6906495304,10.17605/osf.io/xdsrw,,untouched,False,False,0
6906534138,10.17605/osf.io/yq5br,Prereg Challenge,discard,False,True,6848
2781934702,10.17605/osf.io/tys7b,Open-Ended Registration,admit,False,True,96
2995419994,10.17605/osf.io/5zk7s,OSF-Standard Pre-Data Collection Registration,discard,False,True,135
6925350805,10.17605/osf.io/2zwck,,untouched,False,False,0
6963061883,10.17605/osf.io/n3b5z,OSF Preregistration,discard,False,True,2520
6906509521,10.17605/osf.io/x7dg5,"Pre-Registration in Social Psychology (van 't Veer & Giner-Sorolla, 2016): Pre-Registration",discard,False,True,6619
6925158331,10.17605/osf.io/h5t9y,"Replication Recipe (Brandt et al., 2013): Pre-Registration",discard,False,True,2454
6887677216,10.17605/osf.io/43u8d,Preregistration Template from AsPredicted.org,discard,False,True,5830
6943817710,10.17605/osf.io/r6ghm,OSF-Standard Pre-Data Collection Registration,discard,False,True,135
6962831546,10.17605/osf.io/g2jbr,Preregistration Template from AsPredicted.org,discard,False,True,3364
6962651332,10.17605/osf.io/kdu97,,untouched,False,False,0
2888291585,10.17605/osf.io/z8h9g,Preregistration Template from AsPredicted.org,discard,False,True,5624
6962343720,10.17605/osf.io/47msh,,untouched,False,False,0
2780104414,10.17605/osf.io/4kr6e,Open-Ended Registration,admit,False,True,97
6944005421,10.17605/osf.io/y327d,"Pre-Registration in Social Psychology (van 't Veer & Giner-Sorolla, 2016): Pre-Registration",discard,False,True,14959
6963150230,10.17605/osf.io/8za4g,OSF Preregistration,discard,False,True,4271
6944201267,10.17605/osf.io/z9kuz,OSF-Standard Pre-Data Collection Registration,discard,False,True,222
6962904881,10.17605/osf.io/thm7d,"Replication Recipe (Brandt et al., 2013): Pre-Registration",discard,False,True,296
6963056398,10.17605/osf.io/wnx6p,OSF-Standard Pre-Data Collection Registration,discard,False,True,135
6887700528,10.17605/osf.io/t2a9n,OSF Preregistration,discard,False,True,2900
6944171400,10.17605/osf.io/uq9ck,,untouched,False,False,0
6906656644,10.17605/osf.io/s2dc5,OSF-Standard Pre-Data Collection Registration,discard,False,True,557
6943694524,10.17605/osf.io/85j2y,,untouched,False,False,0
6944487993,10.17605/osf.io/s9an5,OSF Preregistration,discard,False,True,4628
6925240866,10.17605/osf.io/tbj37,,untouched,False,False,0
2891485554,10.17605/osf.io/2h5s7,Preregistration Template from AsPredicted.org,discard,False,True,4349
6944020384,10.17605/osf.io/gz3sq,OSF-Standard Pre-Data Collection Registration,discard,False,True,135
6925051746,10.17605/osf.io/xubk6,Registered Report Protocol Preregistration,discard,False,True,1624
6925042438,10.17605/osf.io/3r86d,OSF-Standard Pre-Data Collection Registration,discard,False,True,616
6887726606,10.17605/osf.io/9jz6w,OSF Preregistration,discard,False,True,4801
6962679192,10.17605/osf.io/86meu,"Replication Recipe (Brandt et al., 2013): Pre-Registration",discard,False,True,379
6887863511,10.17605/osf.io/w74ds,OSF-Standard Pre-Data Collection Registration,discard,False,True,423
6943653414,10.17605/osf.io/ckufx,Preregistration Template from AsPredicted.org,discard,False,True,5755
6962636552,10.17605/osf.io/u8vbj,OSF-Standard Pre-Data Collection Registration,discard,False,True,145
6943845034,10.17605/osf.io/dnfg9,OSF-Standard Pre-Data Collection Registration,discard,False,True,84
6887688845,10.17605/osf.io/sdbdx,OSF-Standard Pre-Data Collection Registration,discard,False,True,135
6944264460,10.17605/osf.io/ucz92,OSF Preregistration,discard,False,True,6059
6906435731,10.17605/osf.io/x54bj,OSF Preregistration,discard,False,True,6898
2782967142,10.17605/osf.io/76j48,Open-Ended Registration,admit,False,True,96
6906514619,10.17605/osf.io/m3z9g,,untouched,False,False,0
6887801429,10.17605/osf.io/weg8q,"Replication Recipe (Brandt et al., 2013): Pre-Registration",discard,False,True,85
6887763922,10.17605/osf.io/ncbq2,,untouched,False,False,0
6925220543,10.17605/osf.io/ce2v3,Open-Ended Registration,admit,False,True,50
6887615774,10.17605/osf.io/hvz5a,"Replication Recipe (Brandt et al., 2013): Pre-Registration",discard,False,True,19189
6925237747,10.17605/osf.io/894cb,Preregistration Template from AsPredicted.org,discard,False,True,9740
6887802341,10.17605/osf.io/uhhhw,OSF-Standard Pre-Data Collection Registration,discard,False,True,467
6925063722,10.17605/osf.io/ktc2e,OSF-Standard Pre-Data Collection Registration,discard,False,True,182
6906361209,10.17605/osf.io/hcz7b,OSF-Standard Pre-Data Collection Registration,discard,False,True,212
6944185879,10.17605/osf.io/yft5x,"Replication Recipe (Brandt et al., 2013): Pre-Registration",discard,False,True,5433
6906435049,10.17605/osf.io/erqhk,OSF Preregistration,discard,False,True,2125
6887800933,10.17605/osf.io/txrfs,OSF-Standard Pre-Data Collection Registration,discard,False,True,135
6906643291,10.17605/osf.io/9eqzj,OSF-Standard Pre-Data Collection Registration,discard,False,True,164
6943930259,10.17605/osf.io/58m37,,untouched,False,False,0
6925236666,10.17605/osf.io/tyuqw,OSF Preregistration,discard,False,True,9089
6887644759,10.17605/osf.io/erza6,,untouched,False,False,0
6962551231,10.17605/osf.io/g2zv6,,untouched,True,False,0
6906477709,10.17605/osf.io/hv6fz,OSF-Standard Pre-Data Collection Registration,discard,False,True,135
6962766503,10.17605/osf.io/5tcmg,Preregistration Template from AsPredicted.org,discard,False,True,6298
2804918258,10.17605/osf.io/sdzh5,OSF-Standard Pre-Data Collection Registration,discard,False,True,135
6944402587,10.17605/osf.io/4kj26,Registered Report Protocol Preregistration,discard,False,True,640
6906680196,10.17605/osf.io/mjdxf,OSF-Standard Pre-Data Collection Registration,discard,False,True,146
6906589641,10.17605/osf.io/9dnfv,OSF-Standard Pre-Data Collection Registration,discard,False,True,146
6906428010,10.17605/osf.io/brn59,"Replication Recipe (Brandt et al., 2013): Pre-Registration",discard,False,True,9052
6925172819,10.17605/osf.io/4hp83,,untouched,False,False,0
6943945312,10.17605/osf.io/42anx,OSF-Standard Pre-Data Collection Registration,discard,False,True,618
6887779653,10.17605/osf.io/7vjmk,OSF-Standard Pre-Data Collection Registration,discard,False,True,163
6887660651,10.17605/osf.io/v85sk,Preregistration Template from AsPredicted.org,discard,False,True,10139
6887667782,10.17605/osf.io/9wpyj,"Pre-Registration in Social Psychology (van 't Veer & Giner-Sorolla, 2016): Pre-Registration",discard,False,True,15200
6925426220,10.17605/osf.io/b3kkn,Prereg Challenge,discard,False,True,7144
6887660755,10.17605/osf.io/92cf4,OSF-Standard Pre-Data Collection Registration,discard,False,True,524
6962684959,10.17605/osf.io/n4uze,OSF Preregistration,discard,False,True,5186
6906499313,10.17605/osf.io/9qsf6,Registered Report Protocol Preregistration,discard,False,True,1555
6925287012,10.17605/osf.io/vdwc8,OSF-Standard Pre-Data Collection Registration,discard,False,True,135
6887653818,10.17605/osf.io/9r2az,OSF-Standard Pre-Data Collection Registration,discard,False,True,667
6925499111,10.17605/osf.io/xw2jd,OSF-Standard Pre-Data Collection Registration,discard,False,True,146
6944035130,10.17605/osf.io/nb2m7,Preregistration Template from AsPredicted.org,discard,False,True,873
6925197670,10.17605/osf.io/htqr3,,untouched,False,False,0
6962960127,10.17605/osf.io/hdw9u,Preregistration Template from AsPredicted.org,discard,False,True,3662
6962586848,10.17605/osf.io/rvb53,OSF-Standard Pre-Data Collection Registration,discard,False,True,269
6887757523,10.17605/osf.io/yxp36,OSF-Standard Pre-Data Collection Registration,discard,False,True,194
6887763268,10.17605/osf.io/2dw8f,OSF-Standard Pre-Data Collection Registration,discard,False,True,135
6906616163,10.17605/osf.io/hw9q6,OSF-Standard Pre-Data Collection Registration,discard,False,True,277
2907194610,10.17605/osf.io/tavwn,,untouched,False,False,0
6962579482,10.17605/osf.io/ntpa5,"Replication Recipe (Brandt et al., 2013): Pre-Registration",discard,False,True,1829
6887763338,10.17605/osf.io/dz2ef,OSF-Standard Pre-Data Collection Registration,discard,False,True,216
6944110241,10.17605/osf.io/24ghv,OSF-Standard Pre-Data Collection Registration,discard,False,True,266
6962730682,10.17605/osf.io/bw5de,Preregistration Template from AsPredicted.org,discard,False,True,8887
6906465373,10.17605/osf.io/pke5w,Prereg Challenge,discard,False,True,3726
6962827747,10.17605/osf.io/5azdg,,untouched,False,False,0
6962030357,10.17605/osf.io/nq6ga,,untouched,False,False,0
6906563147,10.17605/osf.io/h67w3,"Replication Recipe (Brandt et al., 2013): Pre-Registration",discard,False,True,1783
2860837120,10.17605/osf.io/c3q9x,"Replication Recipe (Brandt et al., 2013): Pre-Registration",discard,False,True,2736
2791500514,10.17605/osf.io/seqgd,Open-Ended Registration,admit,False,True,332
6943407573,10.17605/osf.io/hpazr,OSF-Standard Pre-Data Collection Registration,discard,False,True,163
3143923843,10.17605/osf.io/hjcf4,OSF-Standard Pre-Data Collection Registration,discard,False,True,178
6887687581,10.17605/osf.io/rv98d,"Pre-Registration in Social Psychology (van 't Veer & Giner-Sorolla, 2016): Pre-Registration",discard,False,True,8329
6962596216,10.17605/osf.io/w3nkp,Preregistration Template from AsPredicted.org,discard,False,True,10538
6887678991,10.17605/osf.io/7f2tc,"Pre-Registration in Social Psychology (van 't Veer & Giner-Sorolla, 2016): Pre-Registration",discard,False,True,5907
6962621969,10.17605/osf.io/bt637,,untouched,False,False,0
6925017390,10.17605/osf.io/btcve,Preregistration Template from AsPredicted.org,discard,False,True,2784
6906508913,10.17605/osf.io/ks3mz,Preregistration Template from AsPredicted.org,discard,False,True,1520
6925229280,10.17605/osf.io/x5akg,OSF Preregistration,discard,False,True,10736
6925324909,10.17605/osf.io/29jfb,OSF Preregistration,discard,False,True,4441
2903557833,10.17605/osf.io/8qyvx,OSF-Standard Pre-Data Collection Registration,discard,False,True,445
6944398158,10.17605/osf.io/pwcrm,"Replication Recipe (Brandt et al., 2013): Pre-Registration",discard,False,True,3914
6906425055,10.17605/osf.io/zrmnj,OSF-Standard Pre-Data Collection Registration,discard,False,True,243
6943839328,10.17605/osf.io/j58t2,,untouched,False,False,0
6925445179,10.17605/osf.io/vuh9g,"Replication Recipe (Brandt et al., 2013): Pre-Registration",discard,False,True,1008
7077150282,10.17605/osf.io/k8hdb,,untouched,False,False,0
6963081101,10.17605/osf.io/d4zat,OSF Preregistration,discard,False,True,6963
6944153925,10.17605/osf.io/su2qn,"Pre-Registration in Social Psychology (van 't Veer & Giner-Sorolla, 2016): Pre-Registration",discard,False,True,2970
6906292894,10.17605/osf.io/3q4pe,Prereg Challenge,discard,False,True,9036
6962708433,10.17605/osf.io/nfqvq,"Replication Recipe (Brandt et al., 2013): Pre-Registration",discard,False,True,5085
2900460544,10.17605/osf.io/gr8w4,Prereg Challenge,discard,False,True,9630
6887675484,10.17605/osf.io/ezw4r,OSF Preregistration,discard,False,True,7254
6925438207,10.17605/osf.io/q5fhx,EGAP Registration,discard,False,True,6369
6887583390,10.17605/osf.io/5grj7,Qualitative Preregistration,discard,False,True,7567
6906517421,10.17605/osf.io/k7qvh,EGAP Registration,discard,False,True,31911
6925498407,10.17605/osf.io/xnrjv,Prereg Challenge,discard,False,True,2818
6906630260,10.17605/osf.io/tbu3k,Prereg Challenge,discard,False,True,4710
6943940647,10.17605/osf.io/qcjfb,"Replication Recipe (Brandt et al., 2013): Pre-Registration",discard,False,True,3417
6943866348,10.17605/osf.io/tvuax,OSF-Standard Pre-Data Collection Registration,discard,False,True,185
6943956684,10.17605/osf.io/anjqk,"Replication Recipe (Brandt et al., 2013): Pre-Registration",discard,False,True,1659
2781051085,10.17605/osf.io/pm7ac,"Replication Recipe (Brandt et al., 2013): Post-Completion",admit,False,True,1395
2897450399,10.17605/osf.io/ksg7r,"Replication Recipe (Brandt et al., 2013): Pre-Registration",discard,False,True,2171
6906486459,10.17605/osf.io/9268j,OSF-Standard Pre-Data Collection Registration,discard,False,True,703
6925340675,10.17605/osf.io/9qwcp,"Replication Recipe (Brandt et al., 2013): Pre-Registration",discard,False,True,2977
7090851619,10.17605/osf.io/rbm59,,untouched,False,False,0
6906340699,10.17605/osf.io/7y9es,OSF-Standard Pre-Data Collection Registration,discard,False,True,135
6944322625,10.17605/osf.io/hxp8j,OSF-Standard Pre-Data Collection Registration,discard,False,True,135
6944284054,10.17605/osf.io/xsa6f,"Pre-Registration in Social Psychology (van 't Veer & Giner-Sorolla, 2016): Pre-Registration",discard,False,True,12838
6887662398,10.17605/osf.io/adyzf,"Replication Recipe (Brandt et al., 2013): Pre-Registration",discard,False,True,461
2778886555,10.17605/osf.io/mghvs,Open-Ended Registration,admit,False,True,97
6962386822,10.17605/osf.io/q8yev,OSF-Standard Pre-Data Collection Registration,discard,False,True,269
6925243010,10.17605/osf.io/wj97d,"Pre-Registration in Social Psychology (van 't Veer & Giner-Sorolla, 2016): Pre-Registration",discard,False,True,5899
6925485730,10.17605/osf.io/vzsbd,,untouched,False,False,0
6962449325,10.17605/osf.io/3f9vj,"Replication Recipe (Brandt et al., 2013): Pre-Registration",discard,False,True,10094
6906428914,10.17605/osf.io/yjrbu,"Replication Recipe (Brandt et al., 2013): Pre-Registration",discard,False,True,958
2913683328,10.17605/osf.io/hqzy6,,untouched,False,False,0
6906563416,10.17605/osf.io/t67sy,,untouched,False,False,0
2777956112,10.17605/osf.io/dqybc,Open-Ended Registration,admit,False,True,97
6887714555,10.17605/osf.io/e2d5n,OSF-Standard Pre-Data Collection Registration,discard,False,True,135
6906616874,10.17605/osf.io/kfs3j,OSF Preregistration,discard,False,True,4083
6925060774,10.17605/osf.io/54fa9,OSF-Standard Pre-Data Collection Registration,discard,False,True,135
6887683485,10.17605/osf.io/azwjx,,untouched,False,False,0
6944108048,10.17605/osf.io/pzf2e,Prereg Challenge,discard,False,True,18100
6962454200,10.17605/osf.io/3srf2,"Replication Recipe (Brandt et al., 2013): Pre-Registration",discard,False,True,2233
6963106652,10.17605/osf.io/z8wr4,Preregistration Template from AsPredicted.org,discard,False,True,2218
6925211985,10.17605/osf.io/3w2gn,"Pre-Registration in Social Psychology (van 't Veer & Giner-Sorolla, 2016): Pre-Registration",discard,False,True,39551
6906588306,10.17605/osf.io/wkh9c,,untouched,False,False,0
6906513443,10.17605/osf.io/4bhsz,,untouched,False,False,0
6943729166,10.17605/osf.io/35cag,OSF-Standard Pre-Data Collection Registration,discard,False,True,188
6963005732,10.17605/osf.io/tgcb9,Prereg Challenge,discard,False,True,4386
6887790169,10.17605/osf.io/p6jxm,Open-Ended Registration,admit,False,True,97
6962804399,10.17605/osf.io/693vn,,untouched,False,False,0
6906334179,10.17605/osf.io/ymdxv,Preregistration Template from AsPredicted.org,discard,False,True,10620
6962880429,10.17605/osf.io/dzk3q,Preregistration Template from AsPredicted.org,discard,False,True,2461
6963057452,10.17605/osf.io/qkyne,OSF-Standard Pre-Data Collection Registration,discard,False,True,135
6962462703,10.17605/osf.io/gtq8f,OSF-Standard Pre-Data Collection Registration,discard,False,True,135
6906338767,10.17605/osf.io/8umk7,OSF Preregistration,discard,False,True,7259
2902122412,10.17605/osf.io/ckdns,OSF-Standard Pre-Data Collection Registration,discard,False,True,456
6887762836,10.17605/osf.io/ypcm3,"Pre-Registration in Social Psychology (van 't Veer & Giner-Sorolla, 2016): Pre-Registration",discard,False,True,5289
6925334808,10.17605/osf.io/7txag,,untouched,False,False,0
6887695767,10.17605/osf.io/9rvnm,"Pre-Registration in Social Psychology (van 't Veer & Giner-Sorolla, 2016): Pre-Registration",discard,False,True,4885
6906454112,10.17605/osf.io/69cqm,OSF-Standard Pre-Data Collection Registration,discard,False,True,216
2839024908,10.17605/osf.io/xjyp6,OSF-Standard Pre-Data Collection Registration,discard,False,True,271
6943912770,10.17605/osf.io/e2367,OSF Preregistration,discard,False,True,10283
6925246529,10.17605/osf.io/8t4ze,Prereg Challenge,discard,False,True,9282
6906196488,10.17605/osf.io/n4kua,"Replication Recipe (Brandt et al., 2013): Pre-Registration",discard,False,True,2364
6925776612,10.17605/osf.io/zrxwh,OSF-Standard Pre-Data Collection Registration,discard,False,True,135
2777065411,10.17605/osf.io/rc2kz,Open-Ended Registration,admit,False,True,97
6962532923,10.17605/osf.io/3k6rv,,untouched,False,False,0
6962388072,10.17605/osf.io/pjf3t,OSF Preregistration,discard,False,True,44048
6906235400,10.17605/osf.io/xgvnc,OSF-Standard Pre-Data Collection Registration,discard,False,True,123
6906320572,10.17605/osf.io/3svkp,Prereg Challenge,discard,False,True,6969
6925268627,10.17605/osf.io/7a2j8,,untouched,False,False,0
6925117786,10.17605/osf.io/s2d6t,Open-Ended Registration,admit,False,True,97
6887837788,10.17605/osf.io/v4fra,Open-Ended Registration,admit,False,True,96
2905680822,10.17605/osf.io/jz2dy,"Replication Recipe (Brandt et al., 2013): Post-Completion",admit,False,True,1097
6887772997,10.17605/osf.io/tm2c8,,untouched,False,False,0
6887807936,10.17605/osf.io/v3exz,OSF-Standard Pre-Data Collection Registration,discard,False,True,251
6906396922,10.17605/osf.io/9cwtg,,untouched,False,False,0
6962833266,10.17605/osf.io/2czq2,OSF-Standard Pre-Data Collection Registration,discard,False,True,135
6906657401,10.17605/osf.io/e47jh,,untouched,False,False,0
6962750848,10.17605/osf.io/6zcm5,"Replication Recipe (Brandt et al., 2013): Pre-Registration",discard,False,True,1789
6887596764,10.17605/osf.io/a4yhb,Preregistration Template from AsPredicted.org,discard,False,True,2698
6906499786,10.17605/osf.io/es2ye,OSF-Standard Pre-Data Collection Registration,discard,False,True,467
6962269158,10.17605/osf.io/x9tq5,"Replication Recipe (Brandt et al., 2013): Pre-Registration",discard,False,True,2664
6887758114,10.17605/osf.io/7cxy3,OSF-Standard Pre-Data Collection Registration,discard,False,True,397
6962846392,10.17605/osf.io/t7g5n,,untouched,False,False,0
6962667684,10.17605/osf.io/sbdp9,Registered Report Protocol Preregistration,discard,False,True,1955
6887711319,10.17605/osf.io/5b297,OSF Preregistration,discard,False,True,13294
6962516094,10.17605/osf.io/mvdx2,Prereg Challenge,discard,False,True,7793
6887801918,10.17605/osf.io/esu7g,Prereg Challenge,discard,False,True,7712
6924969329,10.17605/osf.io/a46cs,"Replication Recipe (Brandt et al., 2013): Pre-Registration",discard,False,True,2560
6925213766,10.17605/osf.io/3fqmr,,untouched,False,False,0
6944112773,10.17605/osf.io/x6kqc,OSF Preregistration,discard,False,True,6848
6906612246,10.17605/osf.io/fdcse,Preregistration Template from AsPredicted.org,discard,False,True,18725
6944242425,10.17605/osf.io/p5en6,Open-Ended Registration,admit,False,True,96
6906475220,10.17605/osf.io/8ptmb,OSF-Standard Pre-Data Collection Registration,discard,False,True,467
6943970510,10.17605/osf.io/uvke6,EGAP Registration,discard,False,True,1601
6962838875,10.17605/osf.io/hvg3d,,untouched,False,False,0
6906493984,10.17605/osf.io/pb8v3,Preregistration Template from AsPredicted.org,discard,False,True,631
6906781556,10.17605/osf.io/t76yd,"Replication Recipe (Brandt et al., 2013): Pre-Registration",discard,False,True,4533
6906624862,10.17605/osf.io/kbz5n,,untouched,False,False,0
6943540163,10.17605/osf.io/xmyj7,OSF-Standard Pre-Data Collection Registration,discard,False,True,322
6943803922,10.17605/osf.io/47ku8,"Replication Recipe (Brandt et al., 2013): Pre-Registration",discard,False,True,3641
6925442580,10.17605/osf.io/sh2vd,OSF-Standard Pre-Data Collection Registration,discard,False,True,135
6962459181,10.17605/osf.io/8k4qs,"Pre-Registration in Social Psychology (van 't Veer & Giner-Sorolla, 2016): Pre-Registration",discard,False,True,29743
6906468758,10.17605/osf.io/btnuj,,untouched,False,False,0
6906549004,10.17605/osf.io/bst2m,"Pre-Registration in Social Psychology (van 't Veer & Giner-Sorolla, 2016): Pre-Registration",discard,False,True,8049
6943812504,10.17605/osf.io/msx2z,Preregistration Template from AsPredicted.org,discard,False,True,2309
6962835268,10.17605/osf.io/mzhyt,,untouched,False,False,0
6963036539,10.17605/osf.io/cnm3w,OSF-Standard Pre-Data Collection Registration,discard,False,True,84
6906422941,10.17605/osf.io/gax7j,,untouched,False,False,0
2781231808,10.17605/osf.io/mprga,Prereg Challenge,discard,False,True,11557
6944260247,10.17605/osf.io/k2hu4,Prereg Challenge,discard,False,True,14714
2809726967,10.17605/osf.io/nh3dm,"Replication Recipe (Brandt et al., 2013): Pre-Registration",discard,False,True,1902
6925197725,10.17605/osf.io/6f9xe,"Replication Recipe (Brandt et al., 2013): Pre-Registration",discard,False,True,1071
6962019093,10.17605/osf.io/fu39n,OSF-Standard Pre-Data Collection Registration,discard,False,True,146
6887719857,10.17605/osf.io/bve75,Prereg Challenge,discard,False,True,7430
6962628482,10.17605/osf.io/cd9kn,"Replication Recipe (Brandt et al., 2013): Post-Completion",admit,False,True,712
6887755038,10.17605/osf.io/mcd5b,"Replication Recipe (Brandt et al., 2013): Pre-Registration",discard,False,True,725
6925367728,10.17605/osf.io/j7c46,OSF-Standard Pre-Data Collection Registration,discard,False,True,135
6943810670,10.17605/osf.io/mvjqc,"Replication Recipe (Brandt et al., 2013): Pre-Registration",discard,False,True,4817
6906421613,10.17605/osf.io/ux79m,"Replication Recipe (Brandt et al., 2013): Post-Completion",admit,False,True,5729
6887744596,10.17605/osf.io/qbp4g,,untouched,False,False,0
6962622652,10.17605/osf.io/fe7p4,Prereg Challenge,discard,False,True,9379
2780545807,10.17605/osf.io/6yfxz,,untouched,False,False,0
6944256330,10.17605/osf.io/tqdp8,Preregistration Template from AsPredicted.org,discard,False,True,6269
6943686701,10.17605/osf.io/7r3k4,"Replication Recipe (Brandt et al., 2013): Pre-Registration",discard,False,True,3695
6962678298,10.17605/osf.io/5jv3g,,untouched,False,False,0
6962793830,10.17605/osf.io/qrtrb,"Replication Recipe (Brandt et al., 2013): Pre-Registration",discard,False,True,1031
6925146383,10.17605/osf.io/ys3ry,OSF-Standard Pre-Data Collection Registration,discard,False,True,467
6962665748,10.17605/osf.io/c7ary,OSF Preregistration,discard,False,True,3871
6925151758,10.17605/osf.io/uv8qm,OSF-Standard Pre-Data Collection Registration,discard,False,True,135
6925011569,10.17605/osf.io/r3k7p,"Replication Recipe (Brandt et al., 2013): Pre-Registration",discard,False,True,4204
6906387646,10.17605/osf.io/4d8yt,OSF Preregistration,discard,False,True,7937
2783633751,10.17605/osf.io/bv4ep,,untouched,False,False,0
6962633474,10.17605/osf.io/btc5a,OSF-Standard Pre-Data Collection Registration,discard,False,True,195
6944001351,10.17605/osf.io/4a4ur,Prereg Challenge,discard,False,True,11632
6906510797,10.17605/osf.io/v6m2k,OSF-Standard Pre-Data Collection Registration,discard,False,True,135
6962588340,10.17605/osf.io/pykhc,OSF-Standard Pre-Data Collection Registration,discard,False,True,536
6925436248,10.17605/osf.io/jmbu9,OSF-Standard Pre-Data Collection Registration,discard,False,True,135
6943899914,10.17605/osf.io/p7qfx,OSF-Standard Pre-Data Collection Registration,discard,False,True,135
6887657893,10.17605/osf.io/h8mxu,Prereg Challenge,discard,False,True,5210
6906367527,10.17605/osf.io/vdqek,,untouched,False,False,0
6887719143,10.17605/osf.io/g9ezc,OSF-Standard Pre-Data Collection Registration,discard,False,True,135
6962847669,10.17605/osf.io/7bty9,,untouched,False,False,0
6906527120,10.17605/osf.io/gk5ft,"Pre-Registration in Social Psychology (van 't Veer & Giner-Sorolla, 2016): Pre-Registration",discard,False,True,4659
6906449611,10.17605/osf.io/nfky8,OSF Preregistration,discard,False,True,4072
6963130102,10.17605/osf.io/q9uzr,,untouched,False,False,0
6906138389,10.17605/osf.io/9jkyq,OSF-Standard Pre-Data Collection Registration,discard,False,True,146
6944034873,10.17605/osf.io/hsntd,Open-Ended Registration,admit,False,True,97
2783337093,10.17605/osf.io/a7w3e,"Replication Recipe (Brandt et al., 2013): Post-Completion",admit,False,True,434
6906410944,10.17605/osf.io/jez3g,Prereg Challenge,discard,False,True,4370
6962935131,10.17605/osf.io/2fhxu,Preregistration Template from AsPredicted.org,discard,False,True,2300
6887716399,10.17605/osf.io/9psrx,,untouched,False,False,0
3164502084,10.17605/osf.io/y9p7u,,untouched,False,False,0
6925278755,10.17605/osf.io/8vwsu,,untouched,False,False,0
6925169898,10.17605/osf.io/a3ee8,Prereg Challenge,discard,False,True,13319
6906593747,10.17605/osf.io/ytuqz,OSF-Standard Pre-Data Collection Registration,discard,False,True,1431
6906342467,10.17605/osf.io/ebdav,OSF-Standard Pre-Data Collection Registration,discard,False,True,226
2776068644,10.17605/osf.io/x4va5,"Replication Recipe (Brandt et al., 2013): Pre-Registration",discard,False,True,2664
6906283493,10.17605/osf.io/s3m6u,Preregistration Template from AsPredicted.org,discard,False,True,3662
6943981264,10.17605/osf.io/nbf38,Preregistration Template from AsPredicted.org,discard,False,True,8436
6925144606,10.17605/osf.io/ms9jk,OSF-Standard Pre-Data Collection Registration,discard,False,True,548
6906354103,10.17605/osf.io/zb3h6,OSF Preregistration,discard,False,True,5497
6925116003,10.17605/osf.io/rmxpz,Preregistration Template from AsPredicted.org,discard,False,True,3948
6962626376,10.17605/osf.io/eb9wg,,untouched,False,False,0
6925347978,10.17605/osf.io/62jvk,OSF-Standard Pre-Data Collection Registration,discard,False,True,570
6943857457,10.17605/osf.io/9q8gk,Preregistration Template from AsPredicted.org,discard,False,True,2573
6962841238,10.17605/osf.io/a9rvu,,untouched,False,False,0
6906348443,10.17605/osf.io/akqxn,,untouched,False,False,0
6925283816,10.17605/osf.io/w63bm,OSF Preregistration,discard,False,True,5523
6943836394,10.17605/osf.io/mgjfe,Prereg Challenge,discard,False,True,10282
6925316214,10.17605/osf.io/pdw23,,untouched,False,False,0
6887681760,10.17605/osf.io/m4vqs,OSF Preregistration,discard,False,True,6958
6906522446,10.17605/osf.io/vm3a2,"Replication Recipe (Brandt et al., 2013): Post-Completion",admit,False,True,712
6906490904,10.17605/osf.io/3gxuk,Prereg Challenge,discard,False,True,5004
6962567413,10.17605/osf.io/tp672,,untouched,False,False,0
6963113175,10.17605/osf.io/yjp93,OSF-Standard Pre-Data Collection Registration,discard,False,True,135
2890359549,10.17605/osf.io/3pucz,"Replication Recipe (Brandt et al., 2013): Pre-Registration",discard,False,True,3705
6944127002,10.17605/osf.io/qtw5m,OSF-Standard Pre-Data Collection Registration,discard,False,True,135
6943827552,10.17605/osf.io/a34be,OSF-Standard Pre-Data Collection Registration,discard,False,True,163
6944196027,10.17605/osf.io/cbvpa,,untouched,False,False,0
6887750208,10.17605/osf.io/8yfjb,"Replication Recipe (Brandt et al., 2013): Pre-Registration",discard,False,True,2889
6887716822,10.17605/osf.io/2smkq,OSF-Standard Pre-Data Collection Registration,discard,False,True,467
6944001298,10.17605/osf.io/zdbrp,"Pre-Registration in Social Psychology (van 't Veer & Giner-Sorolla, 2016): Pre-Registration",discard,False,True,5257
6887708831,10.17605/osf.io/kqr27,,untouched,False,False,0
6906459647,10.17605/osf.io/evgmn,OSF-Standard Pre-Data Collection Registration,discard,False,True,135
6943758179,10.17605/osf.io/3b5sh,Prereg Challenge,discard,False,True,5488
6962869851,10.17605/osf.io/vr6sa,,untouched,False,False,0
7079712151,10.17605/osf.io/nm3eq,,untouched,False,False,0
6887717957,10.17605/osf.io/th7bz,OSF-Standard Pre-Data Collection Registration,discard,False,True,500
6943863840,10.17605/osf.io/krzxy,OSF-Standard Pre-Data Collection Registration,discard,False,True,162
6906448160,10.17605/osf.io/8ciqj,OSF-Standard Pre-Data Collection Registration,discard,False,True,823
6962727134,10.17605/osf.io/gswd8,"Replication Recipe (Brandt et al., 2013): Pre-Registration",discard,False,True,2068
6906466302,10.17605/osf.io/nr5c3,OSF-Standard Pre-Data Collection Registration,discard,False,True,285
6925229358,10.17605/osf.io/h4exp,OSF Preregistration,discard,False,True,3252
6944131553,10.17605/osf.io/hvqcp,Preregistration Template from AsPredicted.org,discard,False,True,2512
2807035479,10.17605/osf.io/utpj6,OSF-Standard Pre-Data Collection Registration,discard,False,True,135
6906406300,10.17605/osf.io/8wd2b,,untouched,False,False,0
2778680106,10.17605/osf.io/y8njt,Open-Ended Registration,admit,False,True,96
6887625042,10.17605/osf.io/674yb,EGAP Registration,discard,False,True,2138
2777226917,10.17605/osf.io/snfa7,"Replication Recipe (Brandt et al., 2013): Pre-Registration",discard,False,True,1150
6906433926,10.17605/osf.io/wgtku,,untouched,False,False,0
6943788483,10.17605/osf.io/w72g5,,untouched,False,False,0
6925289322,10.17605/osf.io/xntze,OSF Preregistration,discard,False,True,8694
6925314690,10.17605/osf.io/42g3d,OSF-Standard Pre-Data Collection Registration,discard,False,True,205
6962877614,10.17605/osf.io/ec2au,OSF-Standard Pre-Data Collection Registration,discard,False,True,442
6943835509,10.17605/osf.io/54sx3,"Replication Recipe (Brandt et al., 2013): Pre-Registration",discard,False,True,3638
6963001838,10.17605/osf.io/w49sz,,untouched,False,False,0
6906723145,10.17605/osf.io/byu39,Prereg Challenge,discard,False,True,4418
2902292932,10.17605/osf.io/3psv6,Prereg Challenge,discard,False,True,5933
6906382417,10.17605/osf.io/eujfw,OSF-Standard Pre-Data Collection Registration,discard,False,True,367
6962607234,10.17605/osf.io/tysu2,OSF-Standard Pre-Data Collection Registration,discard,False,True,135
6887696972,10.17605/osf.io/69dn5,OSF-Standard Pre-Data Collection Registration,discard,False,True,135
6925440549,10.17605/osf.io/5pqaz,OSF-Standard Pre-Data Collection Registration,discard,False,True,297
2778647111,10.17605/osf.io/7j3v6,"Replication Recipe (Brandt et al., 2013): Pre-Registration",discard,False,True,5766
6906484370,10.17605/osf.io/gtkzx,Preregistration Template from AsPredicted.org,discard,False,True,4843
6887719724,10.17605/osf.io/cbknq,,untouched,False,False,0
6963099596,10.17605/osf.io/kfg8h,OSF-Standard Pre-Data Collection Registration,discard,False,True,84
6944158070,10.17605/osf.io/ajp48,OSF-Standard Pre-Data Collection Registration,discard,False,True,513
6925520003,10.17605/osf.io/te7h8,Preregistration Template from AsPredicted.org,discard,False,True,6556
6906576677,10.17605/osf.io/h8vjx,"Replication Recipe (Brandt et al., 2013): Post-Completion",admit,False,True,808
6925092742,10.17605/osf.io/s7k9z,,untouched,False,False,0
6887664055,10.17605/osf.io/mqhxr,"Replication Recipe (Brandt et al., 2013): Pre-Registration",discard,False,True,1049
6887736402,10.17605/osf.io/ky4cs,OSF-Standard Pre-Data Collection Registration,discard,False,True,135
6925071241,10.17605/osf.io/657ce,,untouched,False,False,0
7082362970,10.17605/osf.io/uc4kh,,untouched,False,False,0
6887644862,10.17605/osf.io/2kmh7,,untouched,False,False,0
6962993352,10.17605/osf.io/6fs72,Prereg Challenge,discard,False,True,15040
6943913540,10.17605/osf.io/q4tbz,,untouched,False,False,0
6962752541,10.17605/osf.io/3g3hv,"Replication Recipe (Brandt et al., 2013): Pre-Registration",discard,False,True,2257
6943872056,10.17605/osf.io/j78hf,OSF-Standard Pre-Data Collection Registration,discard,False,True,205
2799590295,10.17605/osf.io/fumwj,OSF-Standard Pre-Data Collection Registration,discard,False,True,84
6925191264,10.17605/osf.io/dbv2a,Preregistration Template from AsPredicted.org,discard,False,True,13145
6906355798,10.17605/osf.io/7bnd4,OSF-Standard Pre-Data Collection Registration,discard,False,True,467
6962661830,10.17605/osf.io/9vxq6,OSF Preregistration,discard,False,True,6085
6887692409,10.17605/osf.io/b48nf,,untouched,False,False,0
6887699667,10.17605/osf.io/ttyt3,OSF-Standard Pre-Data Collection Registration,discard,False,True,467
6943670440,10.17605/osf.io/5vcj4,"Pre-Registration in Social Psychology (van 't Veer & Giner-Sorolla, 2016): Pre-Registration",discard,False,True,15842
7080579520,10.17605/osf.io/vcu3s,,untouched,False,False,0
2778275558,10.17605/osf.io/qk3ry,"Replication Recipe (Brandt et al., 2013): Pre-Registration",discard,False,True,1299
7082352950,10.17605/osf.io/8esuy,,untouched,False,False,0
6963219734,10.17605/osf.io/vm3jz,OSF-Standard Pre-Data Collection Registration,discard,False,True,135
2804430389,10.17605/osf.io/5m7hy,OSF-Standard Pre-Data Collection Registration,discard,False,True,461
6887728458,10.17605/osf.io/zh4vx,OSF-Standard Pre-Data Collection Registration,discard,False,True,135
6925397444,10.17605/osf.io/5ws62,OSF-Standard Pre-Data Collection Registration,discard,False,True,9332
6944091271,10.17605/osf.io/u4xf5,Preregistration Template from AsPredicted.org,discard,False,True,653
2782165552,10.17605/osf.io/j3cfm,Open-Ended Registration,admit,False,True,96
6962677658,10.17605/osf.io/f53k6,,untouched,False,False,0
6887679129,10.17605/osf.io/enwca,,untouched,False,False,0
6944199858,10.17605/osf.io/ms64g,Preregistration Template from AsPredicted.org,discard,False,True,22397
6887742096,10.17605/osf.io/fpdja,Prereg Challenge,discard,False,True,10936
6887686996,10.17605/osf.io/5z26k,OSF-Standard Pre-Data Collection Registration,discard,False,True,467
6906442092,10.17605/osf.io/z27ws,"Replication Recipe (Brandt et al., 2013): Pre-Registration",discard,False,True,2105
2788425672,10.17605/osf.io/23tfp,Preregistration Template from AsPredicted.org,discard,False,True,8169
6943767750,10.17605/osf.io/z4bfq,OSF-Standard Pre-Data Collection Registration,discard,False,True,123
6925019970,10.17605/osf.io/u78m2,Registered Report Protocol Preregistration,discard,False,True,2446
6943862960,10.17605/osf.io/cr9yq,"Replication Recipe (Brandt et al., 2013): Pre-Registration",discard,False,True,1831
6925439815,10.17605/osf.io/hy3nu,OSF-Standard Pre-Data Collection Registration,discard,False,True,135
6925116047,10.17605/osf.io/b9cy3,Preregistration Template from AsPredicted.org,discard,False,True,3170
6906460539,10.17605/osf.io/9yzxp,"Replication Recipe (Brandt et al., 2013): Pre-Registration",discard,False,True,2517
6887670339,10.17605/osf.io/ru9bj,Prereg Challenge,discard,False,True,5768
6887720872,10.17605/osf.io/5xd9t,Preregistration Template from AsPredicted.org,discard,False,True,8883
6925314028,10.17605/osf.io/fpuj4,,untouched,False,False,0
6943975501,10.17605/osf.io/7wxfr,Preregistration Template from AsPredicted.org,discard,False,True,5149
2786667873,10.17605/osf.io/2nj9h,,untouched,False,False,0
6887752863,10.17605/osf.io/t6acx,,untouched,False,False,0
6887759767,10.17605/osf.io/fujsv,,untouched,False,False,0
6925237507,10.17605/osf.io/7j9pc,OSF-Standard Pre-Data Collection Registration,discard,False,True,475
6925052965,10.17605/osf.io/wvfz3,OSF-Standard Pre-Data Collection Registration,discard,False,True,135
6887712111,10.17605/osf.io/d4k2b,"Replication Recipe (Brandt et al., 2013): Pre-Registration",discard,False,True,2815
6887702379,10.17605/osf.io/q9z5h,OSF-Standard Pre-Data Collection Registration,discard,False,True,135
6943953050,10.17605/osf.io/zr3d9,"Replication Recipe (Brandt et al., 2013): Post-Completion",admit,False,True,1016
6924928713,10.17605/osf.io/6v9ku,,untouched,False,False,0
6944047125,10.17605/osf.io/gndr9,Registered Report Protocol Preregistration,discard,False,True,721
6944074825,10.17605/osf.io/8cypx,Preregistration Template from AsPredicted.org,discard,False,True,1712
6925189854,10.17605/osf.io/mnfa3,OSF Preregistration,discard,False,True,4027
6887795207,10.17605/osf.io/nest8,OSF-Standard Pre-Data Collection Registration,discard,False,True,84
6887685275,10.17605/osf.io/br8qk,OSF-Standard Pre-Data Collection Registration,discard,False,True,135
6906605858,10.17605/osf.io/4sa35,,untouched,False,False,0
6925183463,10.17605/osf.io/46swc,OSF Preregistration,discard,False,True,14659
6944170903,10.17605/osf.io/9u7tn,,untouched,False,False,0
6906556870,10.17605/osf.io/9h6jm,"Replication Recipe (Brandt et al., 2013): Pre-Registration",discard,False,True,9052
6906506123,10.17605/osf.io/2hr4x,OSF-Standard Pre-Data Collection Registration,discard,False,True,487
6944051663,10.17605/osf.io/txeae,OSF-Standard Pre-Data Collection Registration,discard,False,True,580
6906396804,10.17605/osf.io/jkqxz,,untouched,False,False,0
6887729159,10.17605/osf.io/fcu4t,OSF-Standard Pre-Data Collection Registration,discard,False,True,135
6887681557,10.17605/osf.io/a5kst,,untouched,False,False,0
6944342163,10.17605/osf.io/eg6br,,untouched,False,False,0
6906554364,10.17605/osf.io/35628,,untouched,False,False,0
6925210103,10.17605/osf.io/9v7rz,"Replication Recipe (Brandt et al., 2013): Pre-Registration",discard,False,True,9433
6943910622,10.17605/osf.io/mz7n5,Prereg Challenge,discard,False,True,16715
6906656925,10.17605/osf.io/vg4a2,EGAP Registration,discard,False,True,2540
6925167444,10.17605/osf.io/c23qu,OSF-Standard Pre-Data Collection Registration,discard,False,True,467
6887726402,10.17605/osf.io/s9pgt,OSF-Standard Pre-Data Collection Registration,discard,False,True,226
6962686015,10.17605/osf.io/tkhme,OSF Preregistration,discard,False,True,2461
6906456558,10.17605/osf.io/ahj3p,,untouched,False,False,0
6887800775,10.17605/osf.io/qb26n,,untouched,False,False,0
6906265074,10.17605/osf.io/6ps2g,OSF Preregistration,discard,False,True,11946
6962788423,10.17605/osf.io/cthhj,OSF-Standard Pre-Data Collection Registration,discard,False,True,467
6962903410,10.17605/osf.io/7k8dt,OSF-Standard Pre-Data Collection Registration,discard,False,True,272
6906661015,10.17605/osf.io/phs8n,"Replication Recipe (Brandt et al., 2013): Pre-Registration",discard,False,True,3095
6925455133,10.17605/osf.io/nsk54,,untouched,False,False,0
6962787526,10.17605/osf.io/kxzx4,OSF-Standard Pre-Data Collection Registration,discard,False,True,467
2903118755,10.17605/osf.io/32zyn,OSF-Standard Pre-Data Collection Registration,discard,False,True,468
6887800787,10.17605/osf.io/zqu2a,OSF-Standard Pre-Data Collection Registration,discard,False,True,243
6925231623,10.17605/osf.io/3ezut,OSF-Standard Pre-Data Collection Registration,discard,False,True,467
6887658722,10.17605/osf.io/vb3ga,"Replication Recipe (Brandt et al., 2013): Post-Completion",admit,False,True,1163
6906498250,10.17605/osf.io/x6bmj,"Replication Recipe (Brandt et al., 2013): Pre-Registration",discard,False,True,2797
6924999453,10.17605/osf.io/m3na7,OSF-Standard Pre-Data Collection Registration,discard,False,True,279
6925103528,10.17605/osf.io/t5q2a,OSF-Standard Pre-Data Collection Registration,discard,False,True,135
6925367710,10.17605/osf.io/r2qzw,EGAP Registration,discard,False,True,1868
6887754483,10.17605/osf.io/r2u8b,EGAP Registration,discard,False,True,3186
6887742791,10.17605/osf.io/pt4yk,Preregistration Template from AsPredicted.org,discard,False,True,6228
6962833301,10.17605/osf.io/nmguq,OSF-Standard Pre-Data Collection Registration,discard,False,True,226
6943950992,10.17605/osf.io/8xp3h,OSF-Standard Pre-Data Collection Registration,discard,False,True,135
6962683404,10.17605/osf.io/tpqas,Prereg Challenge,discard,False,True,10268
6962699328,10.17605/osf.io/cyvjp,OSF-Standard Pre-Data Collection Registration,discard,False,True,135
6887727029,10.17605/osf.io/cwjvz,"Replication Recipe (Brandt et al., 2013): Post-Completion",admit,False,True,5797
6906559243,10.17605/osf.io/uejn9,OSF-Standard Pre-Data Collection Registration,discard,False,True,359
6925128784,10.17605/osf.io/kw64v,"Pre-Registration in Social Psychology (van 't Veer & Giner-Sorolla, 2016): Pre-Registration",discard,False,True,7188
6944293761,10.17605/osf.io/98ypv,,untouched,False,False,0
2778616759,10.17605/osf.io/tvszz,OSF-Standard Pre-Data Collection Registration,discard,False,True,84
6944253174,10.17605/osf.io/uyfqw,"Replication Recipe (Brandt et al., 2013): Pre-Registration",discard,False,True,3194
6962365532,10.17605/osf.io/h4dzy,Preregistration Template from AsPredicted.org,discard,False,True,511
6887735272,10.17605/osf.io/tj6qh,OSF-Standard Pre-Data Collection Registration,discard,False,True,146
6906616214,10.17605/osf.io/mvapz,Preregistration Template from AsPredicted.org,discard,False,True,2129
2917085300,10.17605/osf.io/5je6g,OSF-Standard Pre-Data Collection Registration,discard,False,True,173
6944142224,10.17605/osf.io/kqde6,"Pre-Registration in Social Psychology (van 't Veer & Giner-Sorolla, 2016): Pre-Registration",discard,False,True,5886
2911481005,10.17605/osf.io/qjbef,OSF-Standard Pre-Data Collection Registration,discard,False,True,180
2890086452,10.17605/osf.io/8jwe6,"Replication Recipe (Brandt et al., 2013): Pre-Registration",discard,False,True,7619
6943941733,10.17605/osf.io/4kwkz,OSF-Standard Pre-Data Collection Registration,discard,False,True,135
6943851620,10.17605/osf.io/ng5u4,"Replication Recipe (Brandt et al., 2013): Pre-Registration",discard,False,True,1890
6962502867,10.17605/osf.io/s2w84,OSF-Standard Pre-Data Collection Registration,discard,False,True,226
6962470960,10.17605/osf.io/9n4v6,OSF-Standard Pre-Data Collection Registration,discard,False,True,311
6962773620,10.17605/osf.io/49fdk,OSF-Standard Pre-Data Collection Registration,discard,False,True,135
6906386044,10.17605/osf.io/s7wt9,OSF-Standard Pre-Data Collection Registration,discard,False,True,84
6962425856,10.17605/osf.io/dqkus,OSF Preregistration,discard,False,True,4949
6887692686,10.17605/osf.io/btgyd,,untouched,False,False,0
6887763152,10.17605/osf.io/r2dsb,OSF-Standard Pre-Data Collection Registration,discard,False,True,135
7085792478,10.17605/osf.io/y2n34,,untouched,False,False,0
6944165673,10.17605/osf.io/zqx9m,"Pre-Registration in Social Psychology (van 't Veer & Giner-Sorolla, 2016): Pre-Registration",discard,False,True,2603
6962633928,10.17605/osf.io/wr9uv,"Replication Recipe (Brandt et al., 2013): Pre-Registration",discard,False,True,4554
6962555501,10.17605/osf.io/eqmn2,,untouched,False,False,0
2799376514,10.17605/osf.io/mspqz,OSF-Standard Pre-Data Collection Registration,discard,False,True,164
6963019209,10.17605/osf.io/2hxcb,,untouched,False,False,0
6906235007,10.17605/osf.io/2egqr,,untouched,False,False,0
6924949774,10.17605/osf.io/xqhb4,OSF-Standard Pre-Data Collection Registration,discard,False,True,135
2780231275,10.17605/osf.io/j4935,"Replication Recipe (Brandt et al., 2013): Pre-Registration",discard,False,True,4821
6944142450,10.17605/osf.io/459qp,,untouched,False,False,0
6906674939,10.17605/osf.io/rdfae,OSF-Standard Pre-Data Collection Registration,discard,False,True,141
6906530066,10.17605/osf.io/scyxe,Open-Ended Registration,discard,False,True,50
2810422737,10.17605/osf.io/85k7q,Preregistration Template from AsPredicted.org,discard,False,True,2874
6944036369,10.17605/osf.io/tj4aw,Registered Report Protocol Preregistration,discard,False,True,685
6943856780,10.17605/osf.io/7a5qm,,untouched,False,False,0
6925256544,10.17605/osf.io/ncb6d,,untouched,False,False,0
2777647585,10.17605/osf.io/chf7m,Open-Ended Registration,admit,False,True,96
6906609447,10.17605/osf.io/j5zpk,Preregistration Template from AsPredicted.org,discard,False,True,1683
6906540005,10.17605/osf.io/gea6p,"Pre-Registration in Social Psychology (van 't Veer & Giner-Sorolla, 2016): Pre-Registration",discard,False,True,4014
6906576843,10.17605/osf.io/zxde4,"Replication Recipe (Brandt et al., 2013): Pre-Registration",discard,False,True,1303
2782966907,10.17605/osf.io/ngxye,Open-Ended Registration,admit,False,True,96
6962942270,10.17605/osf.io/nqg3e,Preregistration Template from AsPredicted.org,discard,False,True,3016
6962866104,10.17605/osf.io/z4u6w,OSF-Standard Pre-Data Collection Registration,discard,False,True,135
6944147887,10.17605/osf.io/kmpdh,OSF Preregistration,discard,False,True,14244
6887653430,10.17605/osf.io/wgjz3,EGAP Registration,discard,False,True,3167
6944422295,10.17605/osf.io/tcz3d,,untouched,False,False,0
6887685359,10.17605/osf.io/56syp,OSF-Standard Pre-Data Collection Registration,discard,False,True,123
6887736586,10.17605/osf.io/54cya,OSF-Standard Pre-Data Collection Registration,discard,False,True,135
6962473290,10.17605/osf.io/cynv8,,untouched,False,False,0
6962364674,10.17605/osf.io/3va2j,Open-Ended Registration,admit,False,True,96
6906557544,10.17605/osf.io/2xnpt,OSF-Standard Pre-Data Collection Registration,discard,False,True,226
6925110665,10.17605/osf.io/hu58m,EGAP Registration,discard,False,True,1936
2954884924,10.17605/osf.io/6q73v,"Replication Recipe (Brandt et al., 2013): Pre-Registration",discard,False,True,2975
6925207675,10.17605/osf.io/hbz69,Preregistration Template from AsPredicted.org,discard,False,True,5410
6962335555,10.17605/osf.io/tqsz3,OSF-Standard Pre-Data Collection Registration,discard,False,True,72
6906516623,10.17605/osf.io/t928m,OSF Preregistration,discard,False,True,37800
6943897006,10.17605/osf.io/z23qj,OSF-Standard Pre-Data Collection Registration,discard,False,True,135
6925459616,10.17605/osf.io/9xvnd,"Replication Recipe (Brandt et al., 2013): Post-Completion",admit,False,True,238
6906548144,10.17605/osf.io/se9cg,Preregistration Template from AsPredicted.org,discard,False,True,3126
6906691991,10.17605/osf.io/zta5m,OSF-Standard Pre-Data Collection Registration,discard,False,True,135
6943986432,10.17605/osf.io/5f9eg,Prereg Challenge,discard,False,True,19576
6906250862,10.17605/osf.io/a94um,Prereg Challenge,discard,False,True,17442
6925355802,10.17605/osf.io/d39sj,OSF-Standard Pre-Data Collection Registration,discard,False,True,226
6944435897,10.17605/osf.io/3wpyf,OSF Preregistration,discard,False,True,2826
6944291915,10.17605/osf.io/8wvmz,OSF-Standard Pre-Data Collection Registration,discard,False,True,135
6906494737,10.17605/osf.io/s9724,"Replication Recipe (Brandt et al., 2013): Pre-Registration",discard,False,True,4079
7077059254,10.17605/osf.io/2z6n4,,untouched,False,False,0
2781385495,10.17605/osf.io/muz4e,OSF-Standard Pre-Data Collection Registration,discard,False,True,553
6925342515,10.17605/osf.io/j756e,OSF-Standard Pre-Data Collection Registration,discard,False,True,137
6925232850,10.17605/osf.io/ngr98,OSF Preregistration,discard,False,True,3010
6962717392,10.17605/osf.io/wmqtb,,untouched,True,False,0
6925211831,10.17605/osf.io/fbqpr,OSF-Standard Pre-Data Collection Registration,discard,False,True,135
6906318054,10.17605/osf.io/e95bn,Prereg Challenge,discard,False,True,22265
6962860529,10.17605/osf.io/cs56b,OSF-Standard Pre-Data Collection Registration,discard,False,True,512
6943970656,10.17605/osf.io/bpv3s,OSF-Standard Pre-Data Collection Registration,discard,False,True,226
6962478187,10.17605/osf.io/r4qyh,OSF-Standard Pre-Data Collection Registration,discard,False,True,135
6906515382,10.17605/osf.io/6uwzf,,untouched,False,False,0
6924987317,10.17605/osf.io/7wch2,Preregistration Template from AsPredicted.org,discard,False,True,1404
6962645003,10.17605/osf.io/ng9qd,OSF-Standard Pre-Data Collection Registration,discard,False,True,135
6962732657,10.17605/osf.io/9gzt7,Preregistration Template from AsPredicted.org,discard,False,True,985
6944370948,10.17605/osf.io/f7qdt,,untouched,False,False,0
6943807505,10.17605/osf.io/4i6zg,"Replication Recipe (Brandt et al., 2013): Pre-Registration",discard,False,True,4817
6962485299,10.17605/osf.io/ankcq,EGAP Registration,discard,False,True,2305
6944167224,10.17605/osf.io/3jye4,OSF Preregistration,discard,False,True,22392
6906526671,10.17605/osf.io/734eu,Registered Report Protocol Preregistration,discard,False,True,669
6943720685,10.17605/osf.io/y6g4z,,untouched,False,False,0
6925119708,10.17605/osf.io/wnzeq,OSF-Standard Pre-Data Collection Registration,discard,False,True,135
2779833018,10.17605/osf.io/j8usx,OSF-Standard Pre-Data Collection Registration,discard,False,True,512
6962862834,10.17605/osf.io/bmd9q,Prereg Challenge,discard,False,True,1856
6906311117,10.17605/osf.io/cwfxa,Open-Ended Registration,discard,False,True,50
6944133793,10.17605/osf.io/cq3hx,"Pre-Registration in Social Psychology (van 't Veer & Giner-Sorolla, 2016): Pre-Registration",discard,False,True,12127
6906272802,10.17605/osf.io/pjw4r,OSF-Standard Pre-Data Collection Registration,discard,False,True,646
6925512100,10.17605/osf.io/gpyqk,OSF-Standard Pre-Data Collection Registration,discard,False,True,135
6887761532,10.17605/osf.io/m3cbe,Preregistration Template from AsPredicted.org,discard,False,True,5036
6906705610,10.17605/osf.io/8e3fr,,untouched,False,False,0
6962543378,10.17605/osf.io/afw29,OSF Preregistration,discard,False,True,20860
6887766988,10.17605/osf.io/n39c6,"Replication Recipe (Brandt et al., 2013): Pre-Registration",discard,False,True,435
6943680166,10.17605/osf.io/qdg6w,"Replication Recipe (Brandt et al., 2013): Pre-Registration",discard,False,True,6161
2780302592,10.17605/osf.io/8dzpj,Open-Ended Registration,admit,False,True,97
6925254223,10.17605/osf.io/sptvm,OSF-Standard Pre-Data Collection Registration,discard,False,True,238
6943984402,10.17605/osf.io/rx9zp,"Replication Recipe (Brandt et al., 2013): Pre-Registration",discard,False,True,85
6906442304,10.17605/osf.io/26eku,,untouched,False,False,0
6925198571,10.17605/osf.io/7xkav,,untouched,False,False,0
6944262870,10.17605/osf.io/dgewb,OSF-Standard Pre-Data Collection Registration,discard,False,True,146
6906540082,10.17605/osf.io/6xdcz,OSF-Standard Pre-Data Collection Registration,discard,False,True,135
6906320363,10.17605/osf.io/xefjd,Prereg Challenge,discard,False,True,2956
6925491977,10.17605/osf.io/dgpxq,EGAP Registration,discard,False,True,1816
6906412097,10.17605/osf.io/5szmd,"Replication Recipe (Brandt et al., 2013): Post-Completion",admit,False,True,1027
6963230294,10.17605/osf.io/ykfb7,OSF-Standard Pre-Data Collection Registration,discard,False,True,135
6962578684,10.17605/osf.io/as9mv,Prereg Challenge,discard,False,True,9570
6906478098,10.17605/osf.io/rzt27,,untouched,False,False,0
2902345079,10.17605/osf.io/z92fs,OSF-Standard Pre-Data Collection Registration,discard,False,True,478
6906755376,10.17605/osf.io/yr8fh,EGAP Registration,discard,False,True,1882
6887659948,10.17605/osf.io/fecpx,,untouched,False,False,0
6962659969,10.17605/osf.io/ufnc7,"Replication Recipe (Brandt et al., 2013): Pre-Registration",discard,False,True,7819
6944150543,10.17605/osf.io/94s7z,"Replication Recipe (Brandt et al., 2013): Pre-Registration",discard,False,True,7770
6887733996,10.17605/osf.io/v24a3,OSF-Standard Pre-Data Collection Registration,discard,False,True,157
6962783907,10.17605/osf.io/d45j3,"Replication Recipe (Brandt et al., 2013): Pre-Registration",discard,False,True,7826
6944205099,10.17605/osf.io/pu6wm,OSF-Standard Pre-Data Collection Registration,discard,False,True,135
6962482353,10.17605/osf.io/nhqc4,,untouched,False,False,0
6944211719,10.17605/osf.io/gecsj,"Pre-Registration in Social Psychology (van 't Veer & Giner-Sorolla, 2016): Pre-Registration",discard,False,True,7759
6944098520,10.17605/osf.io/wm62d,EGAP Registration,discard,False,True,1084
6906326875,10.17605/osf.io/xhcwr,,untouched,False,False,0
6962881009,10.17605/osf.io/bwv3c,,untouched,False,False,0
6906605426,10.17605/osf.io/c274g,EGAP Registration,discard,False,True,1183
6943749727,10.17605/osf.io/hdpkw,OSF-Standard Pre-Data Collection Registration,discard,False,True,135
6962813531,10.17605/osf.io/6uz95,,untouched,False,False,0
6962805624,10.17605/osf.io/8ypjn,Preregistration Template from AsPredicted.org,discard,False,True,3634
2777117594,10.17605/osf.io/s8crx,Open-Ended Registration,admit,False,True,4460
6944356638,10.17605/osf.io/hw4av,,untouched,False,False,0
6962561347,10.17605/osf.io/t5kz9,,untouched,False,False,0
6962657153,10.17605/osf.io/tw9rh,OSF-Standard Pre-Data Collection Registration,discard,False,True,368
6887772236,10.17605/osf.io/9wj8n,,untouched,False,False,0
6924969382,10.17605/osf.io/4kyzp,OSF-Standard Pre-Data Collection Registration,discard,False,True,135
6925401795,10.17605/osf.io/86an2,EGAP Registration,discard,False,True,4511
6962697392,10.17605/osf.io/rbifw,OSF-Standard Pre-Data Collection Registration,discard,False,True,84
6887791981,10.17605/osf.io/wtqkj,OSF-Standard Pre-Data Collection Registration,discard,False,True,135
6962851504,10.17605/osf.io/fy4hz,Preregistration Template from AsPredicted.org,discard,False,True,6209
6943811124,10.17605/osf.io/ae9y3,"Replication Recipe (Brandt et al., 2013): Post-Completion",admit,False,True,2727
6906654991,10.17605/osf.io/4ywe7,,untouched,False,False,0
6943372373,10.17605/osf.io/5fm2p,Preregistration Template from AsPredicted.org,discard,False,True,614
6962715774,10.17605/osf.io/sd7ya,Preregistration Template from AsPredicted.org,discard,False,True,2306
6887650702,10.17605/osf.io/etzxq,"Replication Recipe (Brandt et al., 2013): Pre-Registration",discard,False,True,6492
6906474391,10.17605/osf.io/yn3ta,OSF-Standard Pre-Data Collection Registration,discard,False,True,135
6944292256,10.17605/osf.io/vt8ag,"Replication Recipe (Brandt et al., 2013): Pre-Registration",discard,False,True,4434
6887630562,10.17605/osf.io/h2f5u,,untouched,False,False,0
6925188967,10.17605/osf.io/w2zmv,EGAP Registration,discard,False,True,6414
2782811413,10.17605/osf.io/46utf,"Replication Recipe (Brandt et al., 2013): Post-Completion",admit,False,True,1395
6906257591,10.17605/osf.io/fjpmc,"Replication Recipe (Brandt et al., 2013): Pre-Registration",discard,False,True,8770
2785917823,10.17605/osf.io/rrdmj,OSF-Standard Pre-Data Collection Registration,discard,False,True,467
6887666904,10.17605/osf.io/83ubw,OSF-Standard Pre-Data Collection Registration,discard,False,True,291
6962844509,10.17605/osf.io/k62ue,"Replication Recipe (Brandt et al., 2013): Pre-Registration",discard,False,True,5567
6887685749,10.17605/osf.io/gja8u,OSF-Standard Pre-Data Collection Registration,discard,False,True,84
6925208966,10.17605/osf.io/ckjtf,"Replication Recipe (Brandt et al., 2013): Pre-Registration",discard,False,True,967
7077147064,10.17605/osf.io/svtm6,,untouched,False,False,0
6943927703,10.17605/osf.io/v96dm,,untouched,False,False,0
6887740055,10.17605/osf.io/a6wzr,OSF Preregistration,discard,False,True,7307
6906327459,10.17605/osf.io/eykdm,,untouched,False,False,0
6887780956,10.17605/osf.io/t2h8q,OSF-Standard Pre-Data Collection Registration,discard,False,True,135
6906626763,10.17605/osf.io/327zy,Preregistration Template from AsPredicted.org,discard,False,True,788
6925351746,10.17605/osf.io/qtwu2,OSF Preregistration,discard,False,True,14437
6944038111,10.17605/osf.io/fxt69,,untouched,False,False,0
2776363194,10.17605/osf.io/bk79y,Open-Ended Registration,admit,False,True,96
6962435007,10.17605/osf.io/9acsf,Prereg Challenge,discard,False,True,15825
6943795217,10.17605/osf.io/5a826,"Pre-Registration in Social Psychology (van 't Veer & Giner-Sorolla, 2016): Pre-Registration",discard,False,True,14111
6887734426,10.17605/osf.io/ykc29,Prereg Challenge,discard,False,True,9317
6943791505,10.17605/osf.io/nf7rv,OSF Preregistration,discard,False,True,5895
6887799941,10.17605/osf.io/ndm3b,OSF-Standard Pre-Data Collection Registration,discard,False,True,212
2785192853,10.17605/osf.io/4fs5w,OSF-Standard Pre-Data Collection Registration,discard,False,True,135
7082444693,10.17605/osf.io/4q5kj,,untouched,False,False,0
2788490412,10.17605/osf.io/m9vrk,"Replication Recipe (Brandt et al., 2013): Pre-Registration",discard,False,True,4676
6944195425,10.17605/osf.io/vyxn4,,untouched,False,False,0
6944160738,10.17605/osf.io/fj9nw,OSF-Standard Pre-Data Collection Registration,discard,False,True,170
6906569071,10.17605/osf.io/96p85,EGAP Registration,discard,False,True,3116
6906578233,10.17605/osf.io/n9hdv,"Replication Recipe (Brandt et al., 2013): Pre-Registration",discard,False,True,1297
6924801395,10.17605/osf.io/j6wmn,,untouched,False,False,0
6925493520,10.17605/osf.io/rc7xg,OSF Preregistration,discard,False,True,14409
6906510504,10.17605/osf.io/ruyhs,OSF-Standard Pre-Data Collection Registration,discard,False,True,135
6925567869,10.17605/osf.io/7afh9,Preregistration Template from AsPredicted.org,discard,False,True,4678
2777653597,10.17605/osf.io/sqab4,Open-Ended Registration,admit,False,True,97
6887656122,10.17605/osf.io/4d6ba,OSF-Standard Pre-Data Collection Registration,discard,False,True,135
6962610909,10.17605/osf.io/6vw8e,OSF-Standard Pre-Data Collection Registration,discard,False,True,146
6906813242,10.17605/osf.io/tgzjx,,untouched,False,False,0
6962683040,10.17605/osf.io/4qycu,Prereg Challenge,discard,False,True,4036
6906523299,10.17605/osf.io/6myr2,OSF Preregistration,discard,False,True,17031
6906331583,10.17605/osf.io/c73r5,"Replication Recipe (Brandt et al., 2013): Post-Completion",admit,False,True,391
6906515363,10.17605/osf.io/rqav3,Preregistration Template from AsPredicted.org,discard,False,True,3731
2777586654,10.17605/osf.io/6n9df,Prereg Challenge,discard,False,True,10310
6887744374,10.17605/osf.io/p32x4,Prereg Challenge,discard,False,True,13182
6906542511,10.17605/osf.io/2c7w4,,untouched,False,False,0
6925336844,10.17605/osf.io/jb7ae,Registered Report Protocol Preregistration,discard,False,True,733
6963100187,10.17605/osf.io/9ps85,,untouched,False,False,0
6962799369,10.17605/osf.io/u5gzv,"Replication Recipe (Brandt et al., 2013): Pre-Registration",discard,False,True,2925
6906582190,10.17605/osf.io/47za3,OSF-Standard Pre-Data Collection Registration,discard,False,True,135
7077145654,10.17605/osf.io/xm8hs,,untouched,False,False,0
6906604043,10.17605/osf.io/6p98y,OSF-Standard Pre-Data Collection Registration,discard,False,True,135
6944030893,10.17605/osf.io/gn6yp,OSF-Standard Pre-Data Collection Registration,discard,False,True,146
6962807926,10.17605/osf.io/9fzjd,OSF Preregistration,discard,False,True,24589
6906399754,10.17605/osf.io/7fkgn,Prereg Challenge,discard,False,True,18343
6924993006,10.17605/osf.io/wrve7,Preregistration Template from AsPredicted.org,discard,False,True,2385
6887727699,10.17605/osf.io/dgfxy,,untouched,False,False,0
6962573285,10.17605/osf.io/u6zw9,"Replication Recipe (Brandt et al., 2013): Pre-Registration",discard,False,True,6455
6906585048,10.17605/osf.io/krms8,Registered Report Protocol Preregistration,discard,False,True,722
6887784492,10.17605/osf.io/xgwd2,Prereg Challenge,discard,False,True,8146
6887774933,10.17605/osf.io/szxbj,Prereg Challenge,discard,False,True,2628
6925209277,10.17605/osf.io/sahy6,Registered Report Protocol Preregistration,discard,False,True,671
6943916574,10.17605/osf.io/k5vz3,OSF-Standard Pre-Data Collection Registration,discard,False,True,210
6906298524,10.17605/osf.io/62hsc,OSF-Standard Pre-Data Collection Registration,discard,False,True,443
6963116772,10.17605/osf.io/fmgb4,,untouched,False,False,0
6906429294,10.17605/osf.io/xjbpf,,untouched,False,False,0
6943946957,10.17605/osf.io/6j4b2,Open-Ended Registration,admit,False,True,188
6962517298,10.17605/osf.io/qmj35,"Replication Recipe (Brandt et al., 2013): Pre-Registration",discard,False,True,1309
6962548478,10.17605/osf.io/ycbgj,"Pre-Registration in Social Psychology (van 't Veer & Giner-Sorolla, 2016): Pre-Registration",discard,False,True,15365
6887765585,10.17605/osf.io/7gscn,OSF-Standard Pre-Data Collection Registration,discard,False,True,312
6887637640,10.17605/osf.io/ewv6d,OSF-Standard Pre-Data Collection Registration,discard,False,True,72
6887820234,10.17605/osf.io/u236h,,untouched,False,False,0
6925118692,10.17605/osf.io/sptxb,Preregistration Template from AsPredicted.org,discard,False,True,2498
6906520515,10.17605/osf.io/j984u,OSF-Standard Pre-Data Collection Registration,discard,False,True,84
6962736693,10.17605/osf.io/uemqn,OSF Preregistration,discard,False,True,7907
6887693833,10.17605/osf.io/fkzn8,OSF-Standard Pre-Data Collection Registration,discard,False,True,167
6944309335,10.17605/osf.io/nd5y2,"Replication Recipe (Brandt et al., 2013): Post-Completion",admit,False,True,703
6925167374,10.17605/osf.io/qmbyc,,untouched,False,False,0
6925103023,10.17605/osf.io/g6jru,OSF-Standard Pre-Data Collection Registration,discard,False,True,646
6925355652,10.17605/osf.io/vn56q,"Replication Recipe (Brandt et al., 2013): Pre-Registration",discard,False,True,2641
2778933007,10.17605/osf.io/5b9yd,OSF-Standard Pre-Data Collection Registration,discard,False,True,7262
6925409225,10.17605/osf.io/6he7m,OSF-Standard Pre-Data Collection Registration,discard,False,True,463
6962871875,10.17605/osf.io/ua5dt,OSF-Standard Pre-Data Collection Registration,discard,False,True,135
6906696446,10.17605/osf.io/9e3t5,"Replication Recipe (Brandt et al., 2013): Pre-Registration",discard,False,True,1624
6906370355,10.17605/osf.io/a2jpb,"Replication Recipe (Brandt et al., 2013): Pre-Registration",discard,False,True,10905
6925128473,10.17605/osf.io/x49ut,OSF Preregistration,discard,False,True,13552
3049740536,10.17605/osf.io/fp8ny,Prereg Challenge,discard,False,True,37464
2783051983,10.17605/osf.io/vakbu,OSF-Standard Pre-Data Collection Registration,discard,False,True,402
7101447714,10.17605/osf.io/pu537,,untouched,False,False,0
6887630758,10.17605/osf.io/3ksvz,,untouched,False,False,0
6962659493,10.17605/osf.io/nvg2s,OSF Preregistration,discard,False,True,8282
6887712541,10.17605/osf.io/46xbr,OSF-Standard Pre-Data Collection Registration,discard,False,True,295
6962765854,10.17605/osf.io/w8m6g,OSF-Standard Pre-Data Collection Registration,discard,False,True,135
6943873249,10.17605/osf.io/vmnsh,,untouched,False,False,0
2950762082,10.17605/osf.io/tw8ev,OSF-Standard Pre-Data Collection Registration,discard,False,True,512
6943888727,10.17605/osf.io/7eykf,Preregistration Template from AsPredicted.org,discard,False,True,8298
6944055197,10.17605/osf.io/djwa7,OSF Preregistration,discard,False,True,6395
6887617246,10.17605/osf.io/8r429,OSF-Standard Pre-Data Collection Registration,discard,False,True,135
6963061689,10.17605/osf.io/uar7v,OSF-Standard Pre-Data Collection Registration,discard,False,True,646
6962845768,10.17605/osf.io/myuz9,,untouched,False,False,0
6887678918,10.17605/osf.io/9wkp2,OSF-Standard Pre-Data Collection Registration,discard,False,True,146
6887696171,10.17605/osf.io/pqc7n,"Replication Recipe (Brandt et al., 2013): Pre-Registration",discard,False,True,5854
6887681943,10.17605/osf.io/3cxyr,,untouched,False,False,0
6906654287,10.17605/osf.io/4xmc9,OSF Preregistration,discard,False,True,14534
2883656680,10.17605/osf.io/k69cz,"Replication Recipe (Brandt et al., 2013): Pre-Registration",discard,False,True,3362
6906670863,10.17605/osf.io/xwdvn,,untouched,False,False,0
6962867653,10.17605/osf.io/ftbvy,Preregistration Template from AsPredicted.org,discard,False,True,4843
6962641568,10.17605/osf.io/anbgg,"Replication Recipe (Brandt et al., 2013): Pre-Registration",discard,False,True,3153
6906566232,10.17605/osf.io/tnvuj,,untouched,False,False,0
6887736021,10.17605/osf.io/enrqz,Registered Report Protocol Preregistration,discard,False,True,1581
2808742737,10.17605/osf.io/qcz2f,OSF-Standard Pre-Data Collection Registration,discard,False,True,504
6906456074,10.17605/osf.io/rmz6p,OSF-Standard Pre-Data Collection Registration,discard,False,True,552
6887646502,10.17605/osf.io/j3q54,"Replication Recipe (Brandt et al., 2013): Pre-Registration",discard,False,True,6429
7080946818,10.17605/osf.io/5jux8,,untouched,False,False,0
6943805043,10.17605/osf.io/cazg9,,untouched,False,False,0
6962620958,10.17605/osf.io/k9jd6,"Replication Recipe (Brandt et al., 2013): Pre-Registration",discard,False,True,10348
6887769497,10.17605/osf.io/bt2rq,OSF-Standard Pre-Data Collection Registration,discard,False,True,591
6962695785,10.17605/osf.io/zyst7,OSF-Standard Pre-Data Collection Registration,discard,False,True,208
6925393914,10.17605/osf.io/35azb,OSF Preregistration,discard,False,True,3976
6925061741,10.17605/osf.io/jqa4g,OSF-Standard Pre-Data Collection Registration,discard,False,True,135
6944282459,10.17605/osf.io/ws7dp,OSF-Standard Pre-Data Collection Registration,discard,False,True,698
6925411113,10.17605/osf.io/ygjw9,OSF-Standard Pre-Data Collection Registration,discard,False,True,135
6906614199,10.17605/osf.io/6g9cz,OSF Preregistration,discard,False,True,6696
6944239890,10.17605/osf.io/bm9uh,"Replication Recipe (Brandt et al., 2013): Pre-Registration",discard,False,True,977
6962693933,10.17605/osf.io/pt96k,,untouched,False,False,0
6962676382,10.17605/osf.io/fvyr3,"Pre-Registration in Social Psychology (van 't Veer & Giner-Sorolla, 2016): Pre-Registration",discard,False,True,14179
6943900215,10.17605/osf.io/7vejf,OSF Preregistration,discard,False,True,6420
6944148006,10.17605/osf.io/y4bvz,"Replication Recipe (Brandt et al., 2013): Pre-Registration",discard,False,True,2649
6925264722,10.17605/osf.io/vrn4u,,untouched,False,False,0
6887799379,10.17605/osf.io/zkbcw,OSF-Standard Pre-Data Collection Registration,discard,False,True,135
7086748434,10.17605/osf.io/eqy6t,,untouched,False,False,0
6944400831,10.17605/osf.io/9a835,,untouched,False,False,0
6906508429,10.17605/osf.io/68jph,Preregistration Template from AsPredicted.org,discard,False,True,5739
6906410500,10.17605/osf.io/xf6v5,OSF-Standard Pre-Data Collection Registration,discard,False,True,176
2954234301,10.17605/osf.io/3yzv4,Prereg Challenge,discard,False,True,5380
6925181103,10.17605/osf.io/2h5a7,OSF Preregistration,discard,False,True,22940
6925267114,10.17605/osf.io/mw7qr,"Replication Recipe (Brandt et al., 2013): Pre-Registration",discard,False,True,7852
6963016279,10.17605/osf.io/k96nm,"Replication Recipe (Brandt et al., 2013): Pre-Registration",discard,False,True,1950
6925530392,10.17605/osf.io/tqce5,OSF-Standard Pre-Data Collection Registration,discard,False,True,214
6925020206,10.17605/osf.io/cvpf7,"Replication Recipe (Brandt et al., 2013): Pre-Registration",discard,False,True,7926
6925083879,10.17605/osf.io/3dpk2,Preregistration Template from AsPredicted.org,discard,False,True,4262
6925358410,10.17605/osf.io/8qz4f,Preregistration Template from AsPredicted.org,discard,False,True,3049
6944046751,10.17605/osf.io/nyjwc,EGAP Registration,discard,False,True,2746
6906556787,10.17605/osf.io/9mgsh,OSF-Standard Pre-Data Collection Registration,discard,False,True,146
6962673750,10.17605/osf.io/ph6tm,OSF-Standard Pre-Data Collection Registration,discard,False,True,135
6887745090,10.17605/osf.io/mtn3b,EGAP Registration,discard,False,True,2301
6944420285,10.17605/osf.io/j6tqr,,untouched,False,False,0
6962772225,10.17605/osf.io/e3vrf,OSF-Standard Pre-Data Collection Registration,discard,False,True,135
6962618273,10.17605/osf.io/pg4n5,OSF-Standard Pre-Data Collection Registration,discard,False,True,238
6906389228,10.17605/osf.io/epbym,EGAP Registration,discard,False,True,2608
6962194041,10.17605/osf.io/7vjyw,OSF-Standard Pre-Data Collection Registration,discard,False,True,443
6925195496,10.17605/osf.io/rmz4u,OSF-Standard Pre-Data Collection Registration,discard,False,True,135
6925199717,10.17605/osf.io/8xvqe,OSF-Standard Pre-Data Collection Registration,discard,False,True,230
6963170713,10.17605/osf.io/surxk,"Replication Recipe (Brandt et al., 2013): Pre-Registration",discard,False,True,2911
6906433469,10.17605/osf.io/mj62q,OSF Preregistration,discard,False,True,7429
6887658218,10.17605/osf.io/cmzvh,,untouched,False,False,0
6944285650,10.17605/osf.io/v96tq,,untouched,False,False,0
2885222765,10.17605/osf.io/layzm,OSF-Standard Pre-Data Collection Registration,discard,False,True,140
6925196498,10.17605/osf.io/pfdwj,,untouched,False,False,0
6925319513,10.17605/osf.io/4pjz2,OSF-Standard Pre-Data Collection Registration,discard,False,True,84
6962682829,10.17605/osf.io/nfb5s,,untouched,False,False,0
6925081973,10.17605/osf.io/r2jvb,EGAP Registration,discard,False,True,29908
6906610713,10.17605/osf.io/cbbue,OSF-Standard Pre-Data Collection Registration,discard,False,True,534
3155163525,10.17605/osf.io/vzuma,OSF Preregistration,discard,False,True,4178
6962763203,10.17605/osf.io/f2duy,Open-Ended Registration,discard,False,True,1519
6962233309,10.17605/osf.io/hu45t,Preregistration Template from AsPredicted.org,discard,False,True,3253
6906664583,10.17605/osf.io/7hrgd,"Replication Recipe (Brandt et al., 2013): Post-Completion",admit,False,True,168
6906153877,10.17605/osf.io/edsuu,OSF-Standard Pre-Data Collection Registration,discard,False,True,266
6887681851,10.17605/osf.io/rp5qn,OSF-Standard Pre-Data Collection Registration,discard,False,True,266
6906447645,10.17605/osf.io/437ub,OSF-Standard Pre-Data Collection Registration,discard,False,True,146
6943671188,10.17605/osf.io/n7fpt,Preregistration Template from AsPredicted.org,discard,False,True,3403
6962782991,10.17605/osf.io/5kxdu,,untouched,False,False,0
6962572232,10.17605/osf.io/4yj2f,OSF-Standard Pre-Data Collection Registration,discard,False,True,135
2782965303,10.17605/osf.io/e35y2,Open-Ended Registration,admit,False,True,96
6925479620,10.17605/osf.io/q9jb3,,untouched,False,False,0
6887709483,10.17605/osf.io/hf7tj,OSF-Standard Pre-Data Collection Registration,discard,False,True,945
6887769425,10.17605/osf.io/6zvqe,,untouched,False,False,0
2779185781,10.17605/osf.io/jwhrk,"Pre-Registration in Social Psychology (van 't Veer & Giner-Sorolla, 2016): Pre-Registration",discard,False,True,16670
6906501194,10.17605/osf.io/evft8,OSF-Standard Pre-Data Collection Registration,discard,False,True,517
6906244929,10.17605/osf.io/3mq7a,"Replication Recipe (Brandt et al., 2013): Pre-Registration",discard,False,True,1225
6962792650,10.17605/osf.io/6cpbg,,untouched,False,False,0
6962997967,10.17605/osf.io/nqxbc,OSF-Standard Pre-Data Collection Registration,discard,False,True,135
6944573252,10.17605/osf.io/tbwvd,"Pre-Registration in Social Psychology (van 't Veer & Giner-Sorolla, 2016): Pre-Registration",discard,False,True,4132
6906484581,10.17605/osf.io/dchbf,OSF Preregistration,discard,False,True,5442
6944263447,10.17605/osf.io/n3dre,Preregistration Template from AsPredicted.org,discard,False,True,3383
6962638847,10.17605/osf.io/9zrce,"Replication Recipe (Brandt et al., 2013): Pre-Registration",discard,False,True,2472
6906480844,10.17605/osf.io/qtfz4,Preregistration Template from AsPredicted.org,discard,False,True,4016
6925042620,10.17605/osf.io/jau8g,,untouched,False,False,0
6906478028,10.17605/osf.io/pvgjx,Preregistration Template from AsPredicted.org,discard,False,True,14136
6925261500,10.17605/osf.io/8muxq,OSF-Standard Pre-Data Collection Registration,discard,False,True,135
6944129889,10.17605/osf.io/6ck5r,OSF-Standard Pre-Data Collection Registration,discard,False,True,135
6925278918,10.17605/osf.io/y4p3j,OSF Preregistration,discard,False,True,55783
6887729329,10.17605/osf.io/qdswu,OSF-Standard Pre-Data Collection Registration,discard,False,True,135
6906448782,10.17605/osf.io/3wgn5,Preregistration Template from AsPredicted.org,discard,False,True,3948
6944030745,10.17605/osf.io/vywmy,"Replication Recipe (Brandt et al., 2013): Post-Completion",admit,False,True,1432
6943714792,10.17605/osf.io/kf6yd,,untouched,False,False,0
2903594989,10.17605/osf.io/fd9pz,OSF-Standard Pre-Data Collection Registration,discard,False,True,433
6963092504,10.17605/osf.io/bx64z,Open-Ended Registration,admit,False,True,96
6906370837,10.17605/osf.io/zc34p,OSF-Standard Pre-Data Collection Registration,discard,False,True,135
6943834618,10.17605/osf.io/8b5s9,OSF-Standard Pre-Data Collection Registration,discard,False,True,147
6943847862,10.17605/osf.io/39at4,OSF-Standard Pre-Data Collection Registration,discard,False,True,135
6943932298,10.17605/osf.io/ytav5,"Replication Recipe (Brandt et al., 2013): Pre-Registration",discard,False,True,9271
6925269232,10.17605/osf.io/rwdn6,,untouched,False,False,0
6962187705,10.17605/osf.io/5xvrp,OSF-Standard Pre-Data Collection Registration,discard,False,True,123
6887698918,10.17605/osf.io/w7gkd,OSF-Standard Pre-Data Collection Registration,discard,False,True,342
2888914719,10.17605/osf.io/86ck9,Prereg Challenge,discard,False,True,6578
6906383714,10.17605/osf.io/y9uq4,OSF-Standard Pre-Data Collection Registration,discard,False,True,204
6962801295,10.17605/osf.io/a825t,OSF-Standard Pre-Data Collection Registration,discard,False,True,210
6906421268,10.17605/osf.io/tw256,EGAP Registration,discard,False,True,3291
6906378685,10.17605/osf.io/ckvuw,Open-Ended Registration,discard,False,True,147
6887720391,10.17605/osf.io/ac35e,OSF-Standard Pre-Data Collection Registration,discard,False,True,135
6906172179,10.17605/osf.io/5z7m3,,untouched,False,False,0
6925000414,10.17605/osf.io/ds684,OSF-Standard Pre-Data Collection Registration,discard,False,True,135
2776266874,10.17605/osf.io/xhyqp,Prereg Challenge,discard,False,True,6059
6906316079,10.17605/osf.io/2r4zn,OSF-Standard Pre-Data Collection Registration,discard,False,True,135
6925145690,10.17605/osf.io/5rf62,OSF Preregistration,discard,False,True,4072
6887661874,10.17605/osf.io/b32c9,,untouched,False,False,0
6906473275,10.17605/osf.io/85rwk,OSF-Standard Pre-Data Collection Registration,discard,False,True,123
6906565778,10.17605/osf.io/kxt7c,Preregistration Template from AsPredicted.org,discard,False,True,4846
2777510486,10.17605/osf.io/p87cn,Open-Ended Registration,admit,False,True,97
2784141590,10.17605/osf.io/czbzg,OSF-Standard Pre-Data Collection Registration,discard,False,True,84
6944160566,10.17605/osf.io/phym3,,untouched,False,False,0
6887662442,10.17605/osf.io/e5avw,OSF-Standard Pre-Data Collection Registration,discard,False,True,216
6906433877,10.17605/osf.io/35znp,"Replication Recipe (Brandt et al., 2013): Pre-Registration",discard,False,True,3258
6943783999,10.17605/osf.io/ghfy4,,untouched,False,False,0
6906685426,10.17605/osf.io/g7ygm,OSF-Standard Pre-Data Collection Registration,discard,False,True,467
6963064011,10.17605/osf.io/btgmk,,untouched,False,False,0
6887753029,10.17605/osf.io/wvjt7,EGAP Registration,discard,False,True,891
6906244750,10.17605/osf.io/4gm7n,Open-Ended Registration,admit,False,True,39214
6906215704,10.17605/osf.io/fpvxr,"Pre-Registration in Social Psychology (van 't Veer & Giner-Sorolla, 2016): Pre-Registration",discard,False,True,19838
6887645322,10.17605/osf.io/k3nd9,OSF Preregistration,discard,False,True,7695
6943814334,10.17605/osf.io/v7fbj,,untouched,False,False,0
6925237841,10.17605/osf.io/56wsz,OSF-Standard Pre-Data Collection Registration,discard,False,True,84
6925157430,10.17605/osf.io/hbmye,OSF Preregistration,discard,False,True,16685
6943916585,10.17605/osf.io/ykmqp,,untouched,False,False,0
6887637778,10.17605/osf.io/7qzcn,Preregistration Template from AsPredicted.org,discard,False,True,131
6906557247,10.17605/osf.io/e8b5d,Preregistration Template from AsPredicted.org,discard,False,True,15572
6906539136,10.17605/osf.io/c8qhv,OSF-Standard Pre-Data Collection Registration,discard,False,True,143
6887686288,10.17605/osf.io/5nz6w,"Replication Recipe (Brandt et al., 2013): Pre-Registration",discard,False,True,2037
6906321039,10.17605/osf.io/4xjcg,"Replication Recipe (Brandt et al., 2013): Post-Completion",admit,False,True,3202
6925435659,10.17605/osf.io/ap6gt,EGAP Registration,discard,False,True,8135
6925126775,10.17605/osf.io/z8x7r,"Pre-Registration in Social Psychology (van 't Veer & Giner-Sorolla, 2016): Pre-Registration",discard,False,True,2385
6943940571,10.17605/osf.io/vjc25,"Replication Recipe (Brandt et al., 2013): Pre-Registration",discard,False,True,6352
6962876936,10.17605/osf.io/cnux9,OSF-Standard Pre-Data Collection Registration,discard,False,True,135
6906421292,10.17605/osf.io/39xuw,"Replication Recipe (Brandt et al., 2013): Post-Completion",admit,True,True,233
6906403836,10.17605/osf.io/48kyw,"Pre-Registration in Social Psychology (van 't Veer & Giner-Sorolla, 2016): Pre-Registration",discard,False,True,34225
6906339995,10.17605/osf.io/7wakg,EGAP Registration,discard,False,True,3019
6887721898,10.17605/osf.io/h8k2c,OSF-Standard Pre-Data Collection Registration,discard,False,True,235
6962599335,10.17605/osf.io/xzdgw,OSF-Standard Pre-Data Collection Registration,discard,False,True,135
6887711958,10.17605/osf.io/jdvaf,OSF-Standard Pre-Data Collection Registration,discard,False,True,146
6887748754,10.17605/osf.io/zjhr5,OSF Preregistration,discard,False,True,14326
6962900795,10.17605/osf.io/9v5zg,OSF-Standard Pre-Data Collection Registration,discard,False,True,135
6943764185,10.17605/osf.io/7k89s,Preregistration Template from AsPredicted.org,discard,False,True,5026
2888344175,10.17605/osf.io/p42t6,OSF-Standard Pre-Data Collection Registration,discard,False,True,135
6943736351,10.17605/osf.io/cy4mg,OSF-Standard Pre-Data Collection Registration,discard,False,True,457
6963304161,10.17605/osf.io/yrhn2,OSF-Standard Pre-Data Collection Registration,discard,False,True,135
6962592902,10.17605/osf.io/zwpf3,,untouched,False,False,0
6906452776,10.17605/osf.io/6nn57,Prereg Challenge,discard,False,True,9406
6925265046,10.17605/osf.io/f325c,,untouched,False,False,0
6887645129,10.17605/osf.io/cwvda,,untouched,False,False,0
2904121186,10.17605/osf.io/t4xw8,"Pre-Registration in Social Psychology (van 't Veer & Giner-Sorolla, 2016): Pre-Registration",discard,False,True,25769
6906371680,10.17605/osf.io/r63y8,Preregistration Template from AsPredicted.org,discard,False,True,2316
6943687023,10.17605/osf.io/vyqg4,,untouched,False,False,0
6944080685,10.17605/osf.io/avstc,Registered Report Protocol Preregistration,discard,False,True,638
6906573964,10.17605/osf.io/gf8rc,,untouched,False,False,0
6887783849,10.17605/osf.io/xxf2c,OSF-Standard Pre-Data Collection Registration,discard,False,True,315
6887782786,10.17605/osf.io/9e6p2,"Replication Recipe (Brandt et al., 2013): Post-Completion",admit,False,True,1016
6962528972,10.17605/osf.io/wvu8h,"Replication Recipe (Brandt et al., 2013): Pre-Registration",discard,False,True,9075
6887703673,10.17605/osf.io/eef8g,OSF-Standard Pre-Data Collection Registration,discard,False,True,467
6925166333,10.17605/osf.io/cmxya,Preregistration Template from AsPredicted.org,discard,False,True,2014
6925222429,10.17605/osf.io/m6upy,OSF-Standard Pre-Data Collection Registration,discard,False,True,146
6925319090,10.17605/osf.io/rkvtp,,untouched,False,False,0
6906352145,10.17605/osf.io/4zm5a,OSF-Standard Pre-Data Collection Registration,discard,False,True,388
6887735102,10.17605/osf.io/gwcbt,,untouched,False,False,0
6962684432,10.17605/osf.io/rgeqt,Preregistration Template from AsPredicted.org,discard,False,True,2514
6962656639,10.17605/osf.io/6qvmx,Preregistration Template from AsPredicted.org,discard,False,True,3694
6887672837,10.17605/osf.io/gzuh7,OSF-Standard Pre-Data Collection Registration,discard,False,True,84
6887667477,10.17605/osf.io/64yk8,Preregistration Template from AsPredicted.org,discard,False,True,2615
6906339702,10.17605/osf.io/dnqe7,"Replication Recipe (Brandt et al., 2013): Pre-Registration",discard,False,True,1601
6925259747,10.17605/osf.io/25dxa,OSF-Standard Pre-Data Collection Registration,discard,False,True,210
6962398816,10.17605/osf.io/gwy7n,Open-Ended Registration,discard,False,True,171
6944204083,10.17605/osf.io/zy34e,Prereg Challenge,discard,False,True,20633
3011381630,10.17605/osf.io/rmztj,,untouched,False,False,0
3132937702,10.17605/osf.io/kxe73,,untouched,False,False,0
6962622941,10.17605/osf.io/j942g,EGAP Registration,discard,False,True,43846
6944121898,10.17605/osf.io/9j2ym,OSF-Standard Pre-Data Collection Registration,discard,False,True,450
6943618790,10.17605/osf.io/q7huk,Prereg Challenge,discard,False,True,5290
6962834314,10.17605/osf.io/c6n74,OSF-Standard Pre-Data Collection Registration,discard,False,True,399
2806203091,10.17605/osf.io/vfwsv,"Replication Recipe (Brandt et al., 2013): Pre-Registration",discard,False,True,888
6943655002,10.17605/osf.io/z5ve2,,untouched,False,False,0
6962664949,10.17605/osf.io/hta75,OSF-Standard Pre-Data Collection Registration,discard,False,True,307
6925295126,10.17605/osf.io/7ydqh,Prereg Challenge,discard,False,True,16523
6887697510,10.17605/osf.io/vyjpg,OSF-Standard Pre-Data Collection Registration,discard,False,True,135
6943988525,10.17605/osf.io/sz2g8,,untouched,False,False,0
6962541878,10.17605/osf.io/uqme5,,untouched,False,False,0
6962991331,10.17605/osf.io/6zgcx,Prereg Challenge,discard,False,True,6271
6944015249,10.17605/osf.io/mryv9,,untouched,False,False,0
6906657950,10.17605/osf.io/ycxh3,,untouched,False,False,0
2776464837,10.17605/osf.io/bvu64,Open-Ended Registration,admit,False,True,96
2776112123,10.17605/osf.io/vk6d9,Open-Ended Registration,admit,False,True,96
2780755327,10.17605/osf.io/6vsc4,Open-Ended Registration,admit,False,True,96
2778844705,10.17605/osf.io/7xupr,Open-Ended Registration,admit,False,True,97
2883042178,10.17605/osf.io/p4rgd,,untouched,False,False,0
2783075628,10.17605/osf.io/6xjqm,Open-Ended Registration,admit,False,True,96
2777061199,10.17605/osf.io/zsnxb,Open-Ended Registration,discard,False,True,141
7105695234,10.17605/osf.io/uyrnm,Preregistration Template from AsPredicted.org,discard,False,True,3425
2778150755,10.17605/osf.io/45vwm,Open-Ended Registration,admit,False,True,96
2807804983,10.17605/osf.io/dt3q5,,untouched,False,False,0
2785090784,10.17605/osf.io/wch5r,,untouched,False,False,0
2884290428,10.17605/osf.io/za7t2,,untouched,False,False,0
2776554849,10.17605/osf.io/a9vrq,Open-Ended Registration,admit,False,True,96
2783337316,10.17605/osf.io/48f2z,Open-Ended Registration,discard,False,True,71
2778873052,10.17605/osf.io/rne5u,Open-Ended Registration,admit,False,True,96
2786965715,10.17605/osf.io/36dr5,Open-Ended Registration,admit,False,True,96
2943771682,10.17605/osf.io/tfj9z,,untouched,False,False,0
2777168463,10.17605/osf.io/7bnfp,Open-Ended Registration,admit,False,True,96
2781497247,10.17605/osf.io/gknau,Open-Ended Registration,admit,False,True,96
2780062826,10.17605/osf.io/j3fyq,,untouched,False,False,0
6943736495,10.17605/osf.io/3m7qw,Open-Ended Registration,admit,False,True,97
6943830611,10.17605/osf.io/4cpm3,,untouched,False,False,0
6943826854,10.17605/osf.io/m9suf,Open-Ended Registration,admit,False,True,96
6944221604,10.17605/osf.io/pk952,Open-Ended Registration,admit,False,True,97
6943966317,10.17605/osf.io/kg2x5,Open-Ended Registration,admit,False,True,97
6943743339,10.17605/osf.io/523bq,,untouched,False,False,0
2896282545,10.17605/osf.io/5jpt4,,untouched,False,False,0
6925184579,10.17605/osf.io/fsut4,Open-Ended Registration,admit,False,True,97
6925476908,10.17605/osf.io/v3sp7,,untouched,False,False,0
6925331516,10.17605/osf.io/dusg3,,untouched,False,False,0
6925308590,10.17605/osf.io/vch8w,Open-Ended Registration,admit,False,True,1211
6925253460,10.17605/osf.io/wbs96,Open-Ended Registration,admit,False,True,96
6925547453,10.17605/osf.io/2f8ba,Open-Ended Registration,admit,False,True,1162
6906566978,10.17605/osf.io/q7hm4,Open-Ended Registration,admit,False,True,96
6887709872,10.17605/osf.io/dwr2m,Open-Ended Registration,admit,False,True,97
6906412627,10.17605/osf.io/mt3pw,Open-Ended Registration,admit,False,True,608
6906509159,10.17605/osf.io/p8cuv,Open-Ended Registration,admit,False,True,421
6906518262,10.17605/osf.io/wu5cf,,untouched,False,False,0
6887708416,10.17605/osf.io/m46v5,,untouched,False,False,0
6962737190,10.17605/osf.io/brjtg,,untouched,False,False,0
6962843805,10.17605/osf.io/k4gn6,,untouched,False,False,0
6925218450,10.17605/osf.io/xy9mv,Open-Ended Registration,admit,False,True,97
6925267371,10.17605/osf.io/bfzn9,Open-Ended Registration,admit,False,True,97
3112191294,10.17605/osf.io/ef629,,untouched,False,False,0
3020446281,10.17605/osf.io/4v3dg,,untouched,False,False,0
3085154650,10.17605/osf.io/3utkj,,untouched,False,False,0
6962581852,10.17605/osf.io/rbdj3,,untouched,False,False,0
3041132677,10.17605/osf.io/a4qrg,,untouched,False,False,0
6962666372,10.17605/osf.io/8e6ds,,untouched,False,False,0
2785281907,10.17605/osf.io/zytdx,,untouched,False,False,0
6906672132,10.17605/osf.io/ymg3f,,untouched,False,False,0
6887752329,10.17605/osf.io/8pb3u,,untouched,False,False,0
6906204314,10.17605/osf.io/6cr3n,,untouched,False,False,0
6906287429,10.17605/osf.io/hnp5t,,untouched,False,False,0
6906322714,10.17605/osf.io/5za9f,,untouched,False,False,0
6906536138,10.17605/osf.io/4ubj8,,untouched,False,False,0
6962666491,10.17605/osf.io/cuqdz,,untouched,False,False,0
3187044185,10.17605/osf.io/et2qc,,untouched,False,False,0
2784651231,10.17605/osf.io/he5za,,untouched,False,False,0
3155584457,10.17605/osf.io/6sznj,,untouched,False,False,0
6943881177,10.17605/osf.io/4fn73,,untouched,False,False,0
6944171610,10.17605/osf.io/fy9p3,,untouched,False,False,0
6944119686,10.17605/osf.io/vt5gw,,untouched,False,False,0
6944011892,10.17605/osf.io/4mujp,,untouched,False,False,0
7105756064,10.17605/osf.io/kamwx,,untouched,False,False,0
6962785790,10.17605/osf.io/psgvb,,untouched,False,False,0
6963140004,10.17605/osf.io/npxcw,,untouched,False,False,0
2796230684,10.17605/osf.io/wd7zv,,untouched,False,False,0
2793938739,10.17605/osf.io/6n7mg,,untouched,False,False,0
2950641286,10.17605/osf.io/pcft5,,untouched,False,False,0
2924929377,10.17605/osf.io/sgb6u,,untouched,False,False,0
6925510895,10.17605/osf.io/bqc74,,untouched,False,False,0
6925122780,10.17605/osf.io/xd7b5,,untouched,False,False,0
6925508212,10.17605/osf.io/r4n2v,,untouched,False,False,0
6925129226,10.17605/osf.io/yebru,,untouched,False,False,0
6906669066,10.17605/osf.io/6eyfp,,untouched,False,False,0
3092825260,10.17605/osf.io/myxq5,,untouched,False,False,0
3004204966,10.17605/osf.io/ve9bg,,untouched,False,False,0
2889472692,10.17605/osf.io/8ymj6,,untouched,False,False,0
6925537222,10.17605/osf.io/hs4aw,,untouched,False,False,0
6925073568,10.17605/osf.io/yp7s3,,untouched,False,False,0
6944288129,10.17605/osf.io/7xbth,,untouched,False,False,0
6944076253,10.17605/osf.io/3dp9n,,untouched,False,False,0
6944226234,10.17605/osf.io/wnsah,,untouched,False,False,0
3094235933,10.17605/osf.io/acrwq,,untouched,False,False,0
6962472295,10.17605/osf.io/jb24n,,untouched,False,False,0
6906545475,10.17605/osf.io/zcvbs,,untouched,False,False,0
3086614173,10.17605/osf.io/836vm,,untouched,False,False,0
3005343444,10.17605/osf.io/6wrqu,,untouched,False,False,0
3005352984,10.17605/osf.io/tejfw,,untouched,False,False,0
3007975256,10.17605/osf.io/5j6up,,untouched,False,False,0
3097742665,10.17605/osf.io/ewq8g,,untouched,False,False,0
6887726643,10.17605/osf.io/rs2ha,,untouched,False,False,0
6906631581,10.17605/osf.io/kh8q3,,untouched,False,False,0
6943923754,10.17605/osf.io/vnda8,,untouched,False,False,0
3000934116,10.17605/osf.io/x6cq9,,untouched,False,False,0
3160721925,10.17605/osf.io/26fbh,,untouched,False,False,0
3128179019,10.17605/osf.io/gu58m,,untouched,False,False,0
6925298886,10.17605/osf.io/77gpt,,untouched,False,False,0
7105871688,10.17605/osf.io/xfua9,,untouched,False,False,0
3082101571,10.17605/osf.io/5r7a9,,untouched,False,False,0
3176922181,10.17605/osf.io/yxz9s,,untouched,False,False,0
3013391489,10.17605/osf.io/dh7f8,,untouched,False,False,0
6962994007,10.17605/osf.io/2cg3e,,untouched,False,False,0
6943550391,10.17605/osf.io/8z24h,,untouched,False,False,0
6944005551,10.17605/osf.io/bmchw,,untouched,False,False,0
6944081391,10.17605/osf.io/jy5ah,,untouched,False,False,0
6943960518,10.17605/osf.io/2bfvx,,untouched,False,False,0
6887770926,10.17605/osf.io/yaefh,,untouched,False,False,0
6906387823,10.17605/osf.io/ubgex,Open-Ended Registration,discard,False,True,228
3044557102,10.17605/osf.io/6v8e2,,untouched,False,False,0
6962870218,10.17605/osf.io/q2m7a,,untouched,False,False,0
3034123917,10.17605/osf.io/gma6z,,untouched,False,False,0
3107507838,10.17605/osf.io/2y6wj,,untouched,False,False,0
3049990617,10.17605/osf.io/bzkcw,,untouched,False,False,0
3041985607,10.17605/osf.io/4q5ce,,untouched,False,False,0
6924972935,10.17605/osf.io/fcwnr,,untouched,False,False,0
6924936913,10.17605/osf.io/7dsf9,,untouched,False,False,0
6887768138,10.17605/osf.io/5e7hv,,untouched,False,False,0
6887700525,10.17605/osf.io/85ctb,,untouched,False,False,0
6962591932,10.17605/osf.io/d3j2u,,untouched,False,False,0
6906322238,10.17605/osf.io/xvj3u,Open-Ended Registration,admit,False,True,236
6887677297,10.17605/osf.io/eqy76,,untouched,False,False,0
6887680949,10.17605/osf.io/pq27u,,untouched,False,False,0
6962753664,10.17605/osf.io/7x5ce,,untouched,False,False,0
3162640749,10.17605/osf.io/9uwns,,untouched,False,False,0
3181207261,10.17605/osf.io/q9myv,,untouched,False,False,0
6944051889,10.17605/osf.io/32gbk,,untouched,False,False,0
6943968210,10.17605/osf.io/gw5m2,,untouched,False,False,0
6943711420,10.17605/osf.io/e5wka,,untouched,False,False,0
6944166876,10.17605/osf.io/4nugz,,untouched,False,False,0
6962596902,10.17605/osf.io/3nxpg,,untouched,False,False,0
6906445246,10.17605/osf.io/t7vf8,,untouched,False,False,0
6906646466,10.17605/osf.io/fbz4s,,untouched,False,False,0
3085815801,10.17605/osf.io/786jg,,untouched,False,False,0
3137183937,10.17605/osf.io/rgyv5,,untouched,False,False,0
3130380968,10.17605/osf.io/hyp8k,,untouched,False,False,0
3208442933,10.17605/osf.io/gs2rx,,untouched,False,False,0
3164834866,10.17605/osf.io/qxf5c,,untouched,False,False,0
6906175031,10.17605/osf.io/ky7t4,,untouched,False,False,0
6887713341,10.17605/osf.io/vd6uk,,untouched,False,False,0
6906508855,10.17605/osf.io/t5kzc,Open-Ended Registration,admit,False,True,142
6925272642,10.17605/osf.io/9mz6s,,untouched,False,False,0
6925271275,10.17605/osf.io/ub4zt,,untouched,False,False,0
6962766647,10.17605/osf.io/xen75,,untouched,False,False,0
6943931167,10.17605/osf.io/wz4vt,,untouched,False,False,0
6925315732,10.17605/osf.io/5f2pe,Open-Ended Registration,admit,False,True,260
6906399093,10.17605/osf.io/5hbn6,,untouched,False,False,0
6962793354,10.17605/osf.io/6d9e7,,untouched,False,False,0
6944240676,10.17605/osf.io/k7pf2,,untouched,False,False,0
6944133914,10.17605/osf.io/n426j,,untouched,False,False,0
6943851640,10.17605/osf.io/cf4u5,,untouched,False,False,0
6943836474,10.17605/osf.io/vpukz,,untouched,False,False,0
6943780057,10.17605/osf.io/zj7k3,,untouched,False,False,0
6944192617,10.17605/osf.io/anv9r,,untouched,False,False,0
6943658159,10.17605/osf.io/jb6me,Open-Ended Registration,discard,False,True,144
6943828766,10.17605/osf.io/z78ma,Open-Ended Registration,admit,False,True,524
6943950139,10.17605/osf.io/7j54s,,untouched,False,False,0
6944123088,10.17605/osf.io/xcy9f,,untouched,False,False,0
6944245567,10.17605/osf.io/vmcsg,,untouched,False,False,0
6943877300,10.17605/osf.io/z85k3,,untouched,False,False,0
6943749710,10.17605/osf.io/yntq7,,untouched,False,False,0
6944142594,10.17605/osf.io/zrg3w,Open-Ended Registration,admit,False,True,259
6943595167,10.17605/osf.io/4cpk3,Open-Ended Registration,admit,False,True,203
6944533828,10.17605/osf.io/d2b48,Open-Ended Registration,admit,False,True,203
6962783544,10.17605/osf.io/mk3vp,,untouched,False,False,0
3186049345,10.17605/osf.io/7m3q2,,untouched,False,False,0
3174672244,10.17605/osf.io/qhvcp,,untouched,False,False,0
3211736253,10.17605/osf.io/ehsg4,,untouched,False,False,0
3202820027,10.17605/osf.io/u2h57,,untouched,False,False,0
3210605046,10.17605/osf.io/7yfkc,,untouched,False,False,0
3128613326,10.17605/osf.io/4jg6e,,untouched,False,False,0
3194179713,10.17605/osf.io/h8rkb,,untouched,False,False,0
6906275402,10.17605/osf.io/be46p,,untouched,False,False,0
6887692673,10.17605/osf.io/9hwvy,,untouched,False,False,0
6906405448,10.17605/osf.io/za5qn,,untouched,False,False,0
6906520132,10.17605/osf.io/7edbn,,untouched,False,False,0
6887767447,10.17605/osf.io/h5k2r,,untouched,False,False,0
6906571356,10.17605/osf.io/7fqtm,,untouched,False,False,0
6906425612,10.17605/osf.io/py85t,,untouched,False,False,0
3134537198,10.17605/osf.io/z86t7,,untouched,False,False,0
3156271545,10.17605/osf.io/hrqnu,,untouched,False,False,0
2925493425,10.17605/osf.io/7wq9c,Open-Ended Registration,admit,False,True,142
6925110340,10.17605/osf.io/aq5jz,,untouched,False,False,0
6925101997,10.17605/osf.io/8ae5w,,untouched,False,False,0
6925177050,10.17605/osf.io/3wzjp,,untouched,False,False,0
3180472717,10.17605/osf.io/qnpm7,,untouched,False,False,0
3208748835,10.17605/osf.io/ru4y8,,untouched,False,False,0
3013516580,10.17605/osf.io/3df5s,,untouched,False,False,0
7106036446,10.17605/osf.io/qftkj,Open-Ended Registration,admit,False,True,648
6962704048,10.17605/osf.io/eucrd,,untouched,False,False,0
6962706488,10.17605/osf.io/aehjc,,untouched,False,False,0
6962802267,10.17605/osf.io/2qxt5,,untouched,False,False,0
6962841708,10.17605/osf.io/du5qe,,untouched,False,False,0
6962539249,10.17605/osf.io/63qyn,,untouched,False,False,0
3207689578,10.17605/osf.io/j8cbh,,untouched,False,False,0
2972385172,10.17605/osf.io/kpr7u,,untouched,False,False,0
6887796794,10.17605/osf.io/jzkv6,,untouched,False,False,0
6906278450,10.17605/osf.io/bdu28,,untouched,False,False,0
6906604385,10.17605/osf.io/vsbma,,untouched,False,False,0
6887755404,10.17605/osf.io/qsbya,,untouched,False,False,0
6887733950,10.17605/osf.io/j7tps,Open-Ended Registration,admit,False,True,142
6925168123,10.17605/osf.io/h4p8t,,untouched,False,False,0
6925393904,10.17605/osf.io/48uxk,Open-Ended Registration,admit,False,True,84
6925433514,10.17605/osf.io/tjq9w,,untouched,False,False,0
6925475787,10.17605/osf.io/w9nsf,Open-Ended Registration,admit,False,True,246
6925384126,10.17605/osf.io/yqhsk,Open-Ended Registration,admit,False,True,203
6925235944,10.17605/osf.io/c2xur,Open-Ended Registration,admit,False,True,676
6924995457,10.17605/osf.io/6zvht,Open-Ended Registration,admit,False,True,203
6925133394,10.17605/osf.io/eqc9y,Open-Ended Registration,admit,False,True,203
6887825781,10.17605/osf.io/v4m3c,,untouched,False,False,0
6906515329,10.17605/osf.io/5qgxz,Open-Ended Registration,admit,False,True,96
6906575456,10.17605/osf.io/6pbhr,Open-Ended Registration,admit,False,True,145
6906487173,10.17605/osf.io/f9g7s,,untouched,False,False,0
6906309983,10.17605/osf.io/rq967,,untouched,False,False,0
6906502463,10.17605/osf.io/fnmk4,,untouched,False,False,0
6906369889,10.17605/osf.io/64sfz,Open-Ended Registration,admit,False,True,204
6887703611,10.17605/osf.io/dc94y,Open-Ended Registration,admit,False,True,532
3186316394,10.17605/osf.io/djyfg,,untouched,False,False,0
2953083584,10.17605/osf.io/uxy4g,Open-Ended Registration,admit,False,True,142
3201683314,10.17605/osf.io/fxpwb,,untouched,False,False,0
3094081590,10.17605/osf.io/8gjqx,Open-Ended Registration,admit,False,True,440
6943728188,10.17605/osf.io/jky24,Open-Ended Registration,admit,False,True,238
6944066973,10.17605/osf.io/t89zn,,untouched,False,False,0
6944284689,10.17605/osf.io/pb9w7,,untouched,False,False,0
6943811006,10.17605/osf.io/4xsvq,Open-Ended Registration,discard,False,True,50
6944076338,10.17605/osf.io/kzfqh,,untouched,False,False,0
6943896053,10.17605/osf.io/qyh9a,Open-Ended Registration,admit,False,True,169
6943402645,10.17605/osf.io/g4dcq,,untouched,False,False,0
6944012143,10.17605/osf.io/nyb7w,Open-Ended Registration,admit,False,True,145
6944173396,10.17605/osf.io/ycf2s,,untouched,False,False,0
6943701660,10.17605/osf.io/23nxg,Open-Ended Registration,discard,False,True,106
6887635125,10.17605/osf.io/3t82m,,untouched,False,False,0
6906363411,10.17605/osf.io/8qwy3,,untouched,False,False,0
7106171945,10.17605/osf.io/7xjpr,,untouched,False,False,0
6962565884,10.17605/osf.io/2sc7g,,untouched,False,False,0
6962355168,10.17605/osf.io/23htk,Open-Ended Registration,admit,False,True,169
6962276553,10.17605/osf.io/f8nzw,,untouched,False,False,0
6962357471,10.17605/osf.io/b53js,,untouched,False,False,0
6962653538,10.17605/osf.io/hs248,Open-Ended Registration,admit,False,True,169
6962776164,10.17605/osf.io/vdu4b,,untouched,False,False,0
6963112413,10.17605/osf.io/w86cr,Open-Ended Registration,admit,False,True,203
6962133811,10.17605/osf.io/3c782,Open-Ended Registration,admit,False,True,1142
6962842180,10.17605/osf.io/atk9v,Open-Ended Registration,admit,False,True,169
6962810491,10.17605/osf.io/75vru,,untouched,False,False,0
6962573819,10.17605/osf.io/ea4r9,Open-Ended Registration,admit,False,True,169
6962983623,10.17605/osf.io/u724v,,untouched,False,False,0
6906420637,10.17605/osf.io/a8stv,Open-Ended Registration,admit,False,True,169
6906525085,10.17605/osf.io/vz46f,,untouched,False,False,0
6906494952,10.17605/osf.io/qrzyt,Open-Ended Registration,admit,False,True,81
6906272154,10.17605/osf.io/5frwn,Open-Ended Registration,admit,False,True,169
6887672929,10.17605/osf.io/7vghp,Open-Ended Registration,admit,False,True,459
6887726234,10.17605/osf.io/naxk4,Open-Ended Registration,discard,False,True,163
6887769764,10.17605/osf.io/zwrxc,Open-Ended Registration,admit,False,True,333
6906582131,10.17605/osf.io/m3s2f,,untouched,False,False,0
6906423393,10.17605/osf.io/rdnyu,,untouched,False,False,0
6906515910,10.17605/osf.io/zyksq,,untouched,False,False,0
6887682528,10.17605/osf.io/gu942,Open-Ended Registration,admit,False,True,203
6962548902,10.17605/osf.io/jg94e,Open-Ended Registration,admit,False,True,169
6962831173,10.17605/osf.io/zxu5n,Open-Ended Registration,admit,False,True,110
6906709292,10.17605/osf.io/mhr6z,,untouched,False,False,0
6906730055,10.17605/osf.io/zwjp5,Open-Ended Registration,admit,False,True,394
6906650921,10.17605/osf.io/349sr,Open-Ended Registration,admit,False,True,288
6906803812,10.17605/osf.io/gw9e2,Open-Ended Registration,admit,False,True,94
6906392859,10.17605/osf.io/mvqcw,,untouched,False,False,0
6887739105,10.17605/osf.io/znh85,,untouched,False,False,0
6906296944,10.17605/osf.io/83w2x,Open-Ended Registration,admit,False,True,208
6906317931,10.17605/osf.io/hy2pc,Open-Ended Registration,admit,False,True,288
6887689340,10.17605/osf.io/8qzrj,Open-Ended Registration,admit,False,True,50
3115825755,10.17605/osf.io/3fzup,,untouched,False,False,0
2967680157,10.17605/osf.io/nyw3v,Open-Ended Registration,admit,False,True,9516
2964719517,10.17605/osf.io/jrvqd,Open-Ended Registration,admit,False,True,287
3080930347,10.17605/osf.io/upvgy,Open-Ended Registration,admit,False,True,858
3095908967,10.17605/osf.io/8zwtp,Open-Ended Registration,admit,False,True,541
3149871776,10.17605/osf.io/5gnkd,Open-Ended Registration,admit,False,True,50
6944027132,10.17605/osf.io/hctz9,Open-Ended Registration,admit,False,True,539
2886347112,10.17605/osf.io/6yb3n,Open-Ended Registration,admit,False,True,1102
2778368989,10.17605/osf.io/mkxf7,Open-Ended Registration,admit,False,True,333
2785251368,10.17605/osf.io/3rez2,Open-Ended Registration,admit,False,True,283
2787370242,10.17605/osf.io/9x4rk,Open-Ended Registration,discard,False,True,742
2784175964,10.17605/osf.io/epb6s,Open-Ended Registration,admit,False,True,705
2782088951,10.17605/osf.io/dp93n,Open-Ended Registration,admit,False,True,490
2794989911,10.17605/osf.io/uk7a4,Open-Ended Registration,admit,False,True,96
2777707815,10.17605/osf.io/6x2ke,Open-Ended Registration,admit,False,True,107
2807620734,10.17605/osf.io/g4fvn,Open-Ended Registration,admit,False,True,109
6962795958,10.17605/osf.io/4hkqb,,untouched,False,False,0
6962944608,10.17605/osf.io/x3gdq,,untouched,False,False,0
6962558372,10.17605/osf.io/g4fbr,Open-Ended Registration,discard,False,True,153
6962900713,10.17605/osf.io/5vqf4,,untouched,False,False,0
6962845077,10.17605/osf.io/g9emw,,untouched,False,False,0
6962415987,10.17605/osf.io/fzchj,Open-Ended Registration,admit,False,True,203
6962749465,10.17605/osf.io/tv4tz,Open-Ended Registration,admit,False,True,292
6963159371,10.17605/osf.io/uf6qh,,untouched,False,False,0
6944000392,10.17605/osf.io/3t9qk,,untouched,False,False,0
6943720668,10.17605/osf.io/a69eu,Open-Ended Registration,admit,False,True,142
6943880140,10.17605/osf.io/s29re,"Replication Recipe (Brandt et al., 2013): Pre-Registration",discard,False,True,9818
6943924607,10.17605/osf.io/b9j6z,Open-Ended Registration,admit,False,True,126
6944334218,10.17605/osf.io/rwv5s,Open-Ended Registration,admit,False,True,119
6943852660,10.17605/osf.io/tmb3w,Open-Ended Registration,admit,False,True,50
6943946267,10.17605/osf.io/w2y96,Open-Ended Registration,admit,False,True,343
6943719394,10.17605/osf.io/3syeb,Open-Ended Registration,admit,False,True,50
6944025860,10.17605/osf.io/czpyv,Open-Ended Registration,discard,False,True,788
6944004602,10.17605/osf.io/3g9s8,,untouched,False,False,0
6943844493,10.17605/osf.io/ed3y2,Open-Ended Registration,admit,False,True,50
6944203851,10.17605/osf.io/b9pkj,Open-Ended Registration,admit,False,True,119
6943854942,10.17605/osf.io/pppjg,Open-Ended Registration,admit,False,True,451
6944082684,10.17605/osf.io/zya9n,Open-Ended Registration,admit,False,True,155
6943992230,10.17605/osf.io/r6idy,Open-Ended Registration,admit,False,True,167
6943879774,10.17605/osf.io/whzmu,,untouched,False,False,0
6943987031,10.17605/osf.io/g3wx8,,untouched,False,False,0
6943914458,10.17605/osf.io/37tgm,,untouched,False,False,0
6943640223,10.17605/osf.io/gnc5r,,untouched,False,False,0
6943703225,10.17605/osf.io/jdcbw,,untouched,False,False,0
6944012191,10.17605/osf.io/vmbyx,Open-Ended Registration,admit,False,True,191
6944071000,10.17605/osf.io/y4nvd,,untouched,False,False,0
6943990131,10.17605/osf.io/xt84h,Preregistration Template from AsPredicted.org,discard,False,True,3068
6943993594,10.17605/osf.io/8vrmd,,untouched,False,False,0
6944186397,10.17605/osf.io/9fvtq,,untouched,False,False,0
6943792769,10.17605/osf.io/7m8n5,Open-Ended Registration,admit,False,True,96
6962776643,10.17605/osf.io/xkmbs,Open-Ended Registration,discard,False,True,2584
6962594770,10.17605/osf.io/u6kqm,Open-Ended Registration,admit,False,True,183
6962979560,10.17605/osf.io/vc63d,,untouched,False,False,0
6887717592,10.17605/osf.io/svbku,Open-Ended Registration,admit,False,True,145
6887719539,10.17605/osf.io/t4equ,Open-Ended Registration,admit,False,True,162
6906393330,10.17605/osf.io/3dsmv,,untouched,False,False,0
6906324800,10.17605/osf.io/874da,Open-Ended Registration,discard,False,True,392
6906479082,10.17605/osf.io/q9uvg,,untouched,False,False,0
6906567228,10.17605/osf.io/ux42g,"Replication Recipe (Brandt et al., 2013): Pre-Registration",discard,False,True,5455
6906289997,10.17605/osf.io/3ypxu,,untouched,False,False,0
6906489771,10.17605/osf.io/8b7mr,,untouched,False,False,0
6906327399,10.17605/osf.io/fs7nb,Open-Ended Registration,admit,False,True,288
6887750649,10.17605/osf.io/3vd59,,untouched,False,False,0
6906435858,10.17605/osf.io/adxsr,Open-Ended Registration,admit,False,True,221
6887798432,10.17605/osf.io/ukwvp,Open-Ended Registration,discard,False,True,110
6906517443,10.17605/osf.io/dk8ex,Open-Ended Registration,admit,False,True,2759
6887832906,10.17605/osf.io/ynqt5,,untouched,False,False,0
6906457109,10.17605/osf.io/94vnx,,untouched,False,False,0
6906342996,10.17605/osf.io/h6ums,,untouched,False,False,0
6887690525,10.17605/osf.io/cje9b,,untouched,False,False,0
6887692651,10.17605/osf.io/n34rx,Open-Ended Registration,admit,False,True,191
6906512638,10.17605/osf.io/4hjck,,untouched,True,False,0
6887764231,10.17605/osf.io/ca8t3,Open-Ended Registration,admit,False,True,96
6887741696,10.17605/osf.io/qcevp,,untouched,False,False,0
6906643286,10.17605/osf.io/xsvz3,,untouched,False,False,0
6887768785,10.17605/osf.io/jqzet,,untouched,False,False,0
6906292963,10.17605/osf.io/3deya,,untouched,False,False,0
6906361276,10.17605/osf.io/37s7t,Open-Ended Registration,admit,False,True,123
6887725179,10.17605/osf.io/htjxf,Open-Ended Registration,admit,False,True,50
6906510069,10.17605/osf.io/8b5wy,Open-Ended Registration,admit,False,True,96
6906432580,10.17605/osf.io/q8a9r,Open-Ended Registration,discard,False,True,78
6906518709,10.17605/osf.io/r5zv7,Open-Ended Registration,admit,False,True,1547
6887810586,10.17605/osf.io/wncsm,,untouched,False,False,0
6906511610,10.17605/osf.io/pmk69,,untouched,False,False,0
2911300648,10.17605/osf.io/7fnu8,Open-Ended Registration,admit,False,True,135
2797523574,10.17605/osf.io/kybjf,Open-Ended Registration,admit,False,True,307
2801811260,10.17605/osf.io/3q7yg,Open-Ended Registration,admit,False,True,97
2777646822,10.17605/osf.io/k4ek5,Open-Ended Registration,admit,False,True,130
2783991254,10.17605/osf.io/7rqam,Open-Ended Registration,admit,False,True,333
2790404012,10.17605/osf.io/s6ptk,Open-Ended Registration,admit,False,True,96
2808758910,10.17605/osf.io/8bn7f,Open-Ended Registration,discard,False,True,50
2779426150,10.17605/osf.io/jxad3,Open-Ended Registration,admit,False,True,219
2781666686,10.17605/osf.io/2vunx,Open-Ended Registration,admit,False,True,109
7106262772,10.17605/osf.io/f2vw9,,untouched,False,False,0
6962748383,10.17605/osf.io/wp9hu,Open-Ended Registration,admit,False,True,81
6962975206,10.17605/osf.io/snkm8,Open-Ended Registration,admit,False,True,325
6962119916,10.17605/osf.io/hv6uz,Open-Ended Registration,discard,False,True,327
6962545633,10.17605/osf.io/6d9nt,Open-Ended Registration,admit,False,True,96
6962368031,10.17605/osf.io/ejcaz,,untouched,False,False,0
6962680557,10.17605/osf.io/hn2pr,Open-Ended Registration,admit,False,True,138
6962806615,10.17605/osf.io/53tem,Open-Ended Registration,admit,False,True,777
6962505682,10.17605/osf.io/djfc2,,untouched,False,False,0
6963062034,10.17605/osf.io/j6zyn,Open-Ended Registration,admit,False,True,96
6962720998,10.17605/osf.io/726jc,Open-Ended Registration,admit,False,True,14511
2776306336,10.17605/osf.io/dwxba,Open-Ended Registration,admit,False,True,230
2779045173,10.17605/osf.io/zyjzc,Open-Ended Registration,admit,False,True,237
3090385650,10.17605/osf.io/u97w6,Open-Ended Registration,admit,False,True,2251
3132395810,10.17605/osf.io/59mkj,,untouched,False,False,0
6925102671,10.17605/osf.io/6z32c,Open-Ended Registration,admit,False,True,203
6925030765,10.17605/osf.io/839ax,Open-Ended Registration,admit,False,True,208
6925323175,10.17605/osf.io/ae4wx,Open-Ended Registration,discard,False,True,829
6906566820,10.17605/osf.io/w5cxm,,untouched,False,False,0
6906568147,10.17605/osf.io/hzf7b,,untouched,False,False,0
6906541477,10.17605/osf.io/64qfd,Open-Ended Registration,admit,False,True,186
6906568448,10.17605/osf.io/g49af,Open-Ended Registration,discard,False,True,1168
6906401671,10.17605/osf.io/k78eb,,untouched,False,False,0
6887741537,10.17605/osf.io/ksjpu,,untouched,False,False,0
6906338331,10.17605/osf.io/7y3my,Open-Ended Registration,admit,False,True,50
6906614908,10.17605/osf.io/pz4h2,,untouched,False,False,0
6887714528,10.17605/osf.io/fzbkn,,untouched,False,False,0
6887694197,10.17605/osf.io/jydfq,,untouched,False,False,0
6887639022,10.17605/osf.io/8bm9r,,untouched,False,False,0
6906558106,10.17605/osf.io/tfkzs,Open-Ended Registration,discard,False,True,317
6906412524,10.17605/osf.io/n4jkh,,untouched,False,False,0
6887682248,10.17605/osf.io/6k5jx,Open-Ended Registration,discard,False,True,201
6906389057,10.17605/osf.io/5bms8,Open-Ended Registration,admit,False,True,288
6887736542,10.17605/osf.io/jfas2,,untouched,False,False,0
6906399753,10.17605/osf.io/f2bw3,Open-Ended Registration,admit,False,True,104
6887700136,10.17605/osf.io/r6psq,,untouched,False,False,0
6906493659,10.17605/osf.io/aksmj,,untouched,False,False,0
6887611614,10.17605/osf.io/62u5g,,untouched,False,False,0
6887816000,10.17605/osf.io/yf238,Open-Ended Registration,admit,False,True,96
6887777498,10.17605/osf.io/hgxt3,,untouched,False,False,0
6887731682,10.17605/osf.io/dvg9n,,untouched,False,False,0
6906554957,10.17605/osf.io/mx5u6,,untouched,False,False,0
6906241149,10.17605/osf.io/jc8rb,Open-Ended Registration,admit,False,True,96
6887724713,10.17605/osf.io/7y8hu,Open-Ended Registration,admit,False,True,50
6906540617,10.17605/osf.io/y3gzv,,untouched,False,False,0
6906471867,10.17605/osf.io/7ngjf,Open-Ended Registration,admit,False,True,123
6887605308,10.17605/osf.io/devqn,Open-Ended Registration,admit,False,True,85
6887671561,10.17605/osf.io/7n9ts,Open-Ended Registration,admit,False,True,129
6887685795,10.17605/osf.io/6d2u9,Open-Ended Registration,admit,False,True,50
6906336245,10.17605/osf.io/j6fmr,Open-Ended Registration,admit,False,True,8900
6887721502,10.17605/osf.io/f4rb6,Open-Ended Registration,admit,False,True,169
3159612664,10.17605/osf.io/crba4,Open-Ended Registration,admit,False,True,254
6924990070,10.17605/osf.io/sgm5j,,untouched,False,False,0
6925186448,10.17605/osf.io/b8fge,Open-Ended Registration,admit,False,True,189
6925108725,10.17605/osf.io/z8vd9,Open-Ended Registration,admit,False,True,257
6925330977,10.17605/osf.io/umj4h,,untouched,False,False,0
6925360010,10.17605/osf.io/fhuya,Open-Ended Registration,admit,False,True,146
6925490284,10.17605/osf.io/z7p8k,,untouched,False,False,0
6924832148,10.17605/osf.io/47ycp,Open-Ended Registration,admit,False,True,468
6925147404,10.17605/osf.io/s9fxy,,untouched,False,False,0
6925041325,10.17605/osf.io/bc7qm,,untouched,False,False,0
6924946811,10.17605/osf.io/r4szu,,untouched,False,False,0
6925086450,10.17605/osf.io/pm264,,untouched,False,False,0
6925031470,10.17605/osf.io/jdtn3,,untouched,False,False,0
6924991369,10.17605/osf.io/w3bqv,,untouched,False,False,0
6925110193,10.17605/osf.io/v2w5h,,untouched,False,False,0
6925202375,10.17605/osf.io/ja4gw,Open-Ended Registration,admit,False,True,2992
6925521240,10.17605/osf.io/qez7u,Open-Ended Registration,admit,False,True,205
6924979575,10.17605/osf.io/wqjav,Open-Ended Registration,admit,False,True,307
6925206021,10.17605/osf.io/peuch,Open-Ended Registration,admit,False,True,423
6925458462,10.17605/osf.io/v2np3,Open-Ended Registration,admit,False,True,50
6925183196,10.17605/osf.io/kb4p5,,untouched,False,False,0
6925264481,10.17605/osf.io/k8va2,OSF-Standard Pre-Data Collection Registration,discard,False,True,84
6925369882,10.17605/osf.io/n32ge,,untouched,False,False,0
6925190954,10.17605/osf.io/vc2tr,Open-Ended Registration,admit,False,True,191
6924806306,10.17605/osf.io/ajhzt,Open-Ended Registration,admit,False,True,4839
6925311838,10.17605/osf.io/2z6gt,Preregistration Template from AsPredicted.org,discard,False,True,1691
6925476027,10.17605/osf.io/uxcpj,Open-Ended Registration,admit,False,True,2338
6925115394,10.17605/osf.io/w8z39,Open-Ended Registration,admit,False,True,269
6925300103,10.17605/osf.io/q37u8,Open-Ended Registration,admit,False,True,103
6925284971,10.17605/osf.io/ftzw2,Open-Ended Registration,admit,False,True,344
6924774052,10.17605/osf.io/78q9z,Open-Ended Registration,admit,False,True,10615
6925356556,10.17605/osf.io/sj589,Open-Ended Registration,admit,False,True,325
6924955251,10.17605/osf.io/zxqfu,Open-Ended Registration,admit,False,True,288
6925581779,10.17605/osf.io/w7vph,,untouched,False,False,0
2978133250,10.17605/osf.io/xc5ym,Open-Ended Registration,admit,False,True,304
6962833019,10.17605/osf.io/cdfah,,untouched,False,False,0
6962868211,10.17605/osf.io/pu25h,Preregistration Template from AsPredicted.org,discard,False,True,7264
6963016653,10.17605/osf.io/wvfaj,Open-Ended Registration,admit,False,True,2530
6962652679,10.17605/osf.io/zrm7d,OSF-Standard Pre-Data Collection Registration,discard,False,True,135
6962793033,10.17605/osf.io/s8gjc,Open-Ended Registration,admit,False,True,50
6962697220,10.17605/osf.io/gm38h,Open-Ended Registration,admit,False,True,97
6962928548,10.17605/osf.io/qdn2m,Open-Ended Registration,admit,False,True,169
6962316653,10.17605/osf.io/njp3k,Open-Ended Registration,admit,False,True,9440
6962784399,10.17605/osf.io/65bqr,,untouched,False,False,0
6962885233,10.17605/osf.io/dfj2n,Open-Ended Registration,admit,False,True,79
6962730584,10.17605/osf.io/rv9mw,,untouched,False,False,0
6925235645,10.17605/osf.io/5a8p9,Open-Ended Registration,admit,False,True,50
6925139086,10.17605/osf.io/pbtv8,,untouched,False,False,0
6925347425,10.17605/osf.io/vh86a,Open-Ended Registration,admit,False,True,8709
6962665713,10.17605/osf.io/tzg64,Open-Ended Registration,discard,False,True,82
6962281425,10.17605/osf.io/34n6c,Open-Ended Registration,admit,False,True,6298
6906244642,10.17605/osf.io/db2a3,,untouched,False,False,0
6887647359,10.17605/osf.io/324mn,Registered Report Protocol Preregistration,discard,False,True,653
6887814987,10.17605/osf.io/y7bnj,,untouched,False,False,0
6887682862,10.17605/osf.io/x29k7,,untouched,False,False,0
6887760779,10.17605/osf.io/bj82z,,untouched,False,False,0
6906469480,10.17605/osf.io/vap95,,untouched,False,False,0
7106521313,10.17605/osf.io/7hksd,,untouched,False,False,0
6943817317,10.17605/osf.io/ksc6n,Open-Ended Registration,admit,False,True,50
6943777374,10.17605/osf.io/dbu3j,Open-Ended Registration,admit,False,True,136
6944059032,10.17605/osf.io/vcwbm,Open-Ended Registration,discard,False,True,137
6944048104,10.17605/osf.io/rv895,Open-Ended Registration,discard,False,True,220
6944442204,10.17605/osf.io/8h3fc,Open-Ended Registration,admit,False,True,191
6962885869,10.17605/osf.io/ucrxf,,untouched,False,False,0
6925282428,10.17605/osf.io/zw4kp,,untouched,False,False,0
6924937876,10.17605/osf.io/4zvnh,Open-Ended Registration,admit,False,True,821
6925146326,10.17605/osf.io/gxuvh,,untouched,False,False,0
6925099099,10.17605/osf.io/jqmn2,Open-Ended Registration,discard,False,True,50
6925537243,10.17605/osf.io/y7knp,OSF-Standard Pre-Data Collection Registration,discard,False,True,506
6925301846,10.17605/osf.io/d5qr4,Open-Ended Registration,admit,False,True,104
6925505563,10.17605/osf.io/mns7j,,untouched,False,False,0
6925172264,10.17605/osf.io/fphzm,Open-Ended Registration,admit,False,True,22625
6925210430,10.17605/osf.io/gbx4w,Open-Ended Registration,discard,False,True,4428
6925028118,10.17605/osf.io/4hgcv,,untouched,False,False,0
3036143739,10.17605/osf.io/gq9dx,,untouched,False,False,0
3214283775,10.17605/osf.io/exqpn,Open-Ended Registration,admit,False,True,1912
3048855757,10.17605/osf.io/aynep,,untouched,False,False,0
6962351330,10.17605/osf.io/zx5jf,Open-Ended Registration,admit,False,True,510
6963130981,10.17605/osf.io/d544v,Open-Ended Registration,discard,False,True,121
6962892741,10.17605/osf.io/nv5ur,Open-Ended Registration,admit,False,True,288
3156293440,10.17605/osf.io/uq342,,untouched,False,False,0
6906712073,10.17605/osf.io/k6b9u,Open-Ended Registration,admit,False,True,623
6906831330,10.17605/osf.io/ptqwm,,untouched,False,False,0
2806801547,10.17605/osf.io/7er6r,,untouched,False,False,0
2781769869,10.17605/osf.io/h9dpv,Open-Ended Registration,admit,False,True,120
6943742268,10.17605/osf.io/pjr9c,OSF-Standard Pre-Data Collection Registration,discard,False,True,322
6943533123,10.17605/osf.io/vfbyx,,untouched,False,False,0
6944134716,10.17605/osf.io/zmkcq,,untouched,False,False,0
2776070445,10.17605/osf.io/wdjm7,Open-Ended Registration,admit,False,True,1804
2788081464,10.17605/osf.io/u2wbb,Open-Ended Registration,discard,False,True,108
2809563476,10.17605/osf.io/zc937,Open-Ended Registration,admit,False,True,643
2809599312,10.17605/osf.io/7mu2g,Open-Ended Registration,admit,False,True,196
2779975492,10.17605/osf.io/gxufq,,untouched,False,False,0
2781075061,10.17605/osf.io/ggw7c,,untouched,False,False,0
2785606908,10.17605/osf.io/km67g,,untouched,False,False,0
6944060076,10.17605/osf.io/t7jjk,,untouched,False,False,0
6943976975,10.17605/osf.io/bdcrh,Open-Ended Registration,admit,False,True,3234
6943692422,10.17605/osf.io/5sqya,Open-Ended Registration,discard,False,True,93
6962935098,10.17605/osf.io/t4nc7,,untouched,False,False,0
3096825223,10.17605/osf.io/mwaz2,,untouched,False,False,0
6887628311,10.17605/osf.io/6m8yu,Open-Ended Registration,discard,False,True,78
6906450385,10.17605/osf.io/af5dr,,untouched,False,False,0
6906647855,10.17605/osf.io/qktfv,,untouched,False,False,0
6906298057,10.17605/osf.io/w5hjm,,untouched,False,False,0
6962413855,10.17605/osf.io/bwm9g,Open-Ended Registration,admit,False,True,179
6962980793,10.17605/osf.io/r4aku,Open-Ended Registration,admit,False,True,203
6887799346,10.17605/osf.io/sf5yx,Open-Ended Registration,discard,False,True,152
6887644875,10.17605/osf.io/3hjyf,Open-Ended Registration,admit,False,True,129
6906383150,10.17605/osf.io/9esva,Open-Ended Registration,admit,False,True,370
6906533223,10.17605/osf.io/6m9sy,Open-Ended Registration,admit,False,True,147
6906460092,10.17605/osf.io/am32k,Open-Ended Registration,admit,False,True,50
6887689510,10.17605/osf.io/cns8j,,untouched,False,False,0
2799697793,10.17605/osf.io/uvw7z,Open-Ended Registration,admit,False,True,96
6962610973,10.17605/osf.io/er3bk,,untouched,False,False,0
6906394014,10.17605/osf.io/hzdfk,Open-Ended Registration,admit,False,True,159
6906313109,10.17605/osf.io/9mdqc,Open-Ended Registration,admit,False,True,343
6887622336,10.17605/osf.io/kjpe9,Open-Ended Registration,discard,False,True,223
7106730880,10.17605/osf.io/qt7ds,,untouched,False,False,0
7106706669,10.17605/osf.io/t2mzw,,untouched,False,False,0
6925093484,10.17605/osf.io/m3wb2,Open-Ended Registration,discard,False,True,50
6925305278,10.17605/osf.io/4fhqz,,untouched,False,False,0
6906781193,10.17605/osf.io/fyzwd,Open-Ended Registration,admit,False,True,236
6906716638,10.17605/osf.io/me58c,,untouched,False,False,0
2898090472,10.17605/osf.io/5x9vn,Prereg Challenge,discard,False,True,7122
6924962705,10.17605/osf.io/apq84,,untouched,False,False,0
6925108450,10.17605/osf.io/j96vb,Open-Ended Registration,admit,False,True,224
6925169828,10.17605/osf.io/ht48z,,untouched,False,False,0
6925434685,10.17605/osf.io/y2pcd,,untouched,False,False,0
6925128036,10.17605/osf.io/zctpw,"Replication Recipe (Brandt et al., 2013): Pre-Registration",discard,False,True,7443
6925075526,10.17605/osf.io/fbv6w,,untouched,False,False,0
6962541488,10.17605/osf.io/p3scn,,untouched,False,False,0
6962688181,10.17605/osf.io/u95db,,untouched,False,False,0
6963103887,10.17605/osf.io/z9763,Open-Ended Registration,admit,False,True,225
6962728861,10.17605/osf.io/djz9c,Open-Ended Registration,admit,False,True,1022
6963008242,10.17605/osf.io/96aw7,Open-Ended Registration,admit,False,True,609
6962784398,10.17605/osf.io/y6cnk,,untouched,False,False,0
6962843927,10.17605/osf.io/neu4j,,untouched,False,False,0
6887773554,10.17605/osf.io/nujt8,Open-Ended Registration,admit,False,True,4764
6887758135,10.17605/osf.io/w2d4n,Open-Ended Registration,admit,False,True,146
6906314777,10.17605/osf.io/rbgvk,,untouched,False,False,0
6906294366,10.17605/osf.io/6wt3c,Open-Ended Registration,discard,False,True,492
6887684039,10.17605/osf.io/8hr4t,Open-Ended Registration,admit,False,True,331
6887647147,10.17605/osf.io/fmuv2,,untouched,False,False,0
6887723525,10.17605/osf.io/zrjy4,,untouched,False,False,0
6906479597,10.17605/osf.io/up8mb,,untouched,False,False,0
6887637153,10.17605/osf.io/56u9q,,untouched,False,False,0
6906493516,10.17605/osf.io/vcf36,,untouched,False,False,0
6944042639,10.17605/osf.io/jgrz3,,untouched,False,False,0
6943675065,10.17605/osf.io/9hfk6,Open-Ended Registration,discard,False,True,97
6943673854,10.17605/osf.io/x3rm5,Preregistration Template from AsPredicted.org,discard,False,True,8944
6943862506,10.17605/osf.io/4tdqz,Open-Ended Registration,discard,False,True,274
6943791976,10.17605/osf.io/udg9a,,untouched,False,False,0
6944081834,10.17605/osf.io/ba6et,,untouched,False,False,0
6943987925,10.17605/osf.io/kbnjw,Open-Ended Registration,admit,False,True,169
6943982891,10.17605/osf.io/ahq3g,Open-Ended Registration,discard,False,True,571
6944237383,10.17605/osf.io/wtpsr,Open-Ended Registration,admit,False,True,169
6943755775,10.17605/osf.io/dmztx,Preregistration Template from AsPredicted.org,discard,False,True,2390
6943943614,10.17605/osf.io/6x2yt,,untouched,False,False,0
6906336551,10.17605/osf.io/jrfa7,,untouched,False,False,0
6887730921,10.17605/osf.io/7q4gt,Open-Ended Registration,admit,False,True,872
6887637388,10.17605/osf.io/8p73s,Open-Ended Registration,admit,False,True,142
6887670715,10.17605/osf.io/5bfjg,Open-Ended Registration,admit,False,True,203
6887668995,10.17605/osf.io/hnrtf,Open-Ended Registration,admit,False,True,604
6887775425,10.17605/osf.io/r26m7,,untouched,False,False,0
6887769698,10.17605/osf.io/uytk9,Open-Ended Registration,admit,False,True,227
6887766451,10.17605/osf.io/uwtsj,Open-Ended Registration,discard,False,True,749
6906297741,10.17605/osf.io/6c7ms,,untouched,False,False,0
6906553199,10.17605/osf.io/6jrhz,,untouched,False,False,0
6887743864,10.17605/osf.io/ezw6p,,untouched,True,False,0
6943929600,10.17605/osf.io/69hzx,Open-Ended Registration,admit,False,True,178
6944160041,10.17605/osf.io/xq352,Open-Ended Registration,discard,False,True,129
6944001661,10.17605/osf.io/zt97j,Open-Ended Registration,discard,False,True,2251
6944409623,10.17605/osf.io/rfhmu,Open-Ended Registration,admit,False,True,118
6944439417,10.17605/osf.io/64r8m,,untouched,False,False,0
6943903681,10.17605/osf.io/2bzhr,Open-Ended Registration,admit,False,True,236
3126272898,10.17605/osf.io/gdjc2,Preregistration Template from AsPredicted.org,discard,False,True,2775
2982005973,10.17605/osf.io/9gsqe,,untouched,False,False,0
6944064968,10.17605/osf.io/dfxs6,Open-Ended Registration,discard,False,True,159
2936733262,10.17605/osf.io/68a9g,,untouched,False,False,0
2915899527,10.17605/osf.io/53ysw,Open-Ended Registration,discard,False,True,169
2971433122,10.17605/osf.io/gxsrk,,untouched,False,False,0
6962616233,10.17605/osf.io/4nz35,,untouched,False,False,0
6962706904,10.17605/osf.io/csehp,Open-Ended Registration,admit,False,True,288
6962819987,10.17605/osf.io/ncd48,Open-Ended Registration,admit,False,True,97
6962961710,10.17605/osf.io/hr9w8,,untouched,False,False,0
6962450478,10.17605/osf.io/ktwec,Open-Ended Registration,admit,False,True,50
6962860018,10.17605/osf.io/93qm2,,untouched,False,False,0
6925358653,10.17605/osf.io/2yuvm,,untouched,False,False,0
6924777849,10.17605/osf.io/2em7v,,untouched,False,False,0
6925286766,10.17605/osf.io/m5bhk,,untouched,False,False,0
6925263306,10.17605/osf.io/rsqbe,Open-Ended Registration,admit,False,True,9836
6925666862,10.17605/osf.io/z3kre,Open-Ended Registration,admit,False,True,288
6925417325,10.17605/osf.io/x3pjn,Open-Ended Registration,admit,False,True,564
6925336551,10.17605/osf.io/gmxaz,Open-Ended Registration,discard,False,True,420
6925004396,10.17605/osf.io/pjc9g,,untouched,False,False,0
6924867554,10.17605/osf.io/z4fqu,Open-Ended Registration,admit,False,True,288
6925315926,10.17605/osf.io/gwa9n,Open-Ended Registration,admit,False,True,288
6925234977,10.17605/osf.io/szuyk,Open-Ended Registration,admit,False,True,127
6925239097,10.17605/osf.io/raz6q,,untouched,False,False,0
6925172904,10.17605/osf.io/qar9h,,untouched,False,False,0
6925039048,10.17605/osf.io/zcn8p,Open-Ended Registration,admit,False,True,473
6925345814,10.17605/osf.io/r3zk4,Open-Ended Registration,admit,False,True,89
3012878524,10.17605/osf.io/sufjn,,untouched,False,False,0
6962390044,10.17605/osf.io/qm5ru,,untouched,False,False,0
6962947559,10.17605/osf.io/4nsa5,,untouched,False,False,0
6962708026,10.17605/osf.io/f72uc,Open-Ended Registration,admit,False,True,86
7107861131,10.17605/osf.io/eqks2,,untouched,False,False,0
6906533195,10.17605/osf.io/jd4u9,,untouched,False,False,0
6906524265,10.17605/osf.io/3tpwk,Open-Ended Registration,discard,False,True,78
6906296603,10.17605/osf.io/mwj8y,Open-Ended Registration,admit,False,True,288
6906294263,10.17605/osf.io/aqgxr,,untouched,False,False,0
6887711755,10.17605/osf.io/pvr6t,Open-Ended Registration,admit,False,True,251
6887735082,10.17605/osf.io/khnj7,,untouched,False,False,0
6887647373,10.17605/osf.io/54d9t,Open-Ended Registration,discard,False,True,214
6887712061,10.17605/osf.io/n9zp4,,untouched,False,False,0
6906396448,10.17605/osf.io/u4tfv,Open-Ended Registration,admit,False,True,288
6906316629,10.17605/osf.io/ad6xj,,untouched,False,False,0
6906663782,10.17605/osf.io/shnkd,,untouched,False,False,0
6906660697,10.17605/osf.io/sdpem,Open-Ended Registration,admit,False,True,21771
2909950483,10.17605/osf.io/btf8h,Open-Ended Registration,admit,False,True,115
6906532565,10.17605/osf.io/4j5cr,,untouched,False,False,0
6887731817,10.17605/osf.io/b4km2,Open-Ended Registration,admit,False,True,85
6887707688,10.17605/osf.io/egpyz,Prereg Challenge,discard,False,True,21735
6887712562,10.17605/osf.io/wknb6,Open-Ended Registration,admit,False,True,50
2897893253,10.17605/osf.io/ys62a,Open-Ended Registration,admit,False,True,222
2781992775,10.17605/osf.io/hqvmc,Open-Ended Registration,admit,False,True,148
2784715037,10.17605/osf.io/k73fa,Open-Ended Registration,admit,False,True,87
6962643682,10.17605/osf.io/ej74q,,untouched,False,False,0
6963049763,10.17605/osf.io/vm4yr,,untouched,False,False,0
6963410665,10.17605/osf.io/dk4vy,Open-Ended Registration,admit,False,True,288
6962920720,10.17605/osf.io/bep78,,untouched,False,False,0
6962739248,10.17605/osf.io/umhqp,Open-Ended Registration,admit,False,True,2665
6906420380,10.17605/osf.io/dr35v,,untouched,False,False,0
6887698989,10.17605/osf.io/wpvst,,untouched,False,False,0
6887744419,10.17605/osf.io/kzr73,,untouched,False,False,0
6887755463,10.17605/osf.io/u7e46,Open-Ended Registration,discard,False,True,317
6906711662,10.17605/osf.io/tyn7j,,untouched,False,False,0
3098239670,10.17605/osf.io/4fb7d,Open-Ended Registration,admit,False,True,50
6925313574,10.17605/osf.io/nw7qt,Open-Ended Registration,admit,False,True,1927
6925252574,10.17605/osf.io/req48,Open-Ended Registration,admit,False,True,115
6925236186,10.17605/osf.io/n2jym,Open-Ended Registration,discard,False,True,365
6925281007,10.17605/osf.io/qe6tx,Open-Ended Registration,discard,False,True,113
6925025265,10.17605/osf.io/h5yn4,,untouched,False,False,0
6925087724,10.17605/osf.io/nx4wv,,untouched,False,False,0
6925015645,10.17605/osf.io/r8cxv,Open-Ended Registration,admit,False,True,5743
6925369493,10.17605/osf.io/fve58,Open-Ended Registration,admit,False,True,203
6925228940,10.17605/osf.io/jh5y7,Open-Ended Registration,admit,False,True,93
6925327963,10.17605/osf.io/h8j3s,,untouched,False,False,0
6962688917,10.17605/osf.io/9kxye,Open-Ended Registration,admit,False,True,200
6962729645,10.17605/osf.io/s9rz6,,untouched,False,False,0
6962315306,10.17605/osf.io/a5mx7,Open-Ended Registration,admit,False,True,159
6963086127,10.17605/osf.io/yptua,Open-Ended Registration,admit,False,True,203
6962714472,10.17605/osf.io/ybzp2,,untouched,False,False,0
6962888665,10.17605/osf.io/4bdet,,untouched,False,False,0
6943917568,10.17605/osf.io/5y7ne,,untouched,False,False,0
6944375150,10.17605/osf.io/n94a8,,untouched,False,False,0
6943971195,10.17605/osf.io/4zpvh,,untouched,False,False,0
6943955026,10.17605/osf.io/ud5g7,,untouched,False,False,0
6906382355,10.17605/osf.io/bt5f3,Open-Ended Registration,admit,False,True,203
6887744960,10.17605/osf.io/ayaak,Open-Ended Registration,admit,False,True,130
6887643127,10.17605/osf.io/dkbq8,Open-Ended Registration,admit,False,True,191
6887770122,10.17605/osf.io/8fexj,,untouched,False,False,0
6887712810,10.17605/osf.io/ms458,,untouched,False,False,0
6887751136,10.17605/osf.io/udasb,Open-Ended Registration,admit,False,True,1981
6906409300,10.17605/osf.io/phq4x,,untouched,False,False,0
6906434960,10.17605/osf.io/fbpc3,Open-Ended Registration,admit,False,True,192
6887824263,10.17605/osf.io/9x2m7,,untouched,False,False,0
6906384467,10.17605/osf.io/c23b9,,untouched,False,False,0
6944195556,10.17605/osf.io/eu8kw,,untouched,False,False,0
6944169014,10.17605/osf.io/tez7m,Open-Ended Registration,admit,False,True,169
6944137501,10.17605/osf.io/vzych,,untouched,False,False,0
6943655213,10.17605/osf.io/6rkjh,,untouched,False,False,0
6944126447,10.17605/osf.io/zn4js,,untouched,False,False,0
6944009125,10.17605/osf.io/pj3v8,,untouched,False,False,0
6943599934,10.17605/osf.io/4vgqh,,untouched,False,False,0
7108078883,10.17605/osf.io/fmc29,,untouched,False,False,0
6925457253,10.17605/osf.io/z94hd,Open-Ended Registration,admit,False,True,94
6925054664,10.17605/osf.io/8t3bh,,untouched,False,False,0
6943777562,10.17605/osf.io/6kfxz,,untouched,False,False,0
6944095780,10.17605/osf.io/4ekad,,untouched,False,False,0
6925162984,10.17605/osf.io/yekqx,,untouched,False,False,0
6925299145,10.17605/osf.io/jt7x2,,untouched,False,False,0
6943827187,10.17605/osf.io/2vf3x,,untouched,False,False,0
6944112079,10.17605/osf.io/fjvxr,Open-Ended Registration,admit,False,True,130
6925191214,10.17605/osf.io/vpr4y,,untouched,False,False,0
6906376964,10.17605/osf.io/3w8ab,,untouched,False,False,0
6887663708,10.17605/osf.io/3hwbt,,untouched,False,False,0
6962624552,10.17605/osf.io/jm68z,,untouched,False,False,0
6906385666,10.17605/osf.io/2zrwh,,untouched,False,False,0
7108328215,10.17605/osf.io/w5hnz,,untouched,False,False,0
6887755998,10.17605/osf.io/v3hfb,Open-Ended Registration,admit,False,True,50
6887757586,10.17605/osf.io/hby2p,,untouched,False,False,0
7108220109,10.17605/osf.io/mjgxq,,untouched,False,False,0
6962948219,10.17605/osf.io/mnfw6,,untouched,False,False,0
6906313240,10.17605/osf.io/537hr,,untouched,False,False,0
6887764556,10.17605/osf.io/u3hjc,,untouched,False,False,0
6887696132,10.17605/osf.io/8xh2j,Open-Ended Registration,admit,False,True,5048
6906475659,10.17605/osf.io/wm3x7,,untouched,False,False,0
7108902579,10.17605/osf.io/nc3k8,,untouched,False,False,0
7111267098,10.17605/osf.io/r3cpw,,untouched,False,False,0
7114993070,10.17605/osf.io/xjfpu,,untouched,False,False,0
6925131376,10.17605/osf.io/cj6zv,,untouched,False,False,0
7110938457,10.17605/osf.io/qxv6f,,untouched,False,False,0
7117360143,10.17605/osf.io/qbhnm,Open-Ended Registration,admit,False,True,998
7111333353,10.17605/osf.io/jbf85,,untouched,False,False,0
7115717120,10.17605/osf.io/nhak3,,untouched,False,False,0
6906535553,10.17605/osf.io/e5k4j,,untouched,False,False,0
7116060379,10.17605/osf.io/us7kg,,untouched,False,False,0
7115901424,10.17605/osf.io/t65h4,,untouched,False,False,0
7116294632,10.17605/osf.io/z6mec,,untouched,False,False,0
7117775436,10.17605/osf.io/wckgd,OSF Preregistration,discard,False,True,15090
6925308601,10.17605/osf.io/xzv9t,,untouched,False,False,0
7118264197,10.17605/osf.io/7kjs5,,untouched,False,False,0
7119532499,10.17605/osf.io/9nm2s,,untouched,False,False,0
7119186428,10.17605/osf.io/xzu3v,,untouched,False,False,0
7118920138,10.17605/osf.io/2e46z,,untouched,False,False,0
6962895306,10.17605/osf.io/8psu5,,untouched,False,False,0
7124179993,10.17605/osf.io/482mf,,untouched,False,False,0
7124165420,10.17605/osf.io/c9wps,,untouched,False,False,0
7124299970,10.17605/osf.io/zjfn5,,untouched,False,False,0
7125521893,10.17605/osf.io/xwber,,untouched,False,False,0
7126216710,10.17605/osf.io/cnzaj,,untouched,False,False,0
7126253223,10.17605/osf.io/gfead,,untouched,False,False,0
7127066482,10.17605/osf.io/esutf,,untouched,False,False,0
7127589373,10.17605/osf.io/6pfek,,untouched,False,False,0
6943813054,10.17605/osf.io/4wcnd,,untouched,False,False,0
6943972444,10.17605/osf.io/ufcgp,,untouched,False,False,0
6925204273,10.17605/osf.io/nxyd7,,untouched,False,False,0
6943850332,10.17605/osf.io/4ubjy,,untouched,False,False,0
6943827592,10.17605/osf.io/vwt2n,,untouched,False,False,0
6962928275,10.17605/osf.io/wrfhg,,untouched,False,False,0
6925309232,10.17605/osf.io/5wph4,,untouched,False,False,0
6924825721,10.17605/osf.io/fhyk3,,untouched,False,False,0
6962880941,10.17605/osf.io/scpvn,,untouched,False,False,0
6943623000,10.17605/osf.io/7x3tv,,untouched,False,False,0
6925231123,10.17605/osf.io/v37d2,,untouched,False,False,0
6925009543,10.17605/osf.io/t8pr9,,untouched,False,False,0
7128623449,10.17605/osf.io/8ams9,,untouched,False,False,0
7129541316,10.17605/osf.io/43fgc,,untouched,False,False,0
7130554708,10.17605/osf.io/acr92,OSF Preregistration,discard,False,True,30361
7105919915,10.17605/osf.io/mghn7,,untouched,False,False,0
7130538481,10.17605/osf.io/kqdfr,OSF Preregistration,discard,False,True,26428
6925452287,10.17605/osf.io/tr5s4,,untouched,False,False,0
7131110192,10.17605/osf.io/xyac8,,untouched,False,False,0
6887766683,10.17605/osf.io/y5mn3,,untouched,False,False,0
6943757291,10.17605/osf.io/uwfqc,OSF Preregistration,discard,False,True,29772
7131654419,10.17605/osf.io/czsrp,,untouched,False,False,0
7131837792,10.17605/osf.io/cr6zm,,untouched,False,False,0
7131868634,10.17605/osf.io/3axzu,,untouched,False,False,0
7131819987,10.17605/osf.io/ujmvw,,untouched,False,False,0
7131865679,10.17605/osf.io/utjhd,,untouched,False,False,0
7131886299,10.17605/osf.io/v9ykq,,untouched,False,False,0
7131835020,10.17605/osf.io/hyqpr,,untouched,False,False,0
7131847291,10.17605/osf.io/x9pd3,,untouched,False,False,0
7131817134,10.17605/osf.io/a7h9n,,untouched,False,False,0
7131818223,10.17605/osf.io/uwnya,,untouched,False,False,0
7131841640,10.17605/osf.io/swkur,,untouched,False,False,0
7131837490,10.17605/osf.io/yq3jb,,untouched,False,False,0
7131818769,10.17605/osf.io/qu3p2,,untouched,False,False,0
7131880299,10.17605/osf.io/2jn6d,,untouched,False,False,0
7131855380,10.17605/osf.io/n9vkh,,untouched,False,False,0
7131893923,10.17605/osf.io/e52qx,,untouched,False,False,0
7131810999,10.17605/osf.io/q8bdv,,untouched,False,False,0
7131856932,10.17605/osf.io/yv5k4,,untouched,False,False,0
7131864202,10.17605/osf.io/38zs9,,untouched,False,False,0
7131824709,10.17605/osf.io/h37zx,,untouched,False,False,0
7131811705,10.17605/osf.io/kbm46,,untouched,False,False,0
7131854819,10.17605/osf.io/f5b6c,,untouched,False,False,0
7131851407,10.17605/osf.io/6mdxr,,untouched,False,False,0
7131831270,10.17605/osf.io/aykfp,,untouched,False,False,0
7131906479,10.17605/osf.io/8wf3h,,untouched,False,False,0
7131904911,10.17605/osf.io/z9epb,,untouched,False,False,0
7131877223,10.17605/osf.io/q7hpx,,untouched,False,False,0
7131839634,10.17605/osf.io/yjghe,,untouched,False,False,0
7131868430,10.17605/osf.io/3j7gq,,untouched,False,False,0
7131874268,10.17605/osf.io/ub4c6,,untouched,False,False,0
7131835707,10.17605/osf.io/dhvbg,,untouched,False,False,0
7131851242,10.17605/osf.io/rs7e9,,untouched,False,False,0
7131892380,10.17605/osf.io/bmwsv,,untouched,False,False,0
7131906156,10.17605/osf.io/ecmtp,,untouched,False,False,0
7131838415,10.17605/osf.io/8btme,,untouched,False,False,0
7131809874,10.17605/osf.io/rpumq,,untouched,False,False,0
7131849550,10.17605/osf.io/sw67c,,untouched,False,False,0
7131836636,10.17605/osf.io/925nz,,untouched,False,False,0
7131870748,10.17605/osf.io/fjbvp,,untouched,False,False,0
7131810997,10.17605/osf.io/4h6v2,,untouched,False,False,0
7131888395,10.17605/osf.io/8kyfe,,untouched,False,False,0
7131897711,10.17605/osf.io/h6wg9,,untouched,False,False,0
7131847832,10.17605/osf.io/mp3ak,,untouched,False,False,0
7131891795,10.17605/osf.io/nhecx,,untouched,False,False,0
7131897714,10.17605/osf.io/7tc8b,,untouched,False,False,0
7131823078,10.17605/osf.io/d8we7,,untouched,False,False,0
7131825675,10.17605/osf.io/uscaj,,untouched,False,False,0
7131811773,10.17605/osf.io/87qs6,,untouched,False,False,0
7131851352,10.17605/osf.io/9mx5w,,untouched,False,False,0
7131883242,10.17605/osf.io/jhaur,,untouched,False,False,0
7131817932,10.17605/osf.io/xzufr,,untouched,False,False,0
7131875166,10.17605/osf.io/q4fkd,,untouched,False,False,0
7131814033,10.17605/osf.io/kr7wf,,untouched,False,False,0
7131827382,10.17605/osf.io/sv9tm,,untouched,False,False,0
7131848764,10.17605/osf.io/e6mfw,,untouched,False,False,0
7131871936,10.17605/osf.io/a8eg9,,untouched,False,False,0
7131814270,10.17605/osf.io/hq4cr,,untouched,False,False,0
7131821886,10.17605/osf.io/fpuh3,,untouched,False,False,0
7131863651,10.17605/osf.io/zt5y2,,untouched,False,False,0
7131902775,10.17605/osf.io/u8x9s,,untouched,False,False,0
7131855759,10.17605/osf.io/9n8uh,,untouched,False,False,0
7131873178,10.17605/osf.io/hd3vf,,untouched,False,False,0
7131871094,10.17605/osf.io/guf6v,,untouched,False,False,0
7131844862,10.17605/osf.io/7qnrs,,untouched,False,False,0
7131818220,10.17605/osf.io/8sae9,,untouched,False,False,0
7131898368,10.17605/osf.io/rpc54,,untouched,False,False,0
7131889623,10.17605/osf.io/qk9v3,,untouched,False,False,0
7131828211,10.17605/osf.io/e9y6b,,untouched,False,False,0
7131890008,10.17605/osf.io/ezhcs,,untouched,False,False,0
7131811347,10.17605/osf.io/q7jk4,,untouched,False,False,0
7131842220,10.17605/osf.io/3mr7g,,untouched,False,False,0
7131851604,10.17605/osf.io/k9pvw,,untouched,False,False,0
7131811076,10.17605/osf.io/qru6t,,untouched,False,False,0
7131884450,10.17605/osf.io/k6xm9,,untouched,False,False,0
7131887003,10.17605/osf.io/hbrwf,,untouched,False,False,0
7131876624,10.17605/osf.io/2zre3,,untouched,False,False,0
7131883072,10.17605/osf.io/4p892,,untouched,False,False,0
7131808079,10.17605/osf.io/9gauh,,untouched,False,False,0
7131820930,10.17605/osf.io/xbvs6,,untouched,False,False,0
7131811809,10.17605/osf.io/frc3x,,untouched,False,False,0
7131840096,10.17605/osf.io/9beuv,,untouched,False,False,0
7131873475,10.17605/osf.io/qgm2c,,untouched,False,False,0
7131906498,10.17605/osf.io/xwthk,,untouched,False,False,0
7131816044,10.17605/osf.io/cgz3v,,untouched,False,False,0
7131825226,10.17605/osf.io/b6n9x,,untouched,False,False,0
7131836055,10.17605/osf.io/qnmrj,,untouched,False,False,0
7131841908,10.17605/osf.io/2cjuw,,untouched,False,False,0
7131809636,10.17605/osf.io/bawh3,,untouched,False,False,0
7131859336,10.17605/osf.io/vufm2,,untouched,False,False,0
7131835791,10.17605/osf.io/p7tb4,,untouched,False,False,0
7131831988,10.17605/osf.io/54syu,,untouched,False,False,0
7131884526,10.17605/osf.io/nb3z9,,untouched,False,False,0
7131812840,10.17605/osf.io/563d4,,untouched,False,False,0
7131907143,10.17605/osf.io/4x3b9,,untouched,False,False,0
7131830026,10.17605/osf.io/psmq5,,untouched,False,False,0
7131826403,10.17605/osf.io/57pn2,,untouched,False,False,0
7131813839,10.17605/osf.io/r9bdx,,untouched,False,False,0
7131887260,10.17605/osf.io/d4p59,,untouched,False,False,0
7131809558,10.17605/osf.io/f49uq,,untouched,False,False,0
7131903640,10.17605/osf.io/kzpf8,,untouched,False,False,0
7131883014,10.17605/osf.io/dk58a,,untouched,False,False,0
7131881312,10.17605/osf.io/m9tej,,untouched,False,False,0
7131819329,10.17605/osf.io/8pxty,,untouched,False,False,0
7131875579,10.17605/osf.io/ezx2k,,untouched,False,False,0
7131855727,10.17605/osf.io/m36y2,,untouched,False,False,0
7131820072,10.17605/osf.io/8uex5,,untouched,False,False,0
7131899567,10.17605/osf.io/eahxw,,untouched,False,False,0
7131878415,10.17605/osf.io/jfxnt,,untouched,False,False,0
7131829022,10.17605/osf.io/4v7ax,,untouched,False,False,0
7131905723,10.17605/osf.io/ftbmk,,untouched,False,False,0
7131844790,10.17605/osf.io/yhq5d,,untouched,False,False,0
7131893163,10.17605/osf.io/5fc4n,,untouched,False,False,0
7131867291,10.17605/osf.io/3g74a,,untouched,False,False,0
7131831538,10.17605/osf.io/axfzm,,untouched,False,False,0
7131819210,10.17605/osf.io/kup8x,,untouched,False,False,0
7131864174,10.17605/osf.io/8hp5j,,untouched,False,False,0
7131816781,10.17605/osf.io/md5pu,,untouched,False,False,0
7131845116,10.17605/osf.io/tqpb5,,untouched,False,False,0
7131887676,10.17605/osf.io/k4suw,,untouched,False,False,0
7131906084,10.17605/osf.io/ujg2c,,untouched,False,False,0
7131851056,10.17605/osf.io/r924g,,untouched,False,False,0
7131895928,10.17605/osf.io/s2x3c,,untouched,False,False,0
7131888530,10.17605/osf.io/697dv,,untouched,False,False,0
7131849334,10.17605/osf.io/w8n3s,,untouched,False,False,0
7131888699,10.17605/osf.io/6zjdh,,untouched,False,False,0
7131842822,10.17605/osf.io/2z6j4,,untouched,False,False,0
7131860796,10.17605/osf.io/8qkrx,,untouched,False,False,0
7131876176,10.17605/osf.io/9qjhf,,untouched,False,False,0
7131893334,10.17605/osf.io/2e5wr,,untouched,False,False,0
7131844483,10.17605/osf.io/8feku,,untouched,False,False,0
7131809661,10.17605/osf.io/nd87t,,untouched,False,False,0
7131898392,10.17605/osf.io/8tkwe,,untouched,False,False,0
7131891478,10.17605/osf.io/npju2,,untouched,False,False,0
7131889222,10.17605/osf.io/56jqu,,untouched,False,False,0
7131896436,10.17605/osf.io/h2cq7,,untouched,False,False,0
7131835767,10.17605/osf.io/jpu9q,,untouched,False,False,0
7131846239,10.17605/osf.io/na3mh,,untouched,False,False,0
7131865406,10.17605/osf.io/jb9rq,,untouched,False,False,0
7131810047,10.17605/osf.io/scqv3,,untouched,False,False,0
7131824992,10.17605/osf.io/tmg3z,,untouched,False,False,0
7131840563,10.17605/osf.io/ks6ut,,untouched,False,False,0
7131904471,10.17605/osf.io/rkh2a,,untouched,False,False,0
7131858130,10.17605/osf.io/s57jr,,untouched,False,False,0
7131834280,10.17605/osf.io/bx4hy,,untouched,False,False,0
7131812563,10.17605/osf.io/ba26p,,untouched,False,False,0
7131808238,10.17605/osf.io/9c5sm,,untouched,False,False,0
7131868060,10.17605/osf.io/wy3tj,,untouched,False,False,0
7131855335,10.17605/osf.io/cqxyh,,untouched,False,False,0
7131854346,10.17605/osf.io/t9h6p,,untouched,False,False,0
7131830006,10.17605/osf.io/c5adw,,untouched,False,False,0
7131875026,10.17605/osf.io/jp3qb,,untouched,False,False,0
7131892370,10.17605/osf.io/shvdk,,untouched,False,False,0
7131817804,10.17605/osf.io/jegqs,,untouched,False,False,0
7131898560,10.17605/osf.io/y47pr,,untouched,False,False,0
7131833920,10.17605/osf.io/wpk3g,,untouched,False,False,0
7131859594,10.17605/osf.io/5qwdh,,untouched,False,False,0
7131838500,10.17605/osf.io/m98g4,,untouched,False,False,0
7131845686,10.17605/osf.io/5vntp,,untouched,False,False,0
7131824388,10.17605/osf.io/cs8y2,,untouched,False,False,0
7131820049,10.17605/osf.io/td3kh,,untouched,False,False,0
7131868904,10.17605/osf.io/afznv,,untouched,False,False,0
7131902110,10.17605/osf.io/tacvb,,untouched,False,False,0
7131827783,10.17605/osf.io/9vxwz,,untouched,False,False,0
7131906950,10.17605/osf.io/u3th5,,untouched,False,False,0
7131860903,10.17605/osf.io/nv6a3,,untouched,False,False,0
7131809435,10.17605/osf.io/g9aqj,,untouched,False,False,0
7131819136,10.17605/osf.io/zdpy2,,untouched,False,False,0
7131864506,10.17605/osf.io/6wfmz,,untouched,False,False,0
7131888474,10.17605/osf.io/yh25j,,untouched,False,False,0
7131811369,10.17605/osf.io/zehky,,untouched,False,False,0
7131845730,10.17605/osf.io/q5ka2,,untouched,False,False,0
7131879682,10.17605/osf.io/dk3xz,,untouched,False,False,0
7131878952,10.17605/osf.io/6aynt,,untouched,False,False,0
7131891526,10.17605/osf.io/tdr6s,,untouched,False,False,0
7131843259,10.17605/osf.io/g2jua,,untouched,False,False,0
7131897928,10.17605/osf.io/n2kma,,untouched,False,False,0
7131817591,10.17605/osf.io/5tk2e,,untouched,False,False,0
7131823395,10.17605/osf.io/df36m,,untouched,False,False,0
7131840484,10.17605/osf.io/h8ecm,,untouched,False,False,0
7131809516,10.17605/osf.io/axtg4,,untouched,False,False,0
7131908818,10.17605/osf.io/2n3c7,,untouched,False,False,0
7131905238,10.17605/osf.io/kh2dp,,untouched,False,False,0
7131822081,10.17605/osf.io/rywgh,,untouched,False,False,0
7131813595,10.17605/osf.io/vt6ga,,untouched,False,False,0
7131818260,10.17605/osf.io/h24z8,,untouched,False,False,0
7131826263,10.17605/osf.io/7msd8,,untouched,False,False,0
7131843150,10.17605/osf.io/f5m4b,,untouched,False,False,0
7131855296,10.17605/osf.io/tq2z6,,untouched,False,False,0
7131875080,10.17605/osf.io/yv2am,,untouched,False,False,0
7131847814,10.17605/osf.io/8zxjq,,untouched,False,False,0
7131818949,10.17605/osf.io/8xyhb,,untouched,False,False,0
7131830555,10.17605/osf.io/q75tz,,untouched,False,False,0
7131850758,10.17605/osf.io/vfyxz,,untouched,False,False,0
7131899386,10.17605/osf.io/3b49u,,untouched,False,False,0
7131839707,10.17605/osf.io/rvs4q,,untouched,False,False,0
7131812553,10.17605/osf.io/vg6zy,,untouched,False,False,0
7131892778,10.17605/osf.io/ktx9s,,untouched,False,False,0
7131811819,10.17605/osf.io/eqyhz,,untouched,False,False,0
7131907258,10.17605/osf.io/qxk38,,untouched,False,False,0
7131821029,10.17605/osf.io/6mv2x,,untouched,False,False,0
7131828906,10.17605/osf.io/2px95,,untouched,False,False,0
7131828764,10.17605/osf.io/snx3t,,untouched,False,False,0
7131884894,10.17605/osf.io/dhg3q,,untouched,False,False,0
7131872720,10.17605/osf.io/5k8m4,,untouched,False,False,0
7131863851,10.17605/osf.io/en9md,,untouched,False,False,0
7131865966,10.17605/osf.io/bn6tj,,untouched,False,False,0
7131887019,10.17605/osf.io/nekdp,,untouched,False,False,0
7131808978,10.17605/osf.io/wtm3e,,untouched,False,False,0
7131896567,10.17605/osf.io/953fa,,untouched,False,False,0
7131896800,10.17605/osf.io/rjhwt,,untouched,False,False,0
7131906050,10.17605/osf.io/4w5g2,,untouched,False,False,0
7131859874,10.17605/osf.io/vcjf6,,untouched,False,False,0
7131840056,10.17605/osf.io/5du7f,,untouched,False,False,0
7131886083,10.17605/osf.io/xgz2r,,untouched,False,False,0
7131873367,10.17605/osf.io/apv5t,,untouched,False,False,0
7131872807,10.17605/osf.io/hpgvj,,untouched,False,False,0
7131901908,10.17605/osf.io/yndwz,,untouched,False,False,0
7131837204,10.17605/osf.io/7ak4n,,untouched,False,False,0
7131889138,10.17605/osf.io/7vty6,,untouched,False,False,0
7131818701,10.17605/osf.io/jcs54,,untouched,False,False,0
7131834518,10.17605/osf.io/eu2yr,,untouched,False,False,0
7131847287,10.17605/osf.io/drcnw,,untouched,False,False,0
7131873431,10.17605/osf.io/dbw54,,untouched,False,False,0
7131901299,10.17605/osf.io/vcfsg,,untouched,False,False,0
7131909090,10.17605/osf.io/agv64,,untouched,False,False,0
7131867591,10.17605/osf.io/e48gd,,untouched,False,False,0
7131838210,10.17605/osf.io/xrymd,,untouched,False,False,0
7131908811,10.17605/osf.io/8uc5z,,untouched,False,False,0
7131872551,10.17605/osf.io/4fvzq,,untouched,False,False,0
7131856779,10.17605/osf.io/evyzg,,untouched,False,False,0
7131821807,10.17605/osf.io/2uxrt,,untouched,False,False,0
7131892196,10.17605/osf.io/qd3rm,,untouched,False,False,0
7131896226,10.17605/osf.io/7f42k,,untouched,False,False,0
7131819277,10.17605/osf.io/q4fpr,,untouched,False,False,0
7131824273,10.17605/osf.io/c6pkb,,untouched,False,False,0
7131895740,10.17605/osf.io/t95k2,,untouched,False,False,0
7131869616,10.17605/osf.io/dy3wx,,untouched,False,False,0
7131817877,10.17605/osf.io/tgkhv,,untouched,False,False,0
7131908519,10.17605/osf.io/6vhnz,,untouched,False,False,0
7131811677,10.17605/osf.io/6ewha,,untouched,False,False,0
7131899728,10.17605/osf.io/ebaf2,,untouched,False,False,0
7131887524,10.17605/osf.io/yrh4v,,untouched,False,False,0
7131814083,10.17605/osf.io/b48am,,untouched,False,False,0
7131839903,10.17605/osf.io/bmzuf,,untouched,False,False,0
7131905544,10.17605/osf.io/h72nm,,untouched,False,False,0
7131835546,10.17605/osf.io/2dx54,,untouched,False,False,0
7131847983,10.17605/osf.io/xshrn,,untouched,False,False,0
7131837187,10.17605/osf.io/9nt6s,,untouched,False,False,0
7131828404,10.17605/osf.io/y5uwg,,untouched,False,False,0
7131832044,10.17605/osf.io/3a5u7,,untouched,False,False,0
7131897838,10.17605/osf.io/a6ksz,,untouched,False,False,0
7131856496,10.17605/osf.io/37jd4,,untouched,False,False,0
7131820080,10.17605/osf.io/z6mkt,,untouched,False,False,0
7131894367,10.17605/osf.io/c9n5x,,untouched,False,False,0
7131898015,10.17605/osf.io/9u2n4,,untouched,False,False,0
7131848806,10.17605/osf.io/a7mys,,untouched,False,False,0
7131837934,10.17605/osf.io/hz97d,,untouched,False,False,0
7131850602,10.17605/osf.io/guen5,,untouched,False,False,0
7131881832,10.17605/osf.io/gk92w,,untouched,False,False,0
7131893918,10.17605/osf.io/j6c8g,,untouched,False,False,0
7131896380,10.17605/osf.io/tz9ef,,untouched,False,False,0
7131824553,10.17605/osf.io/w5b24,,untouched,False,False,0
7131889202,10.17605/osf.io/mu4rs,,untouched,False,False,0
7131853395,10.17605/osf.io/25mvt,,untouched,False,False,0
7131885695,10.17605/osf.io/pndku,,untouched,False,False,0
7131811763,10.17605/osf.io/jcbfw,,untouched,False,False,0
7131898184,10.17605/osf.io/kvsa6,,untouched,False,False,0
7131817866,10.17605/osf.io/zsq2u,,untouched,False,False,0
7131863880,10.17605/osf.io/xr8gz,,untouched,False,False,0
7131891124,10.17605/osf.io/cwmb5,,untouched,False,False,0
7131855546,10.17605/osf.io/ka496,,untouched,False,False,0
7131906748,10.17605/osf.io/mjb97,,untouched,False,False,0
7131853872,10.17605/osf.io/qs827,,untouched,False,False,0
7131860407,10.17605/osf.io/7fvtn,,untouched,False,False,0
7131841483,10.17605/osf.io/da26y,,untouched,False,False,0
7131848343,10.17605/osf.io/yfmg8,,untouched,False,False,0
7131883672,10.17605/osf.io/ytuk9,,untouched,False,False,0
7131898959,10.17605/osf.io/w2xrp,,untouched,False,False,0
7131904414,10.17605/osf.io/xtq68,,untouched,False,False,0
7131870879,10.17605/osf.io/akubt,,untouched,False,False,0
7131812279,10.17605/osf.io/mkr6p,,untouched,False,False,0
7131869006,10.17605/osf.io/dy52c,,untouched,False,False,0
7131876307,10.17605/osf.io/mshda,,untouched,False,False,0
7131812104,10.17605/osf.io/5vgjw,,untouched,False,False,0
7131818433,10.17605/osf.io/efuhg,,untouched,False,False,0
7131873522,10.17605/osf.io/68x45,,untouched,False,False,0
7131842663,10.17605/osf.io/huavw,,untouched,False,False,0
7131823956,10.17605/osf.io/2vust,,untouched,False,False,0
7131810684,10.17605/osf.io/wjh3c,,untouched,False,False,0
7131870804,10.17605/osf.io/adxj2,,untouched,False,False,0
7131841346,10.17605/osf.io/jxdme,,untouched,False,False,0
7131846114,10.17605/osf.io/5vx27,,untouched,False,False,0
7131900706,10.17605/osf.io/qczeu,,untouched,False,False,0
7131881890,10.17605/osf.io/zsptj,,untouched,False,False,0
7131894826,10.17605/osf.io/etfqz,,untouched,False,False,0
7131875143,10.17605/osf.io/5kj8c,,untouched,False,False,0
7131813053,10.17605/osf.io/82g9j,,untouched,False,False,0
7131853152,10.17605/osf.io/m4yse,,untouched,False,False,0
7131874019,10.17605/osf.io/v2yaq,,untouched,False,False,0
7131893200,10.17605/osf.io/yswvd,,untouched,False,False,0
7131854768,10.17605/osf.io/urfmp,,untouched,False,False,0
7131837476,10.17605/osf.io/kgqu5,,untouched,False,False,0
7131873155,10.17605/osf.io/wnv8y,,untouched,False,False,0
7131865715,10.17605/osf.io/k26gr,,untouched,False,False,0
7131816575,10.17605/osf.io/sfwqd,,untouched,False,False,0
7131906727,10.17605/osf.io/nse8t,,untouched,False,False,0
7131858470,10.17605/osf.io/dxmrb,,untouched,False,False,0
7131819255,10.17605/osf.io/tcrp9,,untouched,False,False,0
7131869376,10.17605/osf.io/7p5tw,,untouched,False,False,0
7131856980,10.17605/osf.io/8ndcx,,untouched,False,False,0
7131899651,10.17605/osf.io/wb524,,untouched,False,False,0
7131903556,10.17605/osf.io/q49dy,,untouched,False,False,0
7131859704,10.17605/osf.io/wdgns,,untouched,False,False,0
7131813388,10.17605/osf.io/u8zk5,,untouched,False,False,0
7131888974,10.17605/osf.io/mr6fs,,untouched,False,False,0
7131826614,10.17605/osf.io/er4gy,,untouched,False,False,0
7131893646,10.17605/osf.io/yfvzr,,untouched,False,False,0
7131828646,10.17605/osf.io/p9hjt,,untouched,False,False,0
7131875168,10.17605/osf.io/qw3e4,,untouched,False,False,0
7131869972,10.17605/osf.io/fncqp,,untouched,False,False,0
7131819069,10.17605/osf.io/z4nyv,,untouched,False,False,0
7131855994,10.17605/osf.io/23ghe,,untouched,False,False,0
7131899151,10.17605/osf.io/u5r47,,untouched,False,False,0
7131855200,10.17605/osf.io/4axu6,,untouched,False,False,0
7131873996,10.17605/osf.io/6e9ka,,untouched,False,False,0
7131807977,10.17605/osf.io/4y8ja,,untouched,False,False,0
7131825394,10.17605/osf.io/jzfs2,,untouched,False,False,0
7131878110,10.17605/osf.io/n8wgd,,untouched,False,False,0
7131827096,10.17605/osf.io/n7m39,,untouched,False,False,0
7131830647,10.17605/osf.io/8vn2z,,untouched,False,False,0
7131828266,10.17605/osf.io/h7wx8,,untouched,False,False,0
7131816609,10.17605/osf.io/jsy47,,untouched,False,False,0
7131810850,10.17605/osf.io/w8xun,,untouched,False,False,0
7131816702,10.17605/osf.io/jp7tr,,untouched,False,False,0
7131854900,10.17605/osf.io/sv4e8,,untouched,False,False,0
7131845892,10.17605/osf.io/8eaqp,,untouched,False,False,0
7131902702,10.17605/osf.io/xtmy9,,untouched,False,False,0
7131866092,10.17605/osf.io/8eqk6,,untouched,False,False,0
7131869931,10.17605/osf.io/devn8,,untouched,False,False,0
7131821867,10.17605/osf.io/jvwer,,untouched,False,False,0
7131865386,10.17605/osf.io/5fjd4,,untouched,False,False,0
7131816824,10.17605/osf.io/fhczq,,untouched,False,False,0
7131841212,10.17605/osf.io/er54t,,untouched,False,False,0
7131826360,10.17605/osf.io/5ywth,,untouched,False,False,0
7131809856,10.17605/osf.io/qy62r,,untouched,False,False,0
7131901838,10.17605/osf.io/62xh4,,untouched,False,False,0
7131838735,10.17605/osf.io/ysncd,,untouched,False,False,0
7131828415,10.17605/osf.io/a4swd,,untouched,False,False,0
7131878456,10.17605/osf.io/h7av9,,untouched,False,False,0
7131877342,10.17605/osf.io/sxqt8,,untouched,False,False,0
7131832798,10.17605/osf.io/z7sjh,,untouched,False,False,0
7131889516,10.17605/osf.io/zd2uq,,untouched,False,False,0
7131879859,10.17605/osf.io/5k6jg,,untouched,False,False,0
7131815171,10.17605/osf.io/rqwju,,untouched,False,False,0
7131863164,10.17605/osf.io/9r2jw,,untouched,False,False,0
7131812402,10.17605/osf.io/fspwc,,untouched,False,False,0
7131867823,10.17605/osf.io/skj4c,,untouched,False,False,0
7131878820,10.17605/osf.io/na5kq,,untouched,False,False,0
7131812527,10.17605/osf.io/78fvn,,untouched,False,False,0
7131838978,10.17605/osf.io/zfxk9,,untouched,False,False,0
7131810893,10.17605/osf.io/p7mex,,untouched,False,False,0
7131830771,10.17605/osf.io/vngz9,,untouched,False,False,0
7131845162,10.17605/osf.io/pkwgx,,untouched,False,False,0
7131816520,10.17605/osf.io/hbzu3,,untouched,False,False,0
7131858246,10.17605/osf.io/dkr2s,,untouched,False,False,0
7131841228,10.17605/osf.io/mztkr,,untouched,False,False,0
7131904692,10.17605/osf.io/vhu2x,,untouched,False,False,0
7131840095,10.17605/osf.io/c8u5q,,untouched,False,False,0
7131844340,10.17605/osf.io/jhe6q,,untouched,False,False,0
7131903528,10.17605/osf.io/w7gdb,,untouched,False,False,0
7131813937,10.17605/osf.io/vfqt8,,untouched,False,False,0
7131877882,10.17605/osf.io/bj9ea,,untouched,False,False,0
7131826311,10.17605/osf.io/g83kx,,untouched,False,False,0
7131861991,10.17605/osf.io/tmn3q,,untouched,False,False,0
7131834096,10.17605/osf.io/mqvyf,,untouched,False,False,0
7131898683,10.17605/osf.io/sc87r,,untouched,False,False,0
7131835776,10.17605/osf.io/j8en2,,untouched,False,False,0
7131907262,10.17605/osf.io/tuy3f,,untouched,False,False,0
7131862011,10.17605/osf.io/n35c2,,untouched,False,False,0
7131839602,10.17605/osf.io/tvhma,,untouched,False,False,0
7131861096,10.17605/osf.io/yjxce,,untouched,False,False,0
7131824939,10.17605/osf.io/wv2gh,,untouched,False,False,0
7131906494,10.17605/osf.io/gk6mh,,untouched,False,False,0
7131888335,10.17605/osf.io/dcez6,,untouched,False,False,0
7131885242,10.17605/osf.io/3czus,,untouched,False,False,0
7131873072,10.17605/osf.io/ta5vh,,untouched,False,False,0
7131885296,10.17605/osf.io/3tczs,,untouched,False,False,0
7131890148,10.17605/osf.io/2be7n,,untouched,False,False,0
7131854560,10.17605/osf.io/gpyu7,,untouched,False,False,0
7131834207,10.17605/osf.io/vc8hs,,untouched,False,False,0
7131865212,10.17605/osf.io/c4ar6,,untouched,False,False,0
7131882047,10.17605/osf.io/u52y3,,untouched,False,False,0
7131885594,10.17605/osf.io/35tgu,,untouched,False,False,0
7131820471,10.17605/osf.io/uyzc4,,untouched,False,False,0
7131900239,10.17605/osf.io/z9emg,,untouched,False,False,0
7131824284,10.17605/osf.io/uc9ny,,untouched,False,False,0
7131869240,10.17605/osf.io/xue5d,,untouched,False,False,0
7131820274,10.17605/osf.io/4n7ef,,untouched,False,False,0
7131863412,10.17605/osf.io/2h47w,,untouched,False,False,0
7131852228,10.17605/osf.io/nmzbh,,untouched,False,False,0
7131842583,10.17605/osf.io/em34f,,untouched,False,False,0
7131905346,10.17605/osf.io/anfk6,,untouched,False,False,0
7131879511,10.17605/osf.io/fhyzs,,untouched,False,False,0
7131899586,10.17605/osf.io/4rjbf,,untouched,False,False,0
7131907611,10.17605/osf.io/as7te,,untouched,False,False,0
7131847604,10.17605/osf.io/rcv49,,untouched,False,False,0
7131845956,10.17605/osf.io/p2st5,,untouched,False,False,0
7131824830,10.17605/osf.io/v8n4x,,untouched,False,False,0
7131849679,10.17605/osf.io/pukd8,,untouched,False,False,0
7131840739,10.17605/osf.io/h2u96,,untouched,False,False,0
7131868475,10.17605/osf.io/vh5u6,,untouched,False,False,0
7131880268,10.17605/osf.io/yujtc,,untouched,False,False,0
7131881502,10.17605/osf.io/4589g,,untouched,False,False,0
7131904367,10.17605/osf.io/vndky,,untouched,False,False,0
7131825012,10.17605/osf.io/8qujb,,untouched,False,False,0
7131891615,10.17605/osf.io/6ye5m,,untouched,False,False,0
7131812472,10.17605/osf.io/pr5jm,,untouched,False,False,0
7131829068,10.17605/osf.io/m4hqw,,untouched,False,False,0
7131810551,10.17605/osf.io/namvy,,untouched,False,False,0
7131904143,10.17605/osf.io/ty5be,,untouched,False,False,0
7131895519,10.17605/osf.io/gdv4x,,untouched,False,False,0
7131889532,10.17605/osf.io/usv5k,,untouched,False,False,0
7131858620,10.17605/osf.io/uzmtn,,untouched,False,False,0
7131870663,10.17605/osf.io/8f5by,,untouched,False,False,0
7131899616,10.17605/osf.io/2v5q9,,untouched,False,False,0
7131846351,10.17605/osf.io/n2dhg,,untouched,False,False,0
7131814205,10.17605/osf.io/f3p2m,,untouched,False,False,0
7131878307,10.17605/osf.io/sv3gb,,untouched,False,False,0
7131901950,10.17605/osf.io/vk2a3,,untouched,False,False,0
7131879059,10.17605/osf.io/qtv6j,,untouched,False,False,0
7131869464,10.17605/osf.io/w56ve,,untouched,False,False,0
7131819824,10.17605/osf.io/xnh2r,,untouched,False,False,0
7131899647,10.17605/osf.io/s5v28,,untouched,False,False,0
7131880972,10.17605/osf.io/2a3fx,,untouched,False,False,0
7131907480,10.17605/osf.io/nruap,,untouched,False,False,0
7131836318,10.17605/osf.io/exrua,,untouched,False,False,0
7131808139,10.17605/osf.io/2dzn7,,untouched,False,False,0
7107960978,10.17605/osf.io/jhrmn,,untouched,False,False,0
6906602314,10.17605/osf.io/u63w2,,untouched,False,False,0
6887625094,10.17605/osf.io/92x6a,,untouched,False,False,0
7133237652,10.17605/osf.io/vymhs,,untouched,False,False,0
7133207630,10.17605/osf.io/8pzw3,,untouched,False,False,0
7133240210,10.17605/osf.io/9m7kp,,untouched,False,False,0
7133995547,10.17605/osf.io/dax9j,,untouched,False,False,0
7134257280,10.17605/osf.io/haz3v,,untouched,False,False,0
7134819727,10.17605/osf.io/zn5pe,,untouched,False,False,0
7134826792,10.17605/osf.io/sj978,,untouched,False,False,0
7134967666,10.17605/osf.io/gmyxw,,untouched,False,False,0
7135073138,10.17605/osf.io/sn2fh,,untouched,False,False,0
7135098162,10.17605/osf.io/rg53e,,untouched,False,False,0
7135089590,10.17605/osf.io/t3wf2,,untouched,False,False,0
7135030620,10.17605/osf.io/xafvm,,untouched,False,False,0
7135053267,10.17605/osf.io/pz5ra,,untouched,False,False,0
7135009229,10.17605/osf.io/57ax9,,untouched,False,False,0
7135186491,10.17605/osf.io/vbgfy,,untouched,False,False,0
7115748082,10.17605/osf.io/2fwbg,,untouched,False,False,0
7139106457,10.17605/osf.io/rfwvu,,untouched,False,False,0
7138928909,10.17605/osf.io/uh2wt,,untouched,False,False,0
7138910065,10.17605/osf.io/zjuwr,,untouched,False,False,0
7139950046,10.17605/osf.io/hfkt9,,untouched,False,False,0
7139963078,10.17605/osf.io/p56dq,,untouched,False,False,0
6906456497,10.17605/osf.io/vqb7y,OSF Preregistration,discard,False,True,6554
6906505503,10.17605/osf.io/34kxc,,untouched,False,False,0
6906464112,10.17605/osf.io/7ef5h,,untouched,False,False,0
6906359068,10.17605/osf.io/ux5te,,untouched,False,False,0
6962349390,10.17605/osf.io/39js8,,untouched,False,False,0
2780490182,10.17605/osf.io/hr2qw,Open-Ended Registration,admit,False,True,113
6962833414,10.17605/osf.io/9mdjf,OSF Preregistration,discard,False,True,7136
6887706028,10.17605/osf.io/5j628,,untouched,False,False,0
6925347629,10.17605/osf.io/4wgzb,Open-Ended Registration,discard,False,True,493
7103146705,10.17605/osf.io/6tgs4,,untouched,False,False,0
7131883002,10.17605/osf.io/2ug8x,,untouched,False,False,0
6887749316,10.17605/osf.io/mr2ae,Open-Ended Registration,admit,False,True,1819
6962912776,10.17605/osf.io/3j2y6,"Pre-Registration in Social Psychology (van 't Veer & Giner-Sorolla, 2016): Pre-Registration",discard,False,True,22990
6925313400,10.17605/osf.io/8qnc5,,untouched,False,False,0
6943728558,10.17605/osf.io/f6w97,Prereg Challenge,discard,False,True,13399
2788333819,10.17605/osf.io/ef59b,,untouched,False,False,0
6887696167,10.17605/osf.io/bqep2,,untouched,False,False,0
6906202824,10.17605/osf.io/rb2zq,,untouched,False,False,0
6906534938,10.17605/osf.io/a2tgb,,untouched,False,False,0
6906495229,10.17605/osf.io/tdbrv,Open-Ended Registration,admit,False,True,96
7079461124,10.17605/osf.io/2v3we,,untouched,False,False,0
7131869924,10.17605/osf.io/p45bu,,untouched,False,False,0
7081651574,10.17605/osf.io/6nh3r,OSF Preregistration,discard,False,True,3044
6962818120,10.17605/osf.io/utd5z,Open-Ended Registration,admit,False,True,96
6887768375,10.17605/osf.io/t54sr,Open-Ended Registration,discard,False,True,50
6906552182,10.17605/osf.io/xcedn,Open-Ended Registration,admit,False,True,96
7081661692,10.17605/osf.io/hr7ds,OSF Preregistration,discard,False,True,3044
6925272314,10.17605/osf.io/f7gav,"Replication Recipe (Brandt et al., 2013): Pre-Registration",discard,False,True,7970
6925449025,10.17605/osf.io/vntra,,untouched,False,False,0
6906233289,10.17605/osf.io/5q6s8,Open-Ended Registration,admit,False,True,96
6906202962,10.17605/osf.io/5rj76,OSF Preregistration,discard,False,True,24495
7118300905,10.17605/osf.io/579bx,,untouched,False,False,0
6887658715,10.17605/osf.io/4syg6,OSF Preregistration,discard,False,True,13949
6943875058,10.17605/osf.io/gzfhv,Open-Ended Registration,admit,False,True,241
6963428969,10.17605/osf.io/nwkyz,,untouched,False,False,0
6962662654,10.17605/osf.io/thqbk,Preregistration Template from AsPredicted.org,discard,False,True,19317
6962733327,10.17605/osf.io/h9sva,,untouched,False,False,0
6925145676,10.17605/osf.io/edvqc,Open-Ended Registration,discard,False,True,983
6887658588,10.17605/osf.io/9crzp,,untouched,False,False,0
2784773977,10.17605/osf.io/g3yvz,Open-Ended Registration,admit,False,True,91
7131837662,10.17605/osf.io/g9v87,,untouched,False,False,0
6887736624,10.17605/osf.io/qbxp7,Open-Ended Registration,admit,False,True,96
6887703818,10.17605/osf.io/q9vax,,untouched,False,False,0
6943947398,10.17605/osf.io/45mvp,,untouched,False,False,0
6944268676,10.17605/osf.io/e7tw2,,untouched,False,False,0
7124811008,10.17605/osf.io/shfk5,,untouched,False,False,0
6906332021,10.17605/osf.io/gpzcw,Open-Ended Registration,admit,False,True,1821
6887756371,10.17605/osf.io/4djr2,,untouched,False,False,0
6962993999,10.17605/osf.io/xaf3w,Open-Ended Registration,admit,False,True,191
6962584904,10.17605/osf.io/94a2w,Preregistration Template from AsPredicted.org,discard,False,True,6104
7131904492,10.17605/osf.io/y47xc,,untouched,False,False,0
7131892270,10.17605/osf.io/jdb7q,,untouched,False,False,0
7131861646,10.17605/osf.io/834de,,untouched,False,False,0
6963012327,10.17605/osf.io/uzfp5,,untouched,False,False,0
6887706388,10.17605/osf.io/jnsw8,OSF Preregistration,discard,False,True,13949
7131841175,10.17605/osf.io/fgx67,,untouched,False,False,0
6906478227,10.17605/osf.io/q2nra,,untouched,False,False,0
6906465279,10.17605/osf.io/jbqe5,,untouched,False,False,0
6925167699,10.17605/osf.io/ug6m9,,untouched,False,False,0
6925334489,10.17605/osf.io/wz268,Registered Report Protocol Preregistration,discard,False,True,993
6962638495,10.17605/osf.io/32g8q,,untouched,False,False,0
6906535277,10.17605/osf.io/k8fph,Open-Ended Registration,admit,False,True,100
6887870908,10.17605/osf.io/tzp35,OSF-Standard Pre-Data Collection Registration,discard,False,True,135
6887711067,10.17605/osf.io/e4xwj,,untouched,False,False,0
6906562354,10.17605/osf.io/mauv9,"Replication Recipe (Brandt et al., 2013): Pre-Registration",discard,False,True,3159
6906498870,10.17605/osf.io/m93hz,,untouched,False,False,0
6906559844,10.17605/osf.io/qsnrz,OSF Preregistration,discard,False,True,13949
6925134871,10.17605/osf.io/svafk,,untouched,False,False,0
6925479973,10.17605/osf.io/k35mj,OSF-Standard Pre-Data Collection Registration,discard,False,True,146
6944020618,10.17605/osf.io/6ysrh,,untouched,False,False,0
6943944934,10.17605/osf.io/7urbz,,untouched,False,False,0
6943844023,10.17605/osf.io/tcbh3,OSF-Standard Pre-Data Collection Registration,discard,False,True,505
6906745799,10.17605/osf.io/qvug2,,untouched,False,False,0
6962320119,10.17605/osf.io/dftmb,Open-Ended Registration,admit,False,True,96
6962787144,10.17605/osf.io/e75a6,,untouched,False,False,0
6962052885,10.17605/osf.io/xe3qg,EGAP Registration,discard,False,True,4888
3093486467,10.17605/osf.io/uafyb,Prereg Challenge,discard,False,True,9680
6887781765,10.17605/osf.io/8f9nj,"Pre-Registration in Social Psychology (van 't Veer & Giner-Sorolla, 2016): Pre-Registration",discard,False,True,13631
6944374919,10.17605/osf.io/e2cpw,OSF-Standard Pre-Data Collection Registration,discard,False,True,135
6887811568,10.17605/osf.io/pztcv,Prereg Challenge,discard,False,True,5219
6943870429,10.17605/osf.io/j3ue4,,untouched,False,False,0
6943931370,10.17605/osf.io/gu3bx,Open-Ended Registration,admit,False,True,96
6944241924,10.17605/osf.io/37tfu,OSF Preregistration,discard,False,True,3762
7131874048,10.17605/osf.io/rgtnm,,untouched,False,False,0
6906298936,10.17605/osf.io/c7sry,Prereg Challenge,discard,False,True,4880
6887755498,10.17605/osf.io/s3qnw,,untouched,False,False,0
6887703613,10.17605/osf.io/h2pqu,,untouched,False,False,0
3213628987,10.17605/osf.io/knjhu,,untouched,False,False,0
6887819629,10.17605/osf.io/uc2wh,OSF-Standard Pre-Data Collection Registration,discard,False,True,503
6925020588,10.17605/osf.io/uctnj,,untouched,False,False,0
6962780029,10.17605/osf.io/7zab3,,untouched,False,False,0
7131868452,10.17605/osf.io/jxd7b,,untouched,False,False,0
6962433839,10.17605/osf.io/4f5zp,OSF-Standard Pre-Data Collection Registration,discard,False,True,770
6962847357,10.17605/osf.io/8wsgu,OSF Preregistration,discard,False,True,14505
6963033062,10.17605/osf.io/7ed5t,OSF Preregistration,discard,False,True,13949
6963277958,10.17605/osf.io/e9x8j,OSF Preregistration,discard,False,True,19975
6925093824,10.17605/osf.io/7bfwq,,untouched,False,False,0
6887714694,10.17605/osf.io/ebwfp,,untouched,False,False,0
6925225183,10.17605/osf.io/e2nmk,OSF-Standard Pre-Data Collection Registration,discard,False,True,507
6925553080,10.17605/osf.io/g5hrv,Preregistration Template from AsPredicted.org,discard,False,True,50526
6887715118,10.17605/osf.io/39u5r,OSF Preregistration,discard,False,True,19379
7081666675,10.17605/osf.io/b3mcp,OSF Preregistration,discard,False,True,3044
7140041703,10.17605/osf.io/xmw7t,,untouched,False,False,0
6906159368,10.17605/osf.io/3bz2g,,untouched,False,False,0
6962541712,10.17605/osf.io/bkjtn,Open-Ended Registration,admit,False,True,815
7131891662,10.17605/osf.io/7k8sy,,untouched,False,False,0
7131857572,10.17605/osf.io/qe8sp,,untouched,False,False,0
6887690796,10.17605/osf.io/x35su,EGAP Registration,discard,False,True,1154
6906642136,10.17605/osf.io/jmknw,,untouched,False,False,0
6962505606,10.17605/osf.io/2c65s,,untouched,False,False,0
7081667060,10.17605/osf.io/d4w3r,OSF Preregistration,discard,False,True,3044
6887808377,10.17605/osf.io/qy4zb,Open-Ended Registration,admit,False,True,184
6943794154,10.17605/osf.io/42tys,OSF-Standard Pre-Data Collection Registration,discard,False,True,135
6944000634,10.17605/osf.io/b25tr,,untouched,False,False,0
6944250897,10.17605/osf.io/987nz,EGAP Registration,discard,False,True,10691
6944001816,10.17605/osf.io/p7ka6,,untouched,False,False,0
6925232450,10.17605/osf.io/s35b9,Prereg Challenge,discard,False,True,27573
2815290810,10.17605/osf.io/r942e,,untouched,False,False,0
7141574184,10.17605/osf.io/nj4z3,,untouched,False,False,0
7143323158,10.17605/osf.io/cfdzk,,untouched,False,False,0
7083704566,10.17605/osf.io/g2mqt,Preregistration Template from AsPredicted.org,discard,False,True,11920
7148344771,10.17605/osf.io/r97ny,,untouched,False,False,0
7148895281,10.17605/osf.io/7ng4x,,untouched,False,False,0
7151496571,10.17605/osf.io/wc8kj,,untouched,False,False,0
7151581940,10.17605/osf.io/nqkc2,,untouched,False,False,0
7151287712,10.17605/osf.io/z2bgj,OSF-Standard Pre-Data Collection Registration,discard,False,True,1053
7124962633,10.17605/osf.io/6wgr5,,untouched,False,False,0
7154937304,10.17605/osf.io/uv9sn,,untouched,False,False,0
7155030241,10.17605/osf.io/py4cm,,untouched,False,False,0
7155515323,10.17605/osf.io/k8fu7,,untouched,False,False,0
7155697652,10.17605/osf.io/w8zjx,,untouched,False,False,0
7156170590,10.17605/osf.io/bj4e5,,untouched,False,False,0
7157601460,10.17605/osf.io/reqfm,,untouched,False,False,0
7158118119,10.17605/osf.io/ahqe8,,untouched,False,False,0
7159012025,10.17605/osf.io/hfr58,,untouched,False,False,0
7158580146,10.17605/osf.io/ty2vz,,untouched,False,False,0
7160196767,10.17605/osf.io/vbxwu,,untouched,False,False,0
7160408702,10.17605/osf.io/wy6hd,,untouched,False,False,0
7160403509,10.17605/osf.io/p284d,,untouched,False,False,0
7160385271,10.17605/osf.io/nswxj,,untouched,False,False,0
7160236346,10.17605/osf.io/f5m9v,,untouched,False,False,0
7160564389,10.17605/osf.io/mxdt2,,untouched,False,False,0
7160594202,10.17605/osf.io/y7rgk,,untouched,False,False,0
7160925423,10.17605/osf.io/84vnw,,untouched,False,False,0
7161028748,10.17605/osf.io/34ug9,,untouched,False,False,0
7161481958,10.17605/osf.io/f547w,,untouched,False,False,0
7161477088,10.17605/osf.io/nqyt2,,untouched,False,False,0
7161583002,10.17605/osf.io/psjwv,,untouched,False,False,0
7161758212,10.17605/osf.io/k3rzt,,untouched,False,False,0
2914217573,10.17605/osf.io/vuj8r,,untouched,False,False,0
7162249707,10.17605/osf.io/nkq58,,untouched,False,False,0
7162299649,10.17605/osf.io/4w5cm,,untouched,False,False,0
7162808952,10.17605/osf.io/3tj27,,untouched,False,False,0
7162936784,10.17605/osf.io/rwex4,,untouched,False,False,0
7162936146,10.17605/osf.io/y4wf3,,untouched,False,False,0
7163016878,10.17605/osf.io/uhe7y,,untouched,False,False,0
7163027583,10.17605/osf.io/qsrpb,,untouched,False,False,0
7163654608,10.17605/osf.io/wz7bq,,untouched,False,False,0
7163743857,10.17605/osf.io/4287g,,untouched,False,False,0
7164000980,10.17605/osf.io/bt4du,,untouched,False,False,0
7164205838,10.17605/osf.io/sahr7,,untouched,False,False,0
6925340976,10.17605/osf.io/8nyke,,untouched,False,False,0
6887835723,10.17605/osf.io/s5u3k,,untouched,False,False,0
7164415729,10.17605/osf.io/un4f8,,untouched,False,False,0
7164413578,10.17605/osf.io/yphzr,,untouched,False,False,0
7164683630,10.17605/osf.io/pcmt7,,untouched,False,False,0
7164759168,10.17605/osf.io/z85tg,,untouched,False,False,0
7164882690,10.17605/osf.io/gv3ca,,untouched,False,False,0
7164937493,10.17605/osf.io/z8ut2,,untouched,False,False,0
7165473742,10.17605/osf.io/y7fdg,,untouched,False,False,0
7165558846,10.17605/osf.io/xr49f,,untouched,False,False,0
7165520156,10.17605/osf.io/prwy7,,untouched,False,False,0
7165372164,10.17605/osf.io/apvyr,,untouched,False,False,0
2906605235,10.17605/osf.io/bvqct,OSF-Standard Pre-Data Collection Registration,discard,False,True,146
6925485672,10.17605/osf.io/jvqdg,,untouched,False,False,0
6963109387,10.17605/osf.io/ahzdv,,untouched,False,False,0
7110794407,10.17605/osf.io/k7vpq,,untouched,False,False,0
7165892816,10.17605/osf.io/4w7ra,,untouched,False,False,0
6906524485,10.17605/osf.io/wg7ap,Prereg Challenge,discard,False,True,5397
6944119023,10.17605/osf.io/b2dp7,,untouched,False,False,0
6925250705,10.17605/osf.io/gf7b9,OSF-Standard Pre-Data Collection Registration,discard,False,True,941
6887818784,10.17605/osf.io/xcnjb,OSF Preregistration,discard,False,True,23244
6943708405,10.17605/osf.io/5rcef,OSF Preregistration,discard,False,True,23196
6925191601,10.17605/osf.io/g57n2,Prereg Challenge,discard,False,True,22627
6925262590,10.17605/osf.io/7qpwe,Open-Ended Registration,admit,False,True,140
